id,transaction_type,transaction_date,account,vehicle_id,customer_id,amount,description
1,revenue,2025-08-28,Revenue - Transport Services,1,1,101381.69,Revenue 2025-08 | BUS-101 | ABC Logistics Pvt Ltd
2,revenue,2025-08-28,Revenue - Transport Services,1,7,120302.87,Revenue 2025-08 | BUS-101 | PQR Infrastructure
3,revenue,2025-09-28,Revenue - Transport Services,1,7,280939.03,Revenue 2025-09 | BUS-101 | PQR Infrastructure
4,revenue,2025-08-28,Revenue - Transport Services,1,2,89536.36,Revenue 2025-08 | BUS-101 | XYZ Manufacturing Ltd
5,revenue,2025-08-28,Revenue - Transport Services,1,4,135015.49,Revenue 2025-08 | BUS-101 | GHI Travels & Tours
6,revenue,2025-09-28,Revenue - Transport Services,1,4,372805.08,Revenue 2025-09 | BUS-101 | GHI Travels & Tours
7,revenue,2025-09-28,Revenue - Transport Services,1,6,68770.62,Revenue 2025-09 | BUS-101 | MNO Textiles
8,revenue,2025-08-28,Revenue - Transport Services,1,6,59470.68,Revenue 2025-08 | BUS-101 | MNO Textiles
9,revenue,2025-08-28,Revenue - Transport Services,1,3,142415.48,Revenue 2025-08 | BUS-101 | DEF Industries
10,revenue,2025-09-28,Revenue - Transport Services,1,2,115283.09,Revenue 2025-09 | BUS-101 | XYZ Manufacturing Ltd
11,revenue,2025-08-28,Revenue - Transport Services,1,5,34981.67,Revenue 2025-08 | BUS-101 | JKL Pharma Ltd
12,revenue,2025-09-28,Revenue - Transport Services,1,3,195213.08,Revenue 2025-09 | BUS-101 | DEF Industries
13,revenue,2025-09-28,Revenue - Transport Services,1,5,131833.24,Revenue 2025-09 | BUS-101 | JKL Pharma Ltd
14,revenue,2025-09-28,Revenue - Transport Services,1,1,123815.06,Revenue 2025-09 | BUS-101 | ABC Logistics Pvt Ltd
15,revenue,2025-09-28,Revenue - Transport Services,1,8,201121.68,Revenue 2025-09 | BUS-101 | STU Exports Ltd
16,revenue,2025-08-28,Revenue - Transport Services,1,8,19461.96,Revenue 2025-08 | BUS-101 | STU Exports Ltd
17,revenue,2025-10-28,Revenue - Transport Services,1,1,353326.32,Revenue 2025-10 | BUS-101 | ABC Logistics Pvt Ltd
18,revenue,2025-10-28,Revenue - Transport Services,1,3,196372.47,Revenue 2025-10 | BUS-101 | DEF Industries
19,revenue,2025-10-28,Revenue - Transport Services,1,5,136450.62,Revenue 2025-10 | BUS-101 | JKL Pharma Ltd
20,revenue,2025-10-28,Revenue - Transport Services,1,4,173509.61,Revenue 2025-10 | BUS-101 | GHI Travels & Tours
21,revenue,2025-10-28,Revenue - Transport Services,1,6,264679.77,Revenue 2025-10 | BUS-101 | MNO Textiles
22,revenue,2025-10-28,Revenue - Transport Services,1,7,178089.41,Revenue 2025-10 | BUS-101 | PQR Infrastructure
23,revenue,2025-10-28,Revenue - Transport Services,1,8,286725.4,Revenue 2025-10 | BUS-101 | STU Exports Ltd
24,revenue,2025-10-28,Revenue - Transport Services,1,2,166722.65,Revenue 2025-10 | BUS-101 | XYZ Manufacturing Ltd
25,revenue,2025-11-28,Revenue - Transport Services,1,6,105978.09,Revenue 2025-11 | BUS-101 | MNO Textiles
26,revenue,2025-11-28,Revenue - Transport Services,1,8,411154.87,Revenue 2025-11 | BUS-101 | STU Exports Ltd
27,revenue,2025-11-28,Revenue - Transport Services,1,2,338566.86,Revenue 2025-11 | BUS-101 | XYZ Manufacturing Ltd
28,revenue,2025-11-28,Revenue - Transport Services,1,3,257843.04,Revenue 2025-11 | BUS-101 | DEF Industries
29,revenue,2025-11-28,Revenue - Transport Services,1,7,139775.37,Revenue 2025-11 | BUS-101 | PQR Infrastructure
30,revenue,2025-11-28,Revenue - Transport Services,1,4,128092.67,Revenue 2025-11 | BUS-101 | GHI Travels & Tours
31,revenue,2025-11-28,Revenue - Transport Services,1,5,283893.2,Revenue 2025-11 | BUS-101 | JKL Pharma Ltd
32,revenue,2025-11-28,Revenue - Transport Services,1,1,155621.43,Revenue 2025-11 | BUS-101 | ABC Logistics Pvt Ltd
33,revenue,2025-12-28,Revenue - Transport Services,1,1,454495.54,Revenue 2025-12 | BUS-101 | ABC Logistics Pvt Ltd
34,revenue,2025-12-28,Revenue - Transport Services,1,5,61333.72,Revenue 2025-12 | BUS-101 | JKL Pharma Ltd
35,revenue,2025-12-28,Revenue - Transport Services,1,6,277782.33,Revenue 2025-12 | BUS-101 | MNO Textiles
36,revenue,2025-12-28,Revenue - Transport Services,1,8,272843.72,Revenue 2025-12 | BUS-101 | STU Exports Ltd
37,revenue,2025-12-28,Revenue - Transport Services,1,2,257894.29,Revenue 2025-12 | BUS-101 | XYZ Manufacturing Ltd
38,revenue,2025-12-28,Revenue - Transport Services,1,3,220136.55,Revenue 2025-12 | BUS-101 | DEF Industries
39,revenue,2025-12-28,Revenue - Transport Services,1,7,145316.88,Revenue 2025-12 | BUS-101 | PQR Infrastructure
40,revenue,2025-12-28,Revenue - Transport Services,1,4,83670.84,Revenue 2025-12 | BUS-101 | GHI Travels & Tours
41,revenue,2026-01-28,Revenue - Transport Services,1,6,234179.04,Revenue 2026-01 | BUS-101 | MNO Textiles
42,revenue,2026-01-28,Revenue - Transport Services,1,1,153966.48,Revenue 2026-01 | BUS-101 | ABC Logistics Pvt Ltd
43,revenue,2026-01-28,Revenue - Transport Services,1,5,167443.62,Revenue 2026-01 | BUS-101 | JKL Pharma Ltd
44,revenue,2026-01-28,Revenue - Transport Services,1,8,261137.6,Revenue 2026-01 | BUS-101 | STU Exports Ltd
45,revenue,2026-01-28,Revenue - Transport Services,1,2,243202.57,Revenue 2026-01 | BUS-101 | XYZ Manufacturing Ltd
46,revenue,2026-01-28,Revenue - Transport Services,1,3,372568.75,Revenue 2026-01 | BUS-101 | DEF Industries
47,revenue,2026-01-28,Revenue - Transport Services,1,7,319972.72,Revenue 2026-01 | BUS-101 | PQR Infrastructure
48,revenue,2026-02-28,Revenue - Transport Services,1,3,243851.07,Revenue 2026-02 | BUS-101 | DEF Industries
49,revenue,2026-02-28,Revenue - Transport Services,1,6,205367.94,Revenue 2026-02 | BUS-101 | MNO Textiles
50,revenue,2026-02-28,Revenue - Transport Services,1,7,116270.57,Revenue 2026-02 | BUS-101 | PQR Infrastructure
51,revenue,2026-02-28,Revenue - Transport Services,1,2,121277.89,Revenue 2026-02 | BUS-101 | XYZ Manufacturing Ltd
52,revenue,2026-02-28,Revenue - Transport Services,1,8,444106.73,Revenue 2026-02 | BUS-101 | STU Exports Ltd
53,revenue,2026-02-28,Revenue - Transport Services,1,5,227877.45,Revenue 2026-02 | BUS-101 | JKL Pharma Ltd
54,revenue,2026-01-28,Revenue - Transport Services,1,4,43089.76,Revenue 2026-01 | BUS-101 | GHI Travels & Tours
55,revenue,2026-02-28,Revenue - Transport Services,1,4,137650.37,Revenue 2026-02 | BUS-101 | GHI Travels & Tours
56,revenue,2026-02-28,Revenue - Transport Services,1,1,200745.38,Revenue 2026-02 | BUS-101 | ABC Logistics Pvt Ltd
57,revenue,2026-03-28,Revenue - Transport Services,1,8,87100.79,Revenue 2026-03 | BUS-101 | STU Exports Ltd
58,revenue,2026-03-28,Revenue - Transport Services,1,6,237180.8,Revenue 2026-03 | BUS-101 | MNO Textiles
59,revenue,2026-03-28,Revenue - Transport Services,1,2,307595.94,Revenue 2026-03 | BUS-101 | XYZ Manufacturing Ltd
60,revenue,2026-03-28,Revenue - Transport Services,1,4,188570.53,Revenue 2026-03 | BUS-101 | GHI Travels & Tours
61,revenue,2026-03-28,Revenue - Transport Services,1,1,247821.76,Revenue 2026-03 | BUS-101 | ABC Logistics Pvt Ltd
62,revenue,2026-03-28,Revenue - Transport Services,1,7,268479.09,Revenue 2026-03 | BUS-101 | PQR Infrastructure
63,revenue,2026-03-28,Revenue - Transport Services,1,3,252604.65,Revenue 2026-03 | BUS-101 | DEF Industries
64,revenue,2026-03-28,Revenue - Transport Services,1,5,190429.91,Revenue 2026-03 | BUS-101 | JKL Pharma Ltd
65,revenue,2026-04-28,Revenue - Transport Services,1,1,165244.85,Revenue 2026-04 | BUS-101 | ABC Logistics Pvt Ltd
66,revenue,2026-04-28,Revenue - Transport Services,1,6,202971.54,Revenue 2026-04 | BUS-101 | MNO Textiles
67,revenue,2026-04-28,Revenue - Transport Services,1,2,163400.21,Revenue 2026-04 | BUS-101 | XYZ Manufacturing Ltd
68,revenue,2026-04-28,Revenue - Transport Services,1,5,218425.56,Revenue 2026-04 | BUS-101 | JKL Pharma Ltd
69,revenue,2026-04-28,Revenue - Transport Services,1,8,425126.22,Revenue 2026-04 | BUS-101 | STU Exports Ltd
70,revenue,2026-04-28,Revenue - Transport Services,1,3,171957.69,Revenue 2026-04 | BUS-101 | DEF Industries
71,revenue,2026-04-28,Revenue - Transport Services,1,7,108531.99,Revenue 2026-04 | BUS-101 | PQR Infrastructure
72,revenue,2026-04-28,Revenue - Transport Services,1,4,184936.55,Revenue 2026-04 | BUS-101 | GHI Travels & Tours
73,revenue,2026-05-28,Revenue - Transport Services,1,8,275358.29,Revenue 2026-05 | BUS-101 | STU Exports Ltd
74,revenue,2026-05-28,Revenue - Transport Services,1,2,328883.83,Revenue 2026-05 | BUS-101 | XYZ Manufacturing Ltd
75,revenue,2026-05-28,Revenue - Transport Services,1,6,174794.25,Revenue 2026-05 | BUS-101 | MNO Textiles
76,revenue,2026-05-28,Revenue - Transport Services,1,1,252680.44,Revenue 2026-05 | BUS-101 | ABC Logistics Pvt Ltd
77,revenue,2026-05-28,Revenue - Transport Services,1,4,257819.78,Revenue 2026-05 | BUS-101 | GHI Travels & Tours
78,revenue,2026-05-28,Revenue - Transport Services,1,3,311806.2,Revenue 2026-05 | BUS-101 | DEF Industries
79,revenue,2026-05-28,Revenue - Transport Services,1,5,165082.84,Revenue 2026-05 | BUS-101 | JKL Pharma Ltd
80,revenue,2026-05-28,Revenue - Transport Services,1,7,171807.39,Revenue 2026-05 | BUS-101 | PQR Infrastructure
81,revenue,2026-06-28,Revenue - Transport Services,1,1,294411.76,Revenue 2026-06 | BUS-101 | ABC Logistics Pvt Ltd
82,revenue,2026-06-28,Revenue - Transport Services,1,7,163973.23,Revenue 2026-06 | BUS-101 | PQR Infrastructure
83,revenue,2026-06-28,Revenue - Transport Services,1,6,331507.22,Revenue 2026-06 | BUS-101 | MNO Textiles
84,revenue,2026-06-28,Revenue - Transport Services,1,2,250594.53,Revenue 2026-06 | BUS-101 | XYZ Manufacturing Ltd
85,revenue,2026-06-28,Revenue - Transport Services,1,5,148365.46,Revenue 2026-06 | BUS-101 | JKL Pharma Ltd
86,revenue,2026-06-28,Revenue - Transport Services,1,4,185986.27,Revenue 2026-06 | BUS-101 | GHI Travels & Tours
87,revenue,2026-06-28,Revenue - Transport Services,1,3,216064.22,Revenue 2026-06 | BUS-101 | DEF Industries
88,revenue,2026-07-28,Revenue - Transport Services,1,2,226257.67,Revenue 2026-07 | BUS-101 | XYZ Manufacturing Ltd
89,revenue,2026-07-28,Revenue - Transport Services,1,1,287168.38,Revenue 2026-07 | BUS-101 | ABC Logistics Pvt Ltd
90,revenue,2026-07-28,Revenue - Transport Services,1,7,201480.85,Revenue 2026-07 | BUS-101 | PQR Infrastructure
91,revenue,2026-07-28,Revenue - Transport Services,1,8,222527.55,Revenue 2026-07 | BUS-101 | STU Exports Ltd
92,revenue,2026-07-28,Revenue - Transport Services,1,5,122078.62,Revenue 2026-07 | BUS-101 | JKL Pharma Ltd
93,revenue,2026-07-28,Revenue - Transport Services,1,3,197626.53,Revenue 2026-07 | BUS-101 | DEF Industries
94,revenue,2026-07-28,Revenue - Transport Services,1,4,121998.94,Revenue 2026-07 | BUS-101 | GHI Travels & Tours
95,revenue,2026-07-28,Revenue - Transport Services,1,6,265232.2,Revenue 2026-07 | BUS-101 | MNO Textiles
96,revenue,2026-06-28,Revenue - Transport Services,1,8,19257.31,Revenue 2026-06 | BUS-101 | STU Exports Ltd
97,revenue,2026-08-28,Revenue - Transport Services,1,5,179663.19,Revenue 2026-08 | BUS-101 | JKL Pharma Ltd
98,revenue,2026-08-28,Revenue - Transport Services,1,1,199768.54,Revenue 2026-08 | BUS-101 | ABC Logistics Pvt Ltd
99,revenue,2026-08-28,Revenue - Transport Services,1,2,151280.04,Revenue 2026-08 | BUS-101 | XYZ Manufacturing Ltd
100,revenue,2026-08-28,Revenue - Transport Services,1,7,99248.7,Revenue 2026-08 | BUS-101 | PQR Infrastructure
101,revenue,2026-08-28,Revenue - Transport Services,1,6,74357.01,Revenue 2026-08 | BUS-101 | MNO Textiles
102,revenue,2026-08-28,Revenue - Transport Services,1,8,144517.56,Revenue 2026-08 | BUS-101 | STU Exports Ltd
103,revenue,2026-08-28,Revenue - Transport Services,1,4,176041.55,Revenue 2026-08 | BUS-101 | GHI Travels & Tours
104,revenue,2026-08-28,Revenue - Transport Services,1,3,74175.71,Revenue 2026-08 | BUS-101 | DEF Industries
105,revenue,2025-09-28,Revenue - Transport Services,2,2,217780.09,Revenue 2025-09 | BUS-102 | XYZ Manufacturing Ltd
106,revenue,2025-08-28,Revenue - Transport Services,2,7,26892.41,Revenue 2025-08 | BUS-102 | PQR Infrastructure
107,revenue,2025-08-28,Revenue - Transport Services,2,2,126943.8,Revenue 2025-08 | BUS-102 | XYZ Manufacturing Ltd
108,revenue,2025-09-28,Revenue - Transport Services,2,5,119263.28,Revenue 2025-09 | BUS-102 | JKL Pharma Ltd
109,revenue,2025-09-28,Revenue - Transport Services,2,3,149263.01,Revenue 2025-09 | BUS-102 | DEF Industries
110,revenue,2025-09-28,Revenue - Transport Services,2,1,95722.45,Revenue 2025-09 | BUS-102 | ABC Logistics Pvt Ltd
111,revenue,2025-08-28,Revenue - Transport Services,2,3,173688.87,Revenue 2025-08 | BUS-102 | DEF Industries
112,revenue,2025-08-28,Revenue - Transport Services,2,5,48196.14,Revenue 2025-08 | BUS-102 | JKL Pharma Ltd
113,revenue,2025-09-28,Revenue - Transport Services,2,6,209133.31,Revenue 2025-09 | BUS-102 | MNO Textiles
114,revenue,2025-08-28,Revenue - Transport Services,2,1,36471.62,Revenue 2025-08 | BUS-102 | ABC Logistics Pvt Ltd
115,revenue,2025-08-28,Revenue - Transport Services,2,6,17080.07,Revenue 2025-08 | BUS-102 | MNO Textiles
116,revenue,2025-09-28,Revenue - Transport Services,2,8,149534.08,Revenue 2025-09 | BUS-102 | STU Exports Ltd
117,revenue,2025-08-28,Revenue - Transport Services,2,8,63023.93,Revenue 2025-08 | BUS-102 | STU Exports Ltd
118,revenue,2025-09-28,Revenue - Transport Services,2,4,123141.81,Revenue 2025-09 | BUS-102 | GHI Travels & Tours
119,revenue,2025-10-28,Revenue - Transport Services,2,2,63602.48,Revenue 2025-10 | BUS-102 | XYZ Manufacturing Ltd
120,revenue,2025-10-28,Revenue - Transport Services,2,7,377010.78,Revenue 2025-10 | BUS-102 | PQR Infrastructure
121,revenue,2025-09-28,Revenue - Transport Services,2,7,82598.99,Revenue 2025-09 | BUS-102 | PQR Infrastructure
122,revenue,2025-10-28,Revenue - Transport Services,2,1,92689.52,Revenue 2025-10 | BUS-102 | ABC Logistics Pvt Ltd
123,revenue,2025-10-28,Revenue - Transport Services,2,3,89274.91,Revenue 2025-10 | BUS-102 | DEF Industries
124,revenue,2025-10-28,Revenue - Transport Services,2,5,113608.42,Revenue 2025-10 | BUS-102 | JKL Pharma Ltd
125,revenue,2025-10-28,Revenue - Transport Services,2,4,170141.64,Revenue 2025-10 | BUS-102 | GHI Travels & Tours
126,revenue,2025-10-28,Revenue - Transport Services,2,8,140809.89,Revenue 2025-10 | BUS-102 | STU Exports Ltd
127,revenue,2025-10-28,Revenue - Transport Services,2,6,106205.92,Revenue 2025-10 | BUS-102 | MNO Textiles
128,revenue,2025-11-28,Revenue - Transport Services,2,7,49354.47,Revenue 2025-11 | BUS-102 | PQR Infrastructure
129,revenue,2025-11-28,Revenue - Transport Services,2,5,205656.81,Revenue 2025-11 | BUS-102 | JKL Pharma Ltd
130,revenue,2025-11-28,Revenue - Transport Services,2,1,212533.94,Revenue 2025-11 | BUS-102 | ABC Logistics Pvt Ltd
131,revenue,2025-11-28,Revenue - Transport Services,2,3,125313.78,Revenue 2025-11 | BUS-102 | DEF Industries
132,revenue,2025-11-28,Revenue - Transport Services,2,6,131972.09,Revenue 2025-11 | BUS-102 | MNO Textiles
133,revenue,2025-11-28,Revenue - Transport Services,2,8,152579.13,Revenue 2025-11 | BUS-102 | STU Exports Ltd
134,revenue,2025-11-28,Revenue - Transport Services,2,2,97716.92,Revenue 2025-11 | BUS-102 | XYZ Manufacturing Ltd
135,revenue,2025-11-28,Revenue - Transport Services,2,4,265966.93,Revenue 2025-11 | BUS-102 | GHI Travels & Tours
136,revenue,2025-12-28,Revenue - Transport Services,2,2,95726.96,Revenue 2025-12 | BUS-102 | XYZ Manufacturing Ltd
137,revenue,2025-12-28,Revenue - Transport Services,2,4,221519.11,Revenue 2025-12 | BUS-102 | GHI Travels & Tours
138,revenue,2025-12-28,Revenue - Transport Services,2,8,201487.16,Revenue 2025-12 | BUS-102 | STU Exports Ltd
139,revenue,2025-12-28,Revenue - Transport Services,2,1,226405.22,Revenue 2025-12 | BUS-102 | ABC Logistics Pvt Ltd
140,revenue,2025-12-28,Revenue - Transport Services,2,6,138430.64,Revenue 2025-12 | BUS-102 | MNO Textiles
141,revenue,2025-12-28,Revenue - Transport Services,2,3,226970.1,Revenue 2025-12 | BUS-102 | DEF Industries
142,revenue,2025-12-28,Revenue - Transport Services,2,5,71942.49,Revenue 2025-12 | BUS-102 | JKL Pharma Ltd
143,revenue,2026-01-28,Revenue - Transport Services,2,3,272602.36,Revenue 2026-01 | BUS-102 | DEF Industries
144,revenue,2026-01-28,Revenue - Transport Services,2,5,80969.93,Revenue 2026-01 | BUS-102 | JKL Pharma Ltd
145,revenue,2026-01-28,Revenue - Transport Services,2,7,129236.91,Revenue 2026-01 | BUS-102 | PQR Infrastructure
146,revenue,2026-01-28,Revenue - Transport Services,2,2,121990.44,Revenue 2026-01 | BUS-102 | XYZ Manufacturing Ltd
147,revenue,2026-01-28,Revenue - Transport Services,2,8,157250.37,Revenue 2026-01 | BUS-102 | STU Exports Ltd
148,revenue,2025-12-28,Revenue - Transport Services,2,7,27278.12,Revenue 2025-12 | BUS-102 | PQR Infrastructure
149,revenue,2026-01-28,Revenue - Transport Services,2,1,128724.08,Revenue 2026-01 | BUS-102 | ABC Logistics Pvt Ltd
150,revenue,2026-01-28,Revenue - Transport Services,2,4,213996.88,Revenue 2026-01 | BUS-102 | GHI Travels & Tours
151,revenue,2026-01-28,Revenue - Transport Services,2,6,120950.47,Revenue 2026-01 | BUS-102 | MNO Textiles
152,revenue,2026-02-28,Revenue - Transport Services,2,8,121161.94,Revenue 2026-02 | BUS-102 | STU Exports Ltd
153,revenue,2026-02-28,Revenue - Transport Services,2,1,146489.19,Revenue 2026-02 | BUS-102 | ABC Logistics Pvt Ltd
154,revenue,2026-02-28,Revenue - Transport Services,2,7,198554.13,Revenue 2026-02 | BUS-102 | PQR Infrastructure
155,revenue,2026-02-28,Revenue - Transport Services,2,2,147108.09,Revenue 2026-02 | BUS-102 | XYZ Manufacturing Ltd
156,revenue,2026-02-28,Revenue - Transport Services,2,6,149040.29,Revenue 2026-02 | BUS-102 | MNO Textiles
157,revenue,2026-02-28,Revenue - Transport Services,2,3,144380.7,Revenue 2026-02 | BUS-102 | DEF Industries
158,revenue,2026-02-28,Revenue - Transport Services,2,4,163402.86,Revenue 2026-02 | BUS-102 | GHI Travels & Tours
159,revenue,2026-03-28,Revenue - Transport Services,2,2,195090.62,Revenue 2026-03 | BUS-102 | XYZ Manufacturing Ltd
160,revenue,2026-02-28,Revenue - Transport Services,2,5,61733.12,Revenue 2026-02 | BUS-102 | JKL Pharma Ltd
161,revenue,2026-03-28,Revenue - Transport Services,2,8,277572.31,Revenue 2026-03 | BUS-102 | STU Exports Ltd
162,revenue,2026-03-28,Revenue - Transport Services,2,1,207218.05,Revenue 2026-03 | BUS-102 | ABC Logistics Pvt Ltd
163,revenue,2026-03-28,Revenue - Transport Services,2,5,112493.22,Revenue 2026-03 | BUS-102 | JKL Pharma Ltd
164,revenue,2026-03-28,Revenue - Transport Services,2,3,169030.19,Revenue 2026-03 | BUS-102 | DEF Industries
165,revenue,2026-03-28,Revenue - Transport Services,2,7,84220.36,Revenue 2026-03 | BUS-102 | PQR Infrastructure
166,revenue,2026-03-28,Revenue - Transport Services,2,6,74759.78,Revenue 2026-03 | BUS-102 | MNO Textiles
167,revenue,2026-03-28,Revenue - Transport Services,2,4,215439.54,Revenue 2026-03 | BUS-102 | GHI Travels & Tours
168,revenue,2026-04-28,Revenue - Transport Services,2,2,152454.21,Revenue 2026-04 | BUS-102 | XYZ Manufacturing Ltd
169,revenue,2026-04-28,Revenue - Transport Services,2,6,182858.61,Revenue 2026-04 | BUS-102 | MNO Textiles
170,revenue,2026-04-28,Revenue - Transport Services,2,3,230696.63,Revenue 2026-04 | BUS-102 | DEF Industries
171,revenue,2026-04-28,Revenue - Transport Services,2,7,107346.66,Revenue 2026-04 | BUS-102 | PQR Infrastructure
172,revenue,2026-04-28,Revenue - Transport Services,2,5,94238.56,Revenue 2026-04 | BUS-102 | JKL Pharma Ltd
173,revenue,2026-04-28,Revenue - Transport Services,2,4,229159.29,Revenue 2026-04 | BUS-102 | GHI Travels & Tours
174,revenue,2026-04-28,Revenue - Transport Services,2,8,76070.17,Revenue 2026-04 | BUS-102 | STU Exports Ltd
175,revenue,2026-05-28,Revenue - Transport Services,2,1,332001.77,Revenue 2026-05 | BUS-102 | ABC Logistics Pvt Ltd
176,revenue,2026-05-28,Revenue - Transport Services,2,7,243932.52,Revenue 2026-05 | BUS-102 | PQR Infrastructure
177,revenue,2026-05-28,Revenue - Transport Services,2,6,93429.37,Revenue 2026-05 | BUS-102 | MNO Textiles
178,revenue,2026-05-28,Revenue - Transport Services,2,8,284520.52,Revenue 2026-05 | BUS-102 | STU Exports Ltd
179,revenue,2026-05-28,Revenue - Transport Services,2,3,220576.62,Revenue 2026-05 | BUS-102 | DEF Industries
180,revenue,2026-05-28,Revenue - Transport Services,2,2,128243.85,Revenue 2026-05 | BUS-102 | XYZ Manufacturing Ltd
181,revenue,2026-05-28,Revenue - Transport Services,2,5,126747.15,Revenue 2026-05 | BUS-102 | JKL Pharma Ltd
182,revenue,2026-04-28,Revenue - Transport Services,2,1,18847.64,Revenue 2026-04 | BUS-102 | ABC Logistics Pvt Ltd
183,revenue,2026-06-28,Revenue - Transport Services,2,2,94222.72,Revenue 2026-06 | BUS-102 | XYZ Manufacturing Ltd
184,revenue,2026-06-28,Revenue - Transport Services,2,6,258599.27,Revenue 2026-06 | BUS-102 | MNO Textiles
185,revenue,2026-06-28,Revenue - Transport Services,2,8,240417.65,Revenue 2026-06 | BUS-102 | STU Exports Ltd
186,revenue,2026-06-28,Revenue - Transport Services,2,7,126425.1,Revenue 2026-06 | BUS-102 | PQR Infrastructure
187,revenue,2026-06-28,Revenue - Transport Services,2,1,15865.78,Revenue 2026-06 | BUS-102 | ABC Logistics Pvt Ltd
188,revenue,2026-06-28,Revenue - Transport Services,2,4,102210.4,Revenue 2026-06 | BUS-102 | GHI Travels & Tours
189,revenue,2026-06-28,Revenue - Transport Services,2,3,124606.07,Revenue 2026-06 | BUS-102 | DEF Industries
190,revenue,2026-06-28,Revenue - Transport Services,2,5,114983.81,Revenue 2026-06 | BUS-102 | JKL Pharma Ltd
191,revenue,2026-07-28,Revenue - Transport Services,2,7,211601.14,Revenue 2026-07 | BUS-102 | PQR Infrastructure
192,revenue,2026-07-28,Revenue - Transport Services,2,5,145981.75,Revenue 2026-07 | BUS-102 | JKL Pharma Ltd
193,revenue,2026-07-28,Revenue - Transport Services,2,1,205773.2,Revenue 2026-07 | BUS-102 | ABC Logistics Pvt Ltd
194,revenue,2026-07-28,Revenue - Transport Services,2,4,156817.42,Revenue 2026-07 | BUS-102 | GHI Travels & Tours
195,revenue,2026-07-28,Revenue - Transport Services,2,6,195458.3,Revenue 2026-07 | BUS-102 | MNO Textiles
196,revenue,2026-07-28,Revenue - Transport Services,2,3,113139.54,Revenue 2026-07 | BUS-102 | DEF Industries
197,revenue,2026-07-28,Revenue - Transport Services,2,2,63894.91,Revenue 2026-07 | BUS-102 | XYZ Manufacturing Ltd
198,revenue,2026-07-28,Revenue - Transport Services,2,8,101906.98,Revenue 2026-07 | BUS-102 | STU Exports Ltd
199,revenue,2026-08-28,Revenue - Transport Services,2,4,82963.08,Revenue 2026-08 | BUS-102 | GHI Travels & Tours
200,revenue,2026-08-28,Revenue - Transport Services,2,7,15135.6,Revenue 2026-08 | BUS-102 | PQR Infrastructure
201,revenue,2026-08-28,Revenue - Transport Services,2,2,94594.61,Revenue 2026-08 | BUS-102 | XYZ Manufacturing Ltd
202,revenue,2026-08-28,Revenue - Transport Services,2,8,124260.3,Revenue 2026-08 | BUS-102 | STU Exports Ltd
203,revenue,2026-08-28,Revenue - Transport Services,2,3,141442.4,Revenue 2026-08 | BUS-102 | DEF Industries
204,revenue,2026-08-28,Revenue - Transport Services,2,5,50119.84,Revenue 2026-08 | BUS-102 | JKL Pharma Ltd
205,revenue,2026-08-28,Revenue - Transport Services,2,6,111540.88,Revenue 2026-08 | BUS-102 | MNO Textiles
206,revenue,2026-08-28,Revenue - Transport Services,2,1,17941.92,Revenue 2026-08 | BUS-102 | ABC Logistics Pvt Ltd
207,revenue,2025-09-28,Revenue - Transport Services,3,2,322147.49,Revenue 2025-09 | BUS-103 | XYZ Manufacturing Ltd
208,revenue,2025-09-28,Revenue - Transport Services,3,8,276863.78,Revenue 2025-09 | BUS-103 | STU Exports Ltd
209,revenue,2025-09-28,Revenue - Transport Services,3,3,251466.13,Revenue 2025-09 | BUS-103 | DEF Industries
210,revenue,2025-08-28,Revenue - Transport Services,3,4,24771.47,Revenue 2025-08 | BUS-103 | GHI Travels & Tours
211,revenue,2025-09-28,Revenue - Transport Services,3,6,253231.1,Revenue 2025-09 | BUS-103 | MNO Textiles
212,revenue,2025-08-28,Revenue - Transport Services,3,1,65218.13,Revenue 2025-08 | BUS-103 | ABC Logistics Pvt Ltd
213,revenue,2025-08-28,Revenue - Transport Services,3,2,40104.19,Revenue 2025-08 | BUS-103 | XYZ Manufacturing Ltd
214,revenue,2025-09-28,Revenue - Transport Services,3,1,427700.67,Revenue 2025-09 | BUS-103 | ABC Logistics Pvt Ltd
215,revenue,2025-09-28,Revenue - Transport Services,3,7,373063.08,Revenue 2025-09 | BUS-103 | PQR Infrastructure
216,revenue,2025-08-28,Revenue - Transport Services,3,8,241060.47,Revenue 2025-08 | BUS-103 | STU Exports Ltd
217,revenue,2025-09-28,Revenue - Transport Services,3,4,325621.86,Revenue 2025-09 | BUS-103 | GHI Travels & Tours
218,revenue,2025-08-28,Revenue - Transport Services,3,7,264687.42,Revenue 2025-08 | BUS-103 | PQR Infrastructure
219,revenue,2025-08-28,Revenue - Transport Services,3,6,80459.19,Revenue 2025-08 | BUS-103 | MNO Textiles
220,revenue,2025-08-28,Revenue - Transport Services,3,5,20386.07,Revenue 2025-08 | BUS-103 | JKL Pharma Ltd
221,revenue,2025-08-28,Revenue - Transport Services,3,3,63310.85,Revenue 2025-08 | BUS-103 | DEF Industries
222,revenue,2025-09-28,Revenue - Transport Services,3,5,212478.08,Revenue 2025-09 | BUS-103 | JKL Pharma Ltd
223,revenue,2025-10-28,Revenue - Transport Services,3,7,305107.09,Revenue 2025-10 | BUS-103 | PQR Infrastructure
224,revenue,2025-10-28,Revenue - Transport Services,3,6,455275.42,Revenue 2025-10 | BUS-103 | MNO Textiles
225,revenue,2025-10-28,Revenue - Transport Services,3,4,591558.73,Revenue 2025-10 | BUS-103 | GHI Travels & Tours
226,revenue,2025-10-28,Revenue - Transport Services,3,1,212671.72,Revenue 2025-10 | BUS-103 | ABC Logistics Pvt Ltd
227,revenue,2025-10-28,Revenue - Transport Services,3,5,163418.7,Revenue 2025-10 | BUS-103 | JKL Pharma Ltd
228,revenue,2025-10-28,Revenue - Transport Services,3,8,336861.16,Revenue 2025-10 | BUS-103 | STU Exports Ltd
229,revenue,2025-10-28,Revenue - Transport Services,3,3,144830.92,Revenue 2025-10 | BUS-103 | DEF Industries
230,revenue,2025-10-28,Revenue - Transport Services,3,2,326132.37,Revenue 2025-10 | BUS-103 | XYZ Manufacturing Ltd
231,revenue,2025-11-28,Revenue - Transport Services,3,4,441468.4,Revenue 2025-11 | BUS-103 | GHI Travels & Tours
232,revenue,2025-11-28,Revenue - Transport Services,3,7,298805.76,Revenue 2025-11 | BUS-103 | PQR Infrastructure
233,revenue,2025-11-28,Revenue - Transport Services,3,2,284230.42,Revenue 2025-11 | BUS-103 | XYZ Manufacturing Ltd
234,revenue,2025-11-28,Revenue - Transport Services,3,3,312562.68,Revenue 2025-11 | BUS-103 | DEF Industries
235,revenue,2025-11-28,Revenue - Transport Services,3,6,354091.11,Revenue 2025-11 | BUS-103 | MNO Textiles
236,revenue,2025-11-28,Revenue - Transport Services,3,5,60270.19,Revenue 2025-11 | BUS-103 | JKL Pharma Ltd
237,revenue,2025-11-28,Revenue - Transport Services,3,8,290467.69,Revenue 2025-11 | BUS-103 | STU Exports Ltd
238,revenue,2025-11-28,Revenue - Transport Services,3,1,288166.7,Revenue 2025-11 | BUS-103 | ABC Logistics Pvt Ltd
239,revenue,2025-12-28,Revenue - Transport Services,3,3,222347.38,Revenue 2025-12 | BUS-103 | DEF Industries
240,revenue,2025-12-28,Revenue - Transport Services,3,1,184823.84,Revenue 2025-12 | BUS-103 | ABC Logistics Pvt Ltd
241,revenue,2025-12-28,Revenue - Transport Services,3,5,183637.22,Revenue 2025-12 | BUS-103 | JKL Pharma Ltd
242,revenue,2025-12-28,Revenue - Transport Services,3,8,631921.97,Revenue 2025-12 | BUS-103 | STU Exports Ltd
243,revenue,2025-12-28,Revenue - Transport Services,3,6,186824.52,Revenue 2025-12 | BUS-103 | MNO Textiles
244,revenue,2025-12-28,Revenue - Transport Services,3,7,254317.96,Revenue 2025-12 | BUS-103 | PQR Infrastructure
245,revenue,2025-12-28,Revenue - Transport Services,3,2,199837.48,Revenue 2025-12 | BUS-103 | XYZ Manufacturing Ltd
246,revenue,2025-12-28,Revenue - Transport Services,3,4,265241.57,Revenue 2025-12 | BUS-103 | GHI Travels & Tours
247,revenue,2026-01-28,Revenue - Transport Services,3,7,179078.18,Revenue 2026-01 | BUS-103 | PQR Infrastructure
248,revenue,2026-01-28,Revenue - Transport Services,3,2,299771.99,Revenue 2026-01 | BUS-103 | XYZ Manufacturing Ltd
249,revenue,2026-01-28,Revenue - Transport Services,3,3,301677.39,Revenue 2026-01 | BUS-103 | DEF Industries
250,revenue,2026-01-28,Revenue - Transport Services,3,4,366537.34,Revenue 2026-01 | BUS-103 | GHI Travels & Tours
251,revenue,2026-01-28,Revenue - Transport Services,3,5,111346.75,Revenue 2026-01 | BUS-103 | JKL Pharma Ltd
252,revenue,2026-01-28,Revenue - Transport Services,3,6,298860.96,Revenue 2026-01 | BUS-103 | MNO Textiles
253,revenue,2026-01-28,Revenue - Transport Services,3,8,260881.74,Revenue 2026-01 | BUS-103 | STU Exports Ltd
254,revenue,2026-01-28,Revenue - Transport Services,3,1,346499.87,Revenue 2026-01 | BUS-103 | ABC Logistics Pvt Ltd
255,revenue,2026-02-28,Revenue - Transport Services,3,3,558768.4,Revenue 2026-02 | BUS-103 | DEF Industries
256,revenue,2026-02-28,Revenue - Transport Services,3,5,250058.48,Revenue 2026-02 | BUS-103 | JKL Pharma Ltd
257,revenue,2026-02-28,Revenue - Transport Services,3,4,161175.97,Revenue 2026-02 | BUS-103 | GHI Travels & Tours
258,revenue,2026-02-28,Revenue - Transport Services,3,2,242004.4,Revenue 2026-02 | BUS-103 | XYZ Manufacturing Ltd
259,revenue,2026-02-28,Revenue - Transport Services,3,1,199132.49,Revenue 2026-02 | BUS-103 | ABC Logistics Pvt Ltd
260,revenue,2026-02-28,Revenue - Transport Services,3,6,361044.08,Revenue 2026-02 | BUS-103 | MNO Textiles
261,revenue,2026-02-28,Revenue - Transport Services,3,8,129408.71,Revenue 2026-02 | BUS-103 | STU Exports Ltd
262,revenue,2026-03-28,Revenue - Transport Services,3,8,396940.92,Revenue 2026-03 | BUS-103 | STU Exports Ltd
263,revenue,2026-03-28,Revenue - Transport Services,3,5,278413.1,Revenue 2026-03 | BUS-103 | JKL Pharma Ltd
264,revenue,2026-03-28,Revenue - Transport Services,3,1,394120.71,Revenue 2026-03 | BUS-103 | ABC Logistics Pvt Ltd
265,revenue,2026-03-28,Revenue - Transport Services,3,4,657772.58,Revenue 2026-03 | BUS-103 | GHI Travels & Tours
266,revenue,2026-03-28,Revenue - Transport Services,3,3,306197.38,Revenue 2026-03 | BUS-103 | DEF Industries
267,revenue,2026-03-28,Revenue - Transport Services,3,6,189821.57,Revenue 2026-03 | BUS-103 | MNO Textiles
268,revenue,2026-02-28,Revenue - Transport Services,3,7,105960.08,Revenue 2026-02 | BUS-103 | PQR Infrastructure
269,revenue,2026-03-28,Revenue - Transport Services,3,2,425724.99,Revenue 2026-03 | BUS-103 | XYZ Manufacturing Ltd
270,revenue,2026-03-28,Revenue - Transport Services,3,7,221054.97,Revenue 2026-03 | BUS-103 | PQR Infrastructure
271,revenue,2026-04-28,Revenue - Transport Services,3,8,74070.62,Revenue 2026-04 | BUS-103 | STU Exports Ltd
272,revenue,2026-04-28,Revenue - Transport Services,3,5,358151.95,Revenue 2026-04 | BUS-103 | JKL Pharma Ltd
273,revenue,2026-04-28,Revenue - Transport Services,3,7,262180.47,Revenue 2026-04 | BUS-103 | PQR Infrastructure
274,revenue,2026-04-28,Revenue - Transport Services,3,1,483413.52,Revenue 2026-04 | BUS-103 | ABC Logistics Pvt Ltd
275,revenue,2026-04-28,Revenue - Transport Services,3,6,132731.57,Revenue 2026-04 | BUS-103 | MNO Textiles
276,revenue,2026-04-28,Revenue - Transport Services,3,3,258052.54,Revenue 2026-04 | BUS-103 | DEF Industries
277,revenue,2026-04-28,Revenue - Transport Services,3,2,274660.9,Revenue 2026-04 | BUS-103 | XYZ Manufacturing Ltd
278,revenue,2026-04-28,Revenue - Transport Services,3,4,114036.16,Revenue 2026-04 | BUS-103 | GHI Travels & Tours
279,revenue,2026-05-28,Revenue - Transport Services,3,3,493568.84,Revenue 2026-05 | BUS-103 | DEF Industries
280,revenue,2026-05-28,Revenue - Transport Services,3,5,277963.98,Revenue 2026-05 | BUS-103 | JKL Pharma Ltd
281,revenue,2026-05-28,Revenue - Transport Services,3,6,344640.19,Revenue 2026-05 | BUS-103 | MNO Textiles
282,revenue,2026-05-28,Revenue - Transport Services,3,7,230591.02,Revenue 2026-05 | BUS-103 | PQR Infrastructure
283,revenue,2026-05-28,Revenue - Transport Services,3,2,263623.72,Revenue 2026-05 | BUS-103 | XYZ Manufacturing Ltd
284,revenue,2026-05-28,Revenue - Transport Services,3,4,361614.88,Revenue 2026-05 | BUS-103 | GHI Travels & Tours
285,revenue,2026-05-28,Revenue - Transport Services,3,8,281930.66,Revenue 2026-05 | BUS-103 | STU Exports Ltd
286,revenue,2026-05-28,Revenue - Transport Services,3,1,117688.24,Revenue 2026-05 | BUS-103 | ABC Logistics Pvt Ltd
287,revenue,2026-06-28,Revenue - Transport Services,3,5,249157.43,Revenue 2026-06 | BUS-103 | JKL Pharma Ltd
288,revenue,2026-06-28,Revenue - Transport Services,3,1,320171.59,Revenue 2026-06 | BUS-103 | ABC Logistics Pvt Ltd
289,revenue,2026-06-28,Revenue - Transport Services,3,7,414087.76,Revenue 2026-06 | BUS-103 | PQR Infrastructure
290,revenue,2026-06-28,Revenue - Transport Services,3,3,140945.02,Revenue 2026-06 | BUS-103 | DEF Industries
291,revenue,2026-06-28,Revenue - Transport Services,3,2,325811.06,Revenue 2026-06 | BUS-103 | XYZ Manufacturing Ltd
292,revenue,2026-06-28,Revenue - Transport Services,3,8,397258.18,Revenue 2026-06 | BUS-103 | STU Exports Ltd
293,revenue,2026-06-28,Revenue - Transport Services,3,4,411744.34,Revenue 2026-06 | BUS-103 | GHI Travels & Tours
294,revenue,2026-06-28,Revenue - Transport Services,3,6,188129.97,Revenue 2026-06 | BUS-103 | MNO Textiles
295,revenue,2026-07-28,Revenue - Transport Services,3,8,518430.47,Revenue 2026-07 | BUS-103 | STU Exports Ltd
296,revenue,2026-07-28,Revenue - Transport Services,3,2,243447.55,Revenue 2026-07 | BUS-103 | XYZ Manufacturing Ltd
297,revenue,2026-07-28,Revenue - Transport Services,3,1,376179.22,Revenue 2026-07 | BUS-103 | ABC Logistics Pvt Ltd
298,revenue,2026-07-28,Revenue - Transport Services,3,7,221238.57,Revenue 2026-07 | BUS-103 | PQR Infrastructure
299,revenue,2026-07-28,Revenue - Transport Services,3,4,147610.85,Revenue 2026-07 | BUS-103 | GHI Travels & Tours
300,revenue,2026-07-28,Revenue - Transport Services,3,5,281474.75,Revenue 2026-07 | BUS-103 | JKL Pharma Ltd
301,revenue,2026-07-28,Revenue - Transport Services,3,6,309956.97,Revenue 2026-07 | BUS-103 | MNO Textiles
302,revenue,2026-07-28,Revenue - Transport Services,3,3,300175.14,Revenue 2026-07 | BUS-103 | DEF Industries
303,revenue,2026-08-28,Revenue - Transport Services,3,6,46996.88,Revenue 2026-08 | BUS-103 | MNO Textiles
304,revenue,2026-08-28,Revenue - Transport Services,3,7,186819.67,Revenue 2026-08 | BUS-103 | PQR Infrastructure
305,revenue,2026-08-28,Revenue - Transport Services,3,2,241470.15,Revenue 2026-08 | BUS-103 | XYZ Manufacturing Ltd
306,revenue,2026-08-28,Revenue - Transport Services,3,5,88793.71,Revenue 2026-08 | BUS-103 | JKL Pharma Ltd
307,revenue,2026-08-28,Revenue - Transport Services,3,8,122421.34,Revenue 2026-08 | BUS-103 | STU Exports Ltd
308,revenue,2026-08-28,Revenue - Transport Services,3,3,160340.87,Revenue 2026-08 | BUS-103 | DEF Industries
309,revenue,2026-08-28,Revenue - Transport Services,3,4,70748.6,Revenue 2026-08 | BUS-103 | GHI Travels & Tours
310,revenue,2026-08-28,Revenue - Transport Services,3,1,110650.94,Revenue 2026-08 | BUS-103 | ABC Logistics Pvt Ltd
311,revenue,2025-08-28,Revenue - Transport Services,4,7,36350.38,Revenue 2025-08 | BUS-104 | PQR Infrastructure
312,revenue,2025-09-28,Revenue - Transport Services,4,6,180476.23,Revenue 2025-09 | BUS-104 | MNO Textiles
313,revenue,2025-09-28,Revenue - Transport Services,4,4,172006.28,Revenue 2025-09 | BUS-104 | GHI Travels & Tours
314,revenue,2025-09-28,Revenue - Transport Services,4,8,147608.72,Revenue 2025-09 | BUS-104 | STU Exports Ltd
315,revenue,2025-09-28,Revenue - Transport Services,4,5,102900.06,Revenue 2025-09 | BUS-104 | JKL Pharma Ltd
316,revenue,2025-08-28,Revenue - Transport Services,4,2,15638.52,Revenue 2025-08 | BUS-104 | XYZ Manufacturing Ltd
317,revenue,2025-09-28,Revenue - Transport Services,4,7,69811.21,Revenue 2025-09 | BUS-104 | PQR Infrastructure
318,revenue,2025-09-28,Revenue - Transport Services,4,3,128754.78,Revenue 2025-09 | BUS-104 | DEF Industries
319,revenue,2025-08-28,Revenue - Transport Services,4,1,18409.56,Revenue 2025-08 | BUS-104 | ABC Logistics Pvt Ltd
320,revenue,2025-09-28,Revenue - Transport Services,4,1,46386.03,Revenue 2025-09 | BUS-104 | ABC Logistics Pvt Ltd
321,revenue,2025-08-28,Revenue - Transport Services,4,6,52335.2,Revenue 2025-08 | BUS-104 | MNO Textiles
322,revenue,2025-09-28,Revenue - Transport Services,4,2,60229.87,Revenue 2025-09 | BUS-104 | XYZ Manufacturing Ltd
323,revenue,2025-08-28,Revenue - Transport Services,4,4,66037.03,Revenue 2025-08 | BUS-104 | GHI Travels & Tours
324,revenue,2025-08-28,Revenue - Transport Services,4,5,49083.45,Revenue 2025-08 | BUS-104 | JKL Pharma Ltd
325,revenue,2025-08-28,Revenue - Transport Services,4,3,21308.88,Revenue 2025-08 | BUS-104 | DEF Industries
326,revenue,2025-10-28,Revenue - Transport Services,4,4,151336.49,Revenue 2025-10 | BUS-104 | GHI Travels & Tours
327,revenue,2025-10-28,Revenue - Transport Services,4,8,92519.02,Revenue 2025-10 | BUS-104 | STU Exports Ltd
328,revenue,2025-10-28,Revenue - Transport Services,4,5,65899.9,Revenue 2025-10 | BUS-104 | JKL Pharma Ltd
329,revenue,2025-10-28,Revenue - Transport Services,4,6,116736.65,Revenue 2025-10 | BUS-104 | MNO Textiles
330,revenue,2025-10-28,Revenue - Transport Services,4,3,117180.75,Revenue 2025-10 | BUS-104 | DEF Industries
331,revenue,2025-10-28,Revenue - Transport Services,4,7,65772.67,Revenue 2025-10 | BUS-104 | PQR Infrastructure
332,revenue,2025-10-28,Revenue - Transport Services,4,1,180023.84,Revenue 2025-10 | BUS-104 | ABC Logistics Pvt Ltd
333,revenue,2025-10-28,Revenue - Transport Services,4,2,53785.03,Revenue 2025-10 | BUS-104 | XYZ Manufacturing Ltd
334,revenue,2025-11-28,Revenue - Transport Services,4,6,174715.12,Revenue 2025-11 | BUS-104 | MNO Textiles
335,revenue,2025-11-28,Revenue - Transport Services,4,2,165882.16,Revenue 2025-11 | BUS-104 | XYZ Manufacturing Ltd
336,revenue,2025-11-28,Revenue - Transport Services,4,1,65701.39,Revenue 2025-11 | BUS-104 | ABC Logistics Pvt Ltd
337,revenue,2025-11-28,Revenue - Transport Services,4,3,124469.16,Revenue 2025-11 | BUS-104 | DEF Industries
338,revenue,2025-11-28,Revenue - Transport Services,4,5,146958.77,Revenue 2025-11 | BUS-104 | JKL Pharma Ltd
339,revenue,2025-11-28,Revenue - Transport Services,4,8,48722.86,Revenue 2025-11 | BUS-104 | STU Exports Ltd
340,revenue,2025-11-28,Revenue - Transport Services,4,7,145577.74,Revenue 2025-11 | BUS-104 | PQR Infrastructure
341,revenue,2025-11-28,Revenue - Transport Services,4,4,141801.9,Revenue 2025-11 | BUS-104 | GHI Travels & Tours
342,revenue,2025-12-28,Revenue - Transport Services,4,7,85014.22,Revenue 2025-12 | BUS-104 | PQR Infrastructure
343,revenue,2025-12-28,Revenue - Transport Services,4,2,93544.16,Revenue 2025-12 | BUS-104 | XYZ Manufacturing Ltd
344,revenue,2025-12-28,Revenue - Transport Services,4,6,76505.98,Revenue 2025-12 | BUS-104 | MNO Textiles
345,revenue,2025-12-28,Revenue - Transport Services,4,5,108950.33,Revenue 2025-12 | BUS-104 | JKL Pharma Ltd
346,revenue,2025-12-28,Revenue - Transport Services,4,3,185571.31,Revenue 2025-12 | BUS-104 | DEF Industries
347,revenue,2025-12-28,Revenue - Transport Services,4,1,130127.27,Revenue 2025-12 | BUS-104 | ABC Logistics Pvt Ltd
348,revenue,2025-12-28,Revenue - Transport Services,4,4,113579.39,Revenue 2025-12 | BUS-104 | GHI Travels & Tours
349,revenue,2025-12-28,Revenue - Transport Services,4,8,79128.05,Revenue 2025-12 | BUS-104 | STU Exports Ltd
350,revenue,2026-01-28,Revenue - Transport Services,4,7,103521.17,Revenue 2026-01 | BUS-104 | PQR Infrastructure
351,revenue,2026-01-28,Revenue - Transport Services,4,6,78499.37,Revenue 2026-01 | BUS-104 | MNO Textiles
352,revenue,2026-01-28,Revenue - Transport Services,4,1,60296.21,Revenue 2026-01 | BUS-104 | ABC Logistics Pvt Ltd
353,revenue,2026-01-28,Revenue - Transport Services,4,4,190149.61,Revenue 2026-01 | BUS-104 | GHI Travels & Tours
354,revenue,2026-01-28,Revenue - Transport Services,4,3,123785.23,Revenue 2026-01 | BUS-104 | DEF Industries
355,revenue,2026-01-28,Revenue - Transport Services,4,2,76838.11,Revenue 2026-01 | BUS-104 | XYZ Manufacturing Ltd
356,revenue,2026-01-28,Revenue - Transport Services,4,8,88708.26,Revenue 2026-01 | BUS-104 | STU Exports Ltd
357,revenue,2026-01-28,Revenue - Transport Services,4,5,105718.82,Revenue 2026-01 | BUS-104 | JKL Pharma Ltd
358,revenue,2026-02-28,Revenue - Transport Services,4,8,143973.41,Revenue 2026-02 | BUS-104 | STU Exports Ltd
359,revenue,2026-02-28,Revenue - Transport Services,4,3,204438.75,Revenue 2026-02 | BUS-104 | DEF Industries
360,revenue,2026-02-28,Revenue - Transport Services,4,6,140857.61,Revenue 2026-02 | BUS-104 | MNO Textiles
361,revenue,2026-02-28,Revenue - Transport Services,4,2,71996.81,Revenue 2026-02 | BUS-104 | XYZ Manufacturing Ltd
362,revenue,2026-02-28,Revenue - Transport Services,4,1,83329.71,Revenue 2026-02 | BUS-104 | ABC Logistics Pvt Ltd
363,revenue,2026-02-28,Revenue - Transport Services,4,4,89947.93,Revenue 2026-02 | BUS-104 | GHI Travels & Tours
364,revenue,2026-02-28,Revenue - Transport Services,4,7,35568.99,Revenue 2026-02 | BUS-104 | PQR Infrastructure
365,revenue,2026-02-28,Revenue - Transport Services,4,5,99212.59,Revenue 2026-02 | BUS-104 | JKL Pharma Ltd
366,revenue,2026-03-28,Revenue - Transport Services,4,6,135622.05,Revenue 2026-03 | BUS-104 | MNO Textiles
367,revenue,2026-03-28,Revenue - Transport Services,4,8,147904.2,Revenue 2026-03 | BUS-104 | STU Exports Ltd
368,revenue,2026-03-28,Revenue - Transport Services,4,2,163800.76,Revenue 2026-03 | BUS-104 | XYZ Manufacturing Ltd
369,revenue,2026-03-28,Revenue - Transport Services,4,4,178218.41,Revenue 2026-03 | BUS-104 | GHI Travels & Tours
370,revenue,2026-03-28,Revenue - Transport Services,4,5,115174.18,Revenue 2026-03 | BUS-104 | JKL Pharma Ltd
371,revenue,2026-03-28,Revenue - Transport Services,4,3,70904.58,Revenue 2026-03 | BUS-104 | DEF Industries
372,revenue,2026-03-28,Revenue - Transport Services,4,1,108849.83,Revenue 2026-03 | BUS-104 | ABC Logistics Pvt Ltd
373,revenue,2026-04-28,Revenue - Transport Services,4,1,242280.91,Revenue 2026-04 | BUS-104 | ABC Logistics Pvt Ltd
374,revenue,2026-04-28,Revenue - Transport Services,4,5,68227.21,Revenue 2026-04 | BUS-104 | JKL Pharma Ltd
375,revenue,2026-04-28,Revenue - Transport Services,4,3,124228.73,Revenue 2026-04 | BUS-104 | DEF Industries
376,revenue,2026-04-28,Revenue - Transport Services,4,2,18091.85,Revenue 2026-04 | BUS-104 | XYZ Manufacturing Ltd
377,revenue,2026-04-28,Revenue - Transport Services,4,7,105482.01,Revenue 2026-04 | BUS-104 | PQR Infrastructure
378,revenue,2026-04-28,Revenue - Transport Services,4,8,119245.0,Revenue 2026-04 | BUS-104 | STU Exports Ltd
379,revenue,2026-04-28,Revenue - Transport Services,4,4,45207.27,Revenue 2026-04 | BUS-104 | GHI Travels & Tours
380,revenue,2026-03-28,Revenue - Transport Services,4,7,14867.69,Revenue 2026-03 | BUS-104 | PQR Infrastructure
381,revenue,2026-04-28,Revenue - Transport Services,4,6,97618.95,Revenue 2026-04 | BUS-104 | MNO Textiles
382,revenue,2026-05-28,Revenue - Transport Services,4,3,159969.18,Revenue 2026-05 | BUS-104 | DEF Industries
383,revenue,2026-05-28,Revenue - Transport Services,4,1,90213.82,Revenue 2026-05 | BUS-104 | ABC Logistics Pvt Ltd
384,revenue,2026-05-28,Revenue - Transport Services,4,4,205181.55,Revenue 2026-05 | BUS-104 | GHI Travels & Tours
385,revenue,2026-05-28,Revenue - Transport Services,4,7,155635.71,Revenue 2026-05 | BUS-104 | PQR Infrastructure
386,revenue,2026-05-28,Revenue - Transport Services,4,5,115354.63,Revenue 2026-05 | BUS-104 | JKL Pharma Ltd
387,revenue,2026-05-28,Revenue - Transport Services,4,6,159488.76,Revenue 2026-05 | BUS-104 | MNO Textiles
388,revenue,2026-05-28,Revenue - Transport Services,4,8,91118.22,Revenue 2026-05 | BUS-104 | STU Exports Ltd
389,revenue,2026-05-28,Revenue - Transport Services,4,2,71780.4,Revenue 2026-05 | BUS-104 | XYZ Manufacturing Ltd
390,revenue,2026-06-28,Revenue - Transport Services,4,2,81245.01,Revenue 2026-06 | BUS-104 | XYZ Manufacturing Ltd
391,revenue,2026-06-28,Revenue - Transport Services,4,8,145712.56,Revenue 2026-06 | BUS-104 | STU Exports Ltd
392,revenue,2026-06-28,Revenue - Transport Services,4,6,115478.9,Revenue 2026-06 | BUS-104 | MNO Textiles
393,revenue,2026-06-28,Revenue - Transport Services,4,4,157738.46,Revenue 2026-06 | BUS-104 | GHI Travels & Tours
394,revenue,2026-06-28,Revenue - Transport Services,4,1,38523.02,Revenue 2026-06 | BUS-104 | ABC Logistics Pvt Ltd
395,revenue,2026-06-28,Revenue - Transport Services,4,5,63041.34,Revenue 2026-06 | BUS-104 | JKL Pharma Ltd
396,revenue,2026-06-28,Revenue - Transport Services,4,3,70770.83,Revenue 2026-06 | BUS-104 | DEF Industries
397,revenue,2026-07-28,Revenue - Transport Services,4,3,119143.33,Revenue 2026-07 | BUS-104 | DEF Industries
398,revenue,2026-07-28,Revenue - Transport Services,4,7,110089.68,Revenue 2026-07 | BUS-104 | PQR Infrastructure
399,revenue,2026-07-28,Revenue - Transport Services,4,8,182164.29,Revenue 2026-07 | BUS-104 | STU Exports Ltd
400,revenue,2026-07-28,Revenue - Transport Services,4,4,152265.91,Revenue 2026-07 | BUS-104 | GHI Travels & Tours
401,revenue,2026-07-28,Revenue - Transport Services,4,1,107522.52,Revenue 2026-07 | BUS-104 | ABC Logistics Pvt Ltd
402,revenue,2026-06-28,Revenue - Transport Services,4,7,31232.82,Revenue 2026-06 | BUS-104 | PQR Infrastructure
403,revenue,2026-07-28,Revenue - Transport Services,4,5,45674.52,Revenue 2026-07 | BUS-104 | JKL Pharma Ltd
404,revenue,2026-07-28,Revenue - Transport Services,4,2,87336.35,Revenue 2026-07 | BUS-104 | XYZ Manufacturing Ltd
405,revenue,2026-07-28,Revenue - Transport Services,4,6,42511.68,Revenue 2026-07 | BUS-104 | MNO Textiles
406,revenue,2026-08-28,Revenue - Transport Services,4,6,92902.32,Revenue 2026-08 | BUS-104 | MNO Textiles
407,revenue,2026-08-28,Revenue - Transport Services,4,2,111066.68,Revenue 2026-08 | BUS-104 | XYZ Manufacturing Ltd
408,revenue,2026-08-28,Revenue - Transport Services,4,3,68310.97,Revenue 2026-08 | BUS-104 | DEF Industries
409,revenue,2026-08-28,Revenue - Transport Services,4,7,33865.72,Revenue 2026-08 | BUS-104 | PQR Infrastructure
410,revenue,2026-08-28,Revenue - Transport Services,4,5,56226.35,Revenue 2026-08 | BUS-104 | JKL Pharma Ltd
411,revenue,2026-08-28,Revenue - Transport Services,4,4,40975.9,Revenue 2026-08 | BUS-104 | GHI Travels & Tours
412,revenue,2026-08-28,Revenue - Transport Services,4,1,58768.14,Revenue 2026-08 | BUS-104 | ABC Logistics Pvt Ltd
413,revenue,2026-08-28,Revenue - Transport Services,4,8,40555.31,Revenue 2026-08 | BUS-104 | STU Exports Ltd
414,revenue,2025-09-28,Revenue - Transport Services,5,8,58197.81,Revenue 2025-09 | BUS-105 | STU Exports Ltd
415,revenue,2025-09-28,Revenue - Transport Services,5,6,86488.8,Revenue 2025-09 | BUS-105 | MNO Textiles
416,revenue,2025-08-28,Revenue - Transport Services,5,8,15538.86,Revenue 2025-08 | BUS-105 | STU Exports Ltd
417,revenue,2025-09-28,Revenue - Transport Services,5,2,60749.86,Revenue 2025-09 | BUS-105 | XYZ Manufacturing Ltd
418,revenue,2025-08-28,Revenue - Transport Services,5,4,40588.99,Revenue 2025-08 | BUS-105 | GHI Travels & Tours
419,revenue,2025-09-28,Revenue - Transport Services,5,7,45527.67,Revenue 2025-09 | BUS-105 | PQR Infrastructure
420,revenue,2025-09-28,Revenue - Transport Services,5,1,108912.79,Revenue 2025-09 | BUS-105 | ABC Logistics Pvt Ltd
421,revenue,2025-09-28,Revenue - Transport Services,5,3,31913.27,Revenue 2025-09 | BUS-105 | DEF Industries
422,revenue,2025-09-28,Revenue - Transport Services,5,4,52020.34,Revenue 2025-09 | BUS-105 | GHI Travels & Tours
423,revenue,2025-08-28,Revenue - Transport Services,5,6,38560.67,Revenue 2025-08 | BUS-105 | MNO Textiles
424,revenue,2025-08-28,Revenue - Transport Services,5,7,14196.37,Revenue 2025-08 | BUS-105 | PQR Infrastructure
425,revenue,2025-08-28,Revenue - Transport Services,5,1,74634.15,Revenue 2025-08 | BUS-105 | ABC Logistics Pvt Ltd
426,revenue,2025-08-28,Revenue - Transport Services,5,5,28875.27,Revenue 2025-08 | BUS-105 | JKL Pharma Ltd
427,revenue,2025-09-28,Revenue - Transport Services,5,5,33596.81,Revenue 2025-09 | BUS-105 | JKL Pharma Ltd
428,revenue,2025-08-28,Revenue - Transport Services,5,3,15419.1,Revenue 2025-08 | BUS-105 | DEF Industries
429,revenue,2025-10-28,Revenue - Transport Services,5,3,69464.94,Revenue 2025-10 | BUS-105 | DEF Industries
430,revenue,2025-10-28,Revenue - Transport Services,5,6,116620.94,Revenue 2025-10 | BUS-105 | MNO Textiles
431,revenue,2025-10-28,Revenue - Transport Services,5,8,48920.51,Revenue 2025-10 | BUS-105 | STU Exports Ltd
432,revenue,2025-10-28,Revenue - Transport Services,5,2,120137.41,Revenue 2025-10 | BUS-105 | XYZ Manufacturing Ltd
433,revenue,2025-10-28,Revenue - Transport Services,5,4,115678.62,Revenue 2025-10 | BUS-105 | GHI Travels & Tours
434,revenue,2025-10-28,Revenue - Transport Services,5,1,20576.88,Revenue 2025-10 | BUS-105 | ABC Logistics Pvt Ltd
435,revenue,2025-10-28,Revenue - Transport Services,5,5,26405.29,Revenue 2025-10 | BUS-105 | JKL Pharma Ltd
436,revenue,2025-11-28,Revenue - Transport Services,5,4,74944.29,Revenue 2025-11 | BUS-105 | GHI Travels & Tours
437,revenue,2025-11-28,Revenue - Transport Services,5,5,74797.65,Revenue 2025-11 | BUS-105 | JKL Pharma Ltd
438,revenue,2025-10-28,Revenue - Transport Services,5,7,30442.96,Revenue 2025-10 | BUS-105 | PQR Infrastructure
439,revenue,2025-11-28,Revenue - Transport Services,5,2,41493.64,Revenue 2025-11 | BUS-105 | XYZ Manufacturing Ltd
440,revenue,2025-11-28,Revenue - Transport Services,5,7,90311.63,Revenue 2025-11 | BUS-105 | PQR Infrastructure
441,revenue,2025-11-28,Revenue - Transport Services,5,3,33101.72,Revenue 2025-11 | BUS-105 | DEF Industries
442,revenue,2025-11-28,Revenue - Transport Services,5,8,87641.03,Revenue 2025-11 | BUS-105 | STU Exports Ltd
443,revenue,2025-11-28,Revenue - Transport Services,5,1,72119.22,Revenue 2025-11 | BUS-105 | ABC Logistics Pvt Ltd
444,revenue,2025-11-28,Revenue - Transport Services,5,6,73579.99,Revenue 2025-11 | BUS-105 | MNO Textiles
445,revenue,2025-12-28,Revenue - Transport Services,5,1,101151.3,Revenue 2025-12 | BUS-105 | ABC Logistics Pvt Ltd
446,revenue,2025-12-28,Revenue - Transport Services,5,4,114898.93,Revenue 2025-12 | BUS-105 | GHI Travels & Tours
447,revenue,2025-12-28,Revenue - Transport Services,5,6,100159.25,Revenue 2025-12 | BUS-105 | MNO Textiles
448,revenue,2025-12-28,Revenue - Transport Services,5,5,43990.32,Revenue 2025-12 | BUS-105 | JKL Pharma Ltd
449,revenue,2025-12-28,Revenue - Transport Services,5,8,38802.23,Revenue 2025-12 | BUS-105 | STU Exports Ltd
450,revenue,2025-12-28,Revenue - Transport Services,5,3,110800.23,Revenue 2025-12 | BUS-105 | DEF Industries
451,revenue,2025-12-28,Revenue - Transport Services,5,2,64237.11,Revenue 2025-12 | BUS-105 | XYZ Manufacturing Ltd
452,revenue,2025-12-28,Revenue - Transport Services,5,7,72754.68,Revenue 2025-12 | BUS-105 | PQR Infrastructure
453,revenue,2026-01-28,Revenue - Transport Services,5,8,95002.04,Revenue 2026-01 | BUS-105 | STU Exports Ltd
454,revenue,2026-01-28,Revenue - Transport Services,5,6,79850.04,Revenue 2026-01 | BUS-105 | MNO Textiles
455,revenue,2026-01-28,Revenue - Transport Services,5,7,30581.91,Revenue 2026-01 | BUS-105 | PQR Infrastructure
456,revenue,2026-01-28,Revenue - Transport Services,5,3,137045.16,Revenue 2026-01 | BUS-105 | DEF Industries
457,revenue,2026-01-28,Revenue - Transport Services,5,5,70716.21,Revenue 2026-01 | BUS-105 | JKL Pharma Ltd
458,revenue,2026-01-28,Revenue - Transport Services,5,2,61942.03,Revenue 2026-01 | BUS-105 | XYZ Manufacturing Ltd
459,revenue,2026-01-28,Revenue - Transport Services,5,4,37949.99,Revenue 2026-01 | BUS-105 | GHI Travels & Tours
460,revenue,2026-01-28,Revenue - Transport Services,5,1,37549.3,Revenue 2026-01 | BUS-105 | ABC Logistics Pvt Ltd
461,revenue,2026-02-28,Revenue - Transport Services,5,4,78933.99,Revenue 2026-02 | BUS-105 | GHI Travels & Tours
462,revenue,2026-02-28,Revenue - Transport Services,5,7,114542.04,Revenue 2026-02 | BUS-105 | PQR Infrastructure
463,revenue,2026-02-28,Revenue - Transport Services,5,6,46702.77,Revenue 2026-02 | BUS-105 | MNO Textiles
464,revenue,2026-02-28,Revenue - Transport Services,5,2,30892.55,Revenue 2026-02 | BUS-105 | XYZ Manufacturing Ltd
465,revenue,2026-02-28,Revenue - Transport Services,5,5,45430.64,Revenue 2026-02 | BUS-105 | JKL Pharma Ltd
466,revenue,2026-02-28,Revenue - Transport Services,5,3,17220.63,Revenue 2026-02 | BUS-105 | DEF Industries
467,revenue,2026-02-28,Revenue - Transport Services,5,8,54464.1,Revenue 2026-02 | BUS-105 | STU Exports Ltd
468,revenue,2026-03-28,Revenue - Transport Services,5,2,120660.42,Revenue 2026-03 | BUS-105 | XYZ Manufacturing Ltd
469,revenue,2026-02-28,Revenue - Transport Services,5,1,94040.95,Revenue 2026-02 | BUS-105 | ABC Logistics Pvt Ltd
470,revenue,2026-03-28,Revenue - Transport Services,5,1,76861.28,Revenue 2026-03 | BUS-105 | ABC Logistics Pvt Ltd
471,revenue,2026-03-28,Revenue - Transport Services,5,7,43179.09,Revenue 2026-03 | BUS-105 | PQR Infrastructure
472,revenue,2026-03-28,Revenue - Transport Services,5,8,69842.23,Revenue 2026-03 | BUS-105 | STU Exports Ltd
473,revenue,2026-03-28,Revenue - Transport Services,5,4,38606.61,Revenue 2026-03 | BUS-105 | GHI Travels & Tours
474,revenue,2026-03-28,Revenue - Transport Services,5,3,39224.14,Revenue 2026-03 | BUS-105 | DEF Industries
475,revenue,2026-03-28,Revenue - Transport Services,5,6,34160.48,Revenue 2026-03 | BUS-105 | MNO Textiles
476,revenue,2026-03-28,Revenue - Transport Services,5,5,41142.88,Revenue 2026-03 | BUS-105 | JKL Pharma Ltd
477,revenue,2026-04-28,Revenue - Transport Services,5,1,80059.02,Revenue 2026-04 | BUS-105 | ABC Logistics Pvt Ltd
478,revenue,2026-04-28,Revenue - Transport Services,5,8,55309.0,Revenue 2026-04 | BUS-105 | STU Exports Ltd
479,revenue,2026-04-28,Revenue - Transport Services,5,3,108694.96,Revenue 2026-04 | BUS-105 | DEF Industries
480,revenue,2026-04-28,Revenue - Transport Services,5,2,140887.82,Revenue 2026-04 | BUS-105 | XYZ Manufacturing Ltd
481,revenue,2026-04-28,Revenue - Transport Services,5,6,45116.72,Revenue 2026-04 | BUS-105 | MNO Textiles
482,revenue,2026-04-28,Revenue - Transport Services,5,5,67524.55,Revenue 2026-04 | BUS-105 | JKL Pharma Ltd
483,revenue,2026-04-28,Revenue - Transport Services,5,7,70806.31,Revenue 2026-04 | BUS-105 | PQR Infrastructure
484,revenue,2026-04-28,Revenue - Transport Services,5,4,68920.08,Revenue 2026-04 | BUS-105 | GHI Travels & Tours
485,revenue,2026-05-28,Revenue - Transport Services,5,3,70226.14,Revenue 2026-05 | BUS-105 | DEF Industries
486,revenue,2026-05-28,Revenue - Transport Services,5,7,134299.56,Revenue 2026-05 | BUS-105 | PQR Infrastructure
487,revenue,2026-05-28,Revenue - Transport Services,5,5,54015.11,Revenue 2026-05 | BUS-105 | JKL Pharma Ltd
488,revenue,2026-05-28,Revenue - Transport Services,5,2,61826.37,Revenue 2026-05 | BUS-105 | XYZ Manufacturing Ltd
489,revenue,2026-05-28,Revenue - Transport Services,5,8,36208.72,Revenue 2026-05 | BUS-105 | STU Exports Ltd
490,revenue,2026-05-28,Revenue - Transport Services,5,6,19760.64,Revenue 2026-05 | BUS-105 | MNO Textiles
491,revenue,2026-06-28,Revenue - Transport Services,5,8,125678.41,Revenue 2026-06 | BUS-105 | STU Exports Ltd
492,revenue,2026-06-28,Revenue - Transport Services,5,3,91214.91,Revenue 2026-06 | BUS-105 | DEF Industries
493,revenue,2026-06-28,Revenue - Transport Services,5,6,33975.95,Revenue 2026-06 | BUS-105 | MNO Textiles
494,revenue,2026-06-28,Revenue - Transport Services,5,7,75107.17,Revenue 2026-06 | BUS-105 | PQR Infrastructure
495,revenue,2026-06-28,Revenue - Transport Services,5,2,64640.17,Revenue 2026-06 | BUS-105 | XYZ Manufacturing Ltd
496,revenue,2026-06-28,Revenue - Transport Services,5,1,105413.06,Revenue 2026-06 | BUS-105 | ABC Logistics Pvt Ltd
497,revenue,2026-06-28,Revenue - Transport Services,5,5,76418.76,Revenue 2026-06 | BUS-105 | JKL Pharma Ltd
498,revenue,2026-05-28,Revenue - Transport Services,5,4,59572.72,Revenue 2026-05 | BUS-105 | GHI Travels & Tours
499,revenue,2026-05-28,Revenue - Transport Services,5,1,17426.68,Revenue 2026-05 | BUS-105 | ABC Logistics Pvt Ltd
500,revenue,2026-07-28,Revenue - Transport Services,5,7,84820.6,Revenue 2026-07 | BUS-105 | PQR Infrastructure
501,revenue,2026-07-28,Revenue - Transport Services,5,5,83907.08,Revenue 2026-07 | BUS-105 | JKL Pharma Ltd
502,revenue,2026-07-28,Revenue - Transport Services,5,8,69517.57,Revenue 2026-07 | BUS-105 | STU Exports Ltd
503,revenue,2026-07-28,Revenue - Transport Services,5,3,125879.26,Revenue 2026-07 | BUS-105 | DEF Industries
504,revenue,2026-07-28,Revenue - Transport Services,5,1,54635.2,Revenue 2026-07 | BUS-105 | ABC Logistics Pvt Ltd
505,revenue,2026-07-28,Revenue - Transport Services,5,4,41770.45,Revenue 2026-07 | BUS-105 | GHI Travels & Tours
506,revenue,2026-07-28,Revenue - Transport Services,5,2,33774.93,Revenue 2026-07 | BUS-105 | XYZ Manufacturing Ltd
507,revenue,2026-08-28,Revenue - Transport Services,5,8,87583.11,Revenue 2026-08 | BUS-105 | STU Exports Ltd
508,revenue,2026-08-28,Revenue - Transport Services,5,3,48869.71,Revenue 2026-08 | BUS-105 | DEF Industries
509,revenue,2026-08-28,Revenue - Transport Services,5,1,50802.92,Revenue 2026-08 | BUS-105 | ABC Logistics Pvt Ltd
510,revenue,2026-08-28,Revenue - Transport Services,5,7,14720.81,Revenue 2026-08 | BUS-105 | PQR Infrastructure
511,revenue,2026-08-28,Revenue - Transport Services,5,6,14408.24,Revenue 2026-08 | BUS-105 | MNO Textiles
512,revenue,2026-07-28,Revenue - Transport Services,5,6,33986.83,Revenue 2026-07 | BUS-105 | MNO Textiles
513,revenue,2026-08-28,Revenue - Transport Services,5,5,44151.15,Revenue 2026-08 | BUS-105 | JKL Pharma Ltd
514,revenue,2026-08-28,Revenue - Transport Services,5,2,14189.28,Revenue 2026-08 | BUS-105 | XYZ Manufacturing Ltd
515,revenue,2025-09-28,Revenue - Transport Services,6,3,194670.18,Revenue 2025-09 | TRK-101 | DEF Industries
516,revenue,2025-09-28,Revenue - Transport Services,6,6,160869.8,Revenue 2025-09 | TRK-101 | MNO Textiles
517,revenue,2025-08-28,Revenue - Transport Services,6,1,61022.82,Revenue 2025-08 | TRK-101 | ABC Logistics Pvt Ltd
518,revenue,2025-08-28,Revenue - Transport Services,6,2,39306.16,Revenue 2025-08 | TRK-101 | XYZ Manufacturing Ltd
519,revenue,2025-09-28,Revenue - Transport Services,6,5,128548.48,Revenue 2025-09 | TRK-101 | JKL Pharma Ltd
520,revenue,2025-09-28,Revenue - Transport Services,6,8,67526.54,Revenue 2025-09 | TRK-101 | STU Exports Ltd
521,revenue,2025-08-28,Revenue - Transport Services,6,5,16550.78,Revenue 2025-08 | TRK-101 | JKL Pharma Ltd
522,revenue,2025-08-28,Revenue - Transport Services,6,6,75197.65,Revenue 2025-08 | TRK-101 | MNO Textiles
523,revenue,2025-09-28,Revenue - Transport Services,6,2,206716.39,Revenue 2025-09 | TRK-101 | XYZ Manufacturing Ltd
524,revenue,2025-09-28,Revenue - Transport Services,6,1,279829.12,Revenue 2025-09 | TRK-101 | ABC Logistics Pvt Ltd
525,revenue,2025-08-28,Revenue - Transport Services,6,7,41657.15,Revenue 2025-08 | TRK-101 | PQR Infrastructure
526,revenue,2025-08-28,Revenue - Transport Services,6,4,169486.25,Revenue 2025-08 | TRK-101 | GHI Travels & Tours
527,revenue,2025-09-28,Revenue - Transport Services,6,4,202701.27,Revenue 2025-09 | TRK-101 | GHI Travels & Tours
528,revenue,2025-08-28,Revenue - Transport Services,6,8,23189.41,Revenue 2025-08 | TRK-101 | STU Exports Ltd
529,revenue,2025-10-28,Revenue - Transport Services,6,7,116098.38,Revenue 2025-10 | TRK-101 | PQR Infrastructure
530,revenue,2025-10-28,Revenue - Transport Services,6,8,284112.6,Revenue 2025-10 | TRK-101 | STU Exports Ltd
531,revenue,2025-10-28,Revenue - Transport Services,6,1,128784.54,Revenue 2025-10 | TRK-101 | ABC Logistics Pvt Ltd
532,revenue,2025-10-28,Revenue - Transport Services,6,2,190085.34,Revenue 2025-10 | TRK-101 | XYZ Manufacturing Ltd
533,revenue,2025-10-28,Revenue - Transport Services,6,3,102450.13,Revenue 2025-10 | TRK-101 | DEF Industries
534,revenue,2025-09-28,Revenue - Transport Services,6,7,18472.22,Revenue 2025-09 | TRK-101 | PQR Infrastructure
535,revenue,2025-10-28,Revenue - Transport Services,6,4,184317.75,Revenue 2025-10 | TRK-101 | GHI Travels & Tours
536,revenue,2025-10-28,Revenue - Transport Services,6,6,158735.4,Revenue 2025-10 | TRK-101 | MNO Textiles
537,revenue,2025-11-28,Revenue - Transport Services,6,8,132191.17,Revenue 2025-11 | TRK-101 | STU Exports Ltd
538,revenue,2025-11-28,Revenue - Transport Services,6,7,204655.39,Revenue 2025-11 | TRK-101 | PQR Infrastructure
539,revenue,2025-11-28,Revenue - Transport Services,6,1,214350.28,Revenue 2025-11 | TRK-101 | ABC Logistics Pvt Ltd
540,revenue,2025-11-28,Revenue - Transport Services,6,5,122835.64,Revenue 2025-11 | TRK-101 | JKL Pharma Ltd
541,revenue,2025-11-28,Revenue - Transport Services,6,4,253027.78,Revenue 2025-11 | TRK-101 | GHI Travels & Tours
542,revenue,2025-11-28,Revenue - Transport Services,6,6,130605.77,Revenue 2025-11 | TRK-101 | MNO Textiles
543,revenue,2025-11-28,Revenue - Transport Services,6,3,100116.46,Revenue 2025-11 | TRK-101 | DEF Industries
544,revenue,2025-11-28,Revenue - Transport Services,6,2,57039.19,Revenue 2025-11 | TRK-101 | XYZ Manufacturing Ltd
545,revenue,2025-12-28,Revenue - Transport Services,6,5,83018.66,Revenue 2025-12 | TRK-101 | JKL Pharma Ltd
546,revenue,2025-12-28,Revenue - Transport Services,6,4,390318.64,Revenue 2025-12 | TRK-101 | GHI Travels & Tours
547,revenue,2025-12-28,Revenue - Transport Services,6,3,109673.6,Revenue 2025-12 | TRK-101 | DEF Industries
548,revenue,2025-12-28,Revenue - Transport Services,6,2,127408.14,Revenue 2025-12 | TRK-101 | XYZ Manufacturing Ltd
549,revenue,2025-12-28,Revenue - Transport Services,6,7,187116.61,Revenue 2025-12 | TRK-101 | PQR Infrastructure
550,revenue,2025-12-28,Revenue - Transport Services,6,8,159945.02,Revenue 2025-12 | TRK-101 | STU Exports Ltd
551,revenue,2025-12-28,Revenue - Transport Services,6,1,189718.05,Revenue 2025-12 | TRK-101 | ABC Logistics Pvt Ltd
552,revenue,2025-12-28,Revenue - Transport Services,6,6,42049.65,Revenue 2025-12 | TRK-101 | MNO Textiles
553,revenue,2026-01-28,Revenue - Transport Services,6,5,157168.9,Revenue 2026-01 | TRK-101 | JKL Pharma Ltd
554,revenue,2026-01-28,Revenue - Transport Services,6,2,318798.42,Revenue 2026-01 | TRK-101 | XYZ Manufacturing Ltd
555,revenue,2026-01-28,Revenue - Transport Services,6,4,192743.74,Revenue 2026-01 | TRK-101 | GHI Travels & Tours
556,revenue,2026-01-28,Revenue - Transport Services,6,3,167957.64,Revenue 2026-01 | TRK-101 | DEF Industries
557,revenue,2026-01-28,Revenue - Transport Services,6,6,212272.87,Revenue 2026-01 | TRK-101 | MNO Textiles
558,revenue,2026-01-28,Revenue - Transport Services,6,7,94452.0,Revenue 2026-01 | TRK-101 | PQR Infrastructure
559,revenue,2026-01-28,Revenue - Transport Services,6,8,82206.8,Revenue 2026-01 | TRK-101 | STU Exports Ltd
560,revenue,2026-01-28,Revenue - Transport Services,6,1,139578.94,Revenue 2026-01 | TRK-101 | ABC Logistics Pvt Ltd
561,revenue,2026-02-28,Revenue - Transport Services,6,8,170006.75,Revenue 2026-02 | TRK-101 | STU Exports Ltd
562,revenue,2026-02-28,Revenue - Transport Services,6,3,254433.55,Revenue 2026-02 | TRK-101 | DEF Industries
563,revenue,2026-02-28,Revenue - Transport Services,6,7,152570.47,Revenue 2026-02 | TRK-101 | PQR Infrastructure
564,revenue,2026-02-28,Revenue - Transport Services,6,1,143322.15,Revenue 2026-02 | TRK-101 | ABC Logistics Pvt Ltd
565,revenue,2026-02-28,Revenue - Transport Services,6,2,202572.94,Revenue 2026-02 | TRK-101 | XYZ Manufacturing Ltd
566,revenue,2026-02-28,Revenue - Transport Services,6,6,116151.04,Revenue 2026-02 | TRK-101 | MNO Textiles
567,revenue,2026-02-28,Revenue - Transport Services,6,4,58969.79,Revenue 2026-02 | TRK-101 | GHI Travels & Tours
568,revenue,2026-02-28,Revenue - Transport Services,6,5,47539.7,Revenue 2026-02 | TRK-101 | JKL Pharma Ltd
569,revenue,2026-03-28,Revenue - Transport Services,6,5,268752.18,Revenue 2026-03 | TRK-101 | JKL Pharma Ltd
570,revenue,2026-03-28,Revenue - Transport Services,6,3,332933.65,Revenue 2026-03 | TRK-101 | DEF Industries
571,revenue,2026-03-28,Revenue - Transport Services,6,4,276015.87,Revenue 2026-03 | TRK-101 | GHI Travels & Tours
572,revenue,2026-03-28,Revenue - Transport Services,6,8,116015.11,Revenue 2026-03 | TRK-101 | STU Exports Ltd
573,revenue,2026-03-28,Revenue - Transport Services,6,2,133033.14,Revenue 2026-03 | TRK-101 | XYZ Manufacturing Ltd
574,revenue,2026-03-28,Revenue - Transport Services,6,1,145503.68,Revenue 2026-03 | TRK-101 | ABC Logistics Pvt Ltd
575,revenue,2026-03-28,Revenue - Transport Services,6,6,180604.86,Revenue 2026-03 | TRK-101 | MNO Textiles
576,revenue,2026-03-28,Revenue - Transport Services,6,7,126433.72,Revenue 2026-03 | TRK-101 | PQR Infrastructure
577,revenue,2026-04-28,Revenue - Transport Services,6,8,157081.96,Revenue 2026-04 | TRK-101 | STU Exports Ltd
578,revenue,2026-04-28,Revenue - Transport Services,6,5,143354.81,Revenue 2026-04 | TRK-101 | JKL Pharma Ltd
579,revenue,2026-04-28,Revenue - Transport Services,6,2,182247.99,Revenue 2026-04 | TRK-101 | XYZ Manufacturing Ltd
580,revenue,2026-04-28,Revenue - Transport Services,6,4,404544.25,Revenue 2026-04 | TRK-101 | GHI Travels & Tours
581,revenue,2026-04-28,Revenue - Transport Services,6,3,125684.8,Revenue 2026-04 | TRK-101 | DEF Industries
582,revenue,2026-04-28,Revenue - Transport Services,6,1,159520.09,Revenue 2026-04 | TRK-101 | ABC Logistics Pvt Ltd
583,revenue,2026-04-28,Revenue - Transport Services,6,7,121485.87,Revenue 2026-04 | TRK-101 | PQR Infrastructure
584,revenue,2026-04-28,Revenue - Transport Services,6,6,176851.74,Revenue 2026-04 | TRK-101 | MNO Textiles
585,revenue,2026-05-28,Revenue - Transport Services,6,8,99628.51,Revenue 2026-05 | TRK-101 | STU Exports Ltd
586,revenue,2026-05-28,Revenue - Transport Services,6,2,128231.59,Revenue 2026-05 | TRK-101 | XYZ Manufacturing Ltd
587,revenue,2026-05-28,Revenue - Transport Services,6,7,282005.28,Revenue 2026-05 | TRK-101 | PQR Infrastructure
588,revenue,2026-05-28,Revenue - Transport Services,6,6,166209.97,Revenue 2026-05 | TRK-101 | MNO Textiles
589,revenue,2026-05-28,Revenue - Transport Services,6,3,191726.05,Revenue 2026-05 | TRK-101 | DEF Industries
590,revenue,2026-05-28,Revenue - Transport Services,6,1,233509.7,Revenue 2026-05 | TRK-101 | ABC Logistics Pvt Ltd
591,revenue,2026-05-28,Revenue - Transport Services,6,4,243893.0,Revenue 2026-05 | TRK-101 | GHI Travels & Tours
592,revenue,2026-05-28,Revenue - Transport Services,6,5,47208.61,Revenue 2026-05 | TRK-101 | JKL Pharma Ltd
593,revenue,2026-06-28,Revenue - Transport Services,6,2,304740.61,Revenue 2026-06 | TRK-101 | XYZ Manufacturing Ltd
594,revenue,2026-06-28,Revenue - Transport Services,6,4,170078.38,Revenue 2026-06 | TRK-101 | GHI Travels & Tours
595,revenue,2026-06-28,Revenue - Transport Services,6,6,59921.1,Revenue 2026-06 | TRK-101 | MNO Textiles
596,revenue,2026-06-28,Revenue - Transport Services,6,3,117741.43,Revenue 2026-06 | TRK-101 | DEF Industries
597,revenue,2026-06-28,Revenue - Transport Services,6,5,141467.95,Revenue 2026-06 | TRK-101 | JKL Pharma Ltd
598,revenue,2026-06-28,Revenue - Transport Services,6,8,99225.64,Revenue 2026-06 | TRK-101 | STU Exports Ltd
599,revenue,2026-06-28,Revenue - Transport Services,6,7,36561.23,Revenue 2026-06 | TRK-101 | PQR Infrastructure
600,revenue,2026-06-28,Revenue - Transport Services,6,1,213983.53,Revenue 2026-06 | TRK-101 | ABC Logistics Pvt Ltd
601,revenue,2026-07-28,Revenue - Transport Services,6,1,249233.09,Revenue 2026-07 | TRK-101 | ABC Logistics Pvt Ltd
602,revenue,2026-07-28,Revenue - Transport Services,6,3,278793.1,Revenue 2026-07 | TRK-101 | DEF Industries
603,revenue,2026-07-28,Revenue - Transport Services,6,4,251895.52,Revenue 2026-07 | TRK-101 | GHI Travels & Tours
604,revenue,2026-07-28,Revenue - Transport Services,6,8,118282.23,Revenue 2026-07 | TRK-101 | STU Exports Ltd
605,revenue,2026-07-28,Revenue - Transport Services,6,6,69804.95,Revenue 2026-07 | TRK-101 | MNO Textiles
606,revenue,2026-07-28,Revenue - Transport Services,6,5,99840.49,Revenue 2026-07 | TRK-101 | JKL Pharma Ltd
607,revenue,2026-07-28,Revenue - Transport Services,6,2,183261.92,Revenue 2026-07 | TRK-101 | XYZ Manufacturing Ltd
608,revenue,2026-07-28,Revenue - Transport Services,6,7,206321.92,Revenue 2026-07 | TRK-101 | PQR Infrastructure
609,revenue,2026-08-28,Revenue - Transport Services,6,2,51251.03,Revenue 2026-08 | TRK-101 | XYZ Manufacturing Ltd
610,revenue,2026-08-28,Revenue - Transport Services,6,5,113078.66,Revenue 2026-08 | TRK-101 | JKL Pharma Ltd
611,revenue,2026-08-28,Revenue - Transport Services,6,1,157977.88,Revenue 2026-08 | TRK-101 | ABC Logistics Pvt Ltd
612,revenue,2026-08-28,Revenue - Transport Services,6,4,56408.01,Revenue 2026-08 | TRK-101 | GHI Travels & Tours
613,revenue,2026-08-28,Revenue - Transport Services,6,7,90940.25,Revenue 2026-08 | TRK-101 | PQR Infrastructure
614,revenue,2026-08-28,Revenue - Transport Services,6,3,44231.62,Revenue 2026-08 | TRK-101 | DEF Industries
615,revenue,2026-08-28,Revenue - Transport Services,6,8,72773.52,Revenue 2026-08 | TRK-101 | STU Exports Ltd
616,revenue,2026-08-28,Revenue - Transport Services,6,6,37815.15,Revenue 2026-08 | TRK-101 | MNO Textiles
617,revenue,2025-09-28,Revenue - Transport Services,7,5,92130.94,Revenue 2025-09 | TRK-102 | JKL Pharma Ltd
618,revenue,2025-09-28,Revenue - Transport Services,7,4,101163.28,Revenue 2025-09 | TRK-102 | GHI Travels & Tours
619,revenue,2025-08-28,Revenue - Transport Services,7,4,105711.82,Revenue 2025-08 | TRK-102 | GHI Travels & Tours
620,revenue,2025-09-28,Revenue - Transport Services,7,2,92785.72,Revenue 2025-09 | TRK-102 | XYZ Manufacturing Ltd
621,revenue,2025-09-28,Revenue - Transport Services,7,7,124819.92,Revenue 2025-09 | TRK-102 | PQR Infrastructure
622,revenue,2025-08-28,Revenue - Transport Services,7,1,141336.06,Revenue 2025-08 | TRK-102 | ABC Logistics Pvt Ltd
623,revenue,2025-08-28,Revenue - Transport Services,7,2,39306.27,Revenue 2025-08 | TRK-102 | XYZ Manufacturing Ltd
624,revenue,2025-08-28,Revenue - Transport Services,7,8,129903.75,Revenue 2025-08 | TRK-102 | STU Exports Ltd
625,revenue,2025-09-28,Revenue - Transport Services,7,6,166954.45,Revenue 2025-09 | TRK-102 | MNO Textiles
626,revenue,2025-08-28,Revenue - Transport Services,7,6,62827.91,Revenue 2025-08 | TRK-102 | MNO Textiles
627,revenue,2025-09-28,Revenue - Transport Services,7,8,84660.36,Revenue 2025-09 | TRK-102 | STU Exports Ltd
628,revenue,2025-09-28,Revenue - Transport Services,7,1,19480.13,Revenue 2025-09 | TRK-102 | ABC Logistics Pvt Ltd
629,revenue,2025-09-28,Revenue - Transport Services,7,3,17066.41,Revenue 2025-09 | TRK-102 | DEF Industries
630,revenue,2025-08-28,Revenue - Transport Services,7,7,16756.64,Revenue 2025-08 | TRK-102 | PQR Infrastructure
631,revenue,2025-08-28,Revenue - Transport Services,7,3,85610.67,Revenue 2025-08 | TRK-102 | DEF Industries
632,revenue,2025-10-28,Revenue - Transport Services,7,1,356386.64,Revenue 2025-10 | TRK-102 | ABC Logistics Pvt Ltd
633,revenue,2025-10-28,Revenue - Transport Services,7,2,57074.56,Revenue 2025-10 | TRK-102 | XYZ Manufacturing Ltd
634,revenue,2025-10-28,Revenue - Transport Services,7,7,133264.02,Revenue 2025-10 | TRK-102 | PQR Infrastructure
635,revenue,2025-10-28,Revenue - Transport Services,7,5,55064.84,Revenue 2025-10 | TRK-102 | JKL Pharma Ltd
636,revenue,2025-10-28,Revenue - Transport Services,7,4,318057.07,Revenue 2025-10 | TRK-102 | GHI Travels & Tours
637,revenue,2025-10-28,Revenue - Transport Services,7,3,152410.64,Revenue 2025-10 | TRK-102 | DEF Industries
638,revenue,2025-10-28,Revenue - Transport Services,7,6,152600.15,Revenue 2025-10 | TRK-102 | MNO Textiles
639,revenue,2025-10-28,Revenue - Transport Services,7,8,57312.61,Revenue 2025-10 | TRK-102 | STU Exports Ltd
640,revenue,2025-11-28,Revenue - Transport Services,7,3,244506.68,Revenue 2025-11 | TRK-102 | DEF Industries
641,revenue,2025-11-28,Revenue - Transport Services,7,4,212121.39,Revenue 2025-11 | TRK-102 | GHI Travels & Tours
642,revenue,2025-11-28,Revenue - Transport Services,7,1,163092.28,Revenue 2025-11 | TRK-102 | ABC Logistics Pvt Ltd
643,revenue,2025-11-28,Revenue - Transport Services,7,8,20407.8,Revenue 2025-11 | TRK-102 | STU Exports Ltd
644,revenue,2025-11-28,Revenue - Transport Services,7,7,14264.84,Revenue 2025-11 | TRK-102 | PQR Infrastructure
645,revenue,2025-11-28,Revenue - Transport Services,7,6,89626.92,Revenue 2025-11 | TRK-102 | MNO Textiles
646,revenue,2025-12-28,Revenue - Transport Services,7,4,238218.07,Revenue 2025-12 | TRK-102 | GHI Travels & Tours
647,revenue,2025-12-28,Revenue - Transport Services,7,6,235511.63,Revenue 2025-12 | TRK-102 | MNO Textiles
648,revenue,2025-11-28,Revenue - Transport Services,7,5,66318.42,Revenue 2025-11 | TRK-102 | JKL Pharma Ltd
649,revenue,2025-12-28,Revenue - Transport Services,7,7,150600.86,Revenue 2025-12 | TRK-102 | PQR Infrastructure
650,revenue,2025-11-28,Revenue - Transport Services,7,2,18106.64,Revenue 2025-11 | TRK-102 | XYZ Manufacturing Ltd
651,revenue,2025-12-28,Revenue - Transport Services,7,3,271201.19,Revenue 2025-12 | TRK-102 | DEF Industries
652,revenue,2025-12-28,Revenue - Transport Services,7,2,98090.54,Revenue 2025-12 | TRK-102 | XYZ Manufacturing Ltd
653,revenue,2025-12-28,Revenue - Transport Services,7,1,120113.61,Revenue 2025-12 | TRK-102 | ABC Logistics Pvt Ltd
654,revenue,2025-12-28,Revenue - Transport Services,7,8,88948.19,Revenue 2025-12 | TRK-102 | STU Exports Ltd
655,revenue,2025-12-28,Revenue - Transport Services,7,5,111558.55,Revenue 2025-12 | TRK-102 | JKL Pharma Ltd
656,revenue,2026-01-28,Revenue - Transport Services,7,1,210527.24,Revenue 2026-01 | TRK-102 | ABC Logistics Pvt Ltd
657,revenue,2026-01-28,Revenue - Transport Services,7,6,115986.41,Revenue 2026-01 | TRK-102 | MNO Textiles
658,revenue,2026-01-28,Revenue - Transport Services,7,2,182032.06,Revenue 2026-01 | TRK-102 | XYZ Manufacturing Ltd
659,revenue,2026-01-28,Revenue - Transport Services,7,7,97963.62,Revenue 2026-01 | TRK-102 | PQR Infrastructure
660,revenue,2026-01-28,Revenue - Transport Services,7,4,164839.56,Revenue 2026-01 | TRK-102 | GHI Travels & Tours
661,revenue,2026-01-28,Revenue - Transport Services,7,8,39703.32,Revenue 2026-01 | TRK-102 | STU Exports Ltd
662,revenue,2026-01-28,Revenue - Transport Services,7,5,144841.14,Revenue 2026-01 | TRK-102 | JKL Pharma Ltd
663,revenue,2026-02-28,Revenue - Transport Services,7,4,150249.23,Revenue 2026-02 | TRK-102 | GHI Travels & Tours
664,revenue,2026-02-28,Revenue - Transport Services,7,1,260572.75,Revenue 2026-02 | TRK-102 | ABC Logistics Pvt Ltd
665,revenue,2026-02-28,Revenue - Transport Services,7,8,142627.08,Revenue 2026-02 | TRK-102 | STU Exports Ltd
666,revenue,2026-01-28,Revenue - Transport Services,7,3,39499.88,Revenue 2026-01 | TRK-102 | DEF Industries
667,revenue,2026-02-28,Revenue - Transport Services,7,6,47339.35,Revenue 2026-02 | TRK-102 | MNO Textiles
668,revenue,2026-02-28,Revenue - Transport Services,7,7,47354.75,Revenue 2026-02 | TRK-102 | PQR Infrastructure
669,revenue,2026-02-28,Revenue - Transport Services,7,2,31008.84,Revenue 2026-02 | TRK-102 | XYZ Manufacturing Ltd
670,revenue,2026-03-28,Revenue - Transport Services,7,8,242071.65,Revenue 2026-03 | TRK-102 | STU Exports Ltd
671,revenue,2026-03-28,Revenue - Transport Services,7,7,156119.31,Revenue 2026-03 | TRK-102 | PQR Infrastructure
672,revenue,2026-03-28,Revenue - Transport Services,7,6,144784.45,Revenue 2026-03 | TRK-102 | MNO Textiles
673,revenue,2026-03-28,Revenue - Transport Services,7,2,141499.31,Revenue 2026-03 | TRK-102 | XYZ Manufacturing Ltd
674,revenue,2026-03-28,Revenue - Transport Services,7,4,132772.46,Revenue 2026-03 | TRK-102 | GHI Travels & Tours
675,revenue,2026-03-28,Revenue - Transport Services,7,5,99414.42,Revenue 2026-03 | TRK-102 | JKL Pharma Ltd
676,revenue,2026-02-28,Revenue - Transport Services,7,3,19372.12,Revenue 2026-02 | TRK-102 | DEF Industries
677,revenue,2026-03-28,Revenue - Transport Services,7,3,126287.94,Revenue 2026-03 | TRK-102 | DEF Industries
678,revenue,2026-02-28,Revenue - Transport Services,7,5,50270.38,Revenue 2026-02 | TRK-102 | JKL Pharma Ltd
679,revenue,2026-04-28,Revenue - Transport Services,7,8,48123.13,Revenue 2026-04 | TRK-102 | STU Exports Ltd
680,revenue,2026-03-28,Revenue - Transport Services,7,1,99420.37,Revenue 2026-03 | TRK-102 | ABC Logistics Pvt Ltd
681,revenue,2026-04-28,Revenue - Transport Services,7,1,303700.11,Revenue 2026-04 | TRK-102 | ABC Logistics Pvt Ltd
682,revenue,2026-04-28,Revenue - Transport Services,7,5,15793.69,Revenue 2026-04 | TRK-102 | JKL Pharma Ltd
683,revenue,2026-04-28,Revenue - Transport Services,7,3,117577.48,Revenue 2026-04 | TRK-102 | DEF Industries
684,revenue,2026-04-28,Revenue - Transport Services,7,4,134267.15,Revenue 2026-04 | TRK-102 | GHI Travels & Tours
685,revenue,2026-04-28,Revenue - Transport Services,7,7,172323.98,Revenue 2026-04 | TRK-102 | PQR Infrastructure
686,revenue,2026-04-28,Revenue - Transport Services,7,6,95719.31,Revenue 2026-04 | TRK-102 | MNO Textiles
687,revenue,2026-05-28,Revenue - Transport Services,7,4,47785.67,Revenue 2026-05 | TRK-102 | GHI Travels & Tours
688,revenue,2026-05-28,Revenue - Transport Services,7,5,169294.38,Revenue 2026-05 | TRK-102 | JKL Pharma Ltd
689,revenue,2026-05-28,Revenue - Transport Services,7,7,80281.17,Revenue 2026-05 | TRK-102 | PQR Infrastructure
690,revenue,2026-05-28,Revenue - Transport Services,7,6,95683.41,Revenue 2026-05 | TRK-102 | MNO Textiles
691,revenue,2026-05-28,Revenue - Transport Services,7,8,119059.22,Revenue 2026-05 | TRK-102 | STU Exports Ltd
692,revenue,2026-05-28,Revenue - Transport Services,7,3,118733.88,Revenue 2026-05 | TRK-102 | DEF Industries
693,revenue,2026-05-28,Revenue - Transport Services,7,1,221435.51,Revenue 2026-05 | TRK-102 | ABC Logistics Pvt Ltd
694,revenue,2026-05-28,Revenue - Transport Services,7,2,56391.21,Revenue 2026-05 | TRK-102 | XYZ Manufacturing Ltd
695,revenue,2026-06-28,Revenue - Transport Services,7,8,66209.01,Revenue 2026-06 | TRK-102 | STU Exports Ltd
696,revenue,2026-06-28,Revenue - Transport Services,7,5,153679.96,Revenue 2026-06 | TRK-102 | JKL Pharma Ltd
697,revenue,2026-06-28,Revenue - Transport Services,7,7,170863.34,Revenue 2026-06 | TRK-102 | PQR Infrastructure
698,revenue,2026-06-28,Revenue - Transport Services,7,3,138462.74,Revenue 2026-06 | TRK-102 | DEF Industries
699,revenue,2026-06-28,Revenue - Transport Services,7,1,169984.83,Revenue 2026-06 | TRK-102 | ABC Logistics Pvt Ltd
700,revenue,2026-06-28,Revenue - Transport Services,7,2,17583.29,Revenue 2026-06 | TRK-102 | XYZ Manufacturing Ltd
701,revenue,2026-06-28,Revenue - Transport Services,7,4,129196.02,Revenue 2026-06 | TRK-102 | GHI Travels & Tours
702,revenue,2026-06-28,Revenue - Transport Services,7,6,58397.42,Revenue 2026-06 | TRK-102 | MNO Textiles
703,revenue,2026-07-28,Revenue - Transport Services,7,1,207611.44,Revenue 2026-07 | TRK-102 | ABC Logistics Pvt Ltd
704,revenue,2026-07-28,Revenue - Transport Services,7,6,153837.31,Revenue 2026-07 | TRK-102 | MNO Textiles
705,revenue,2026-07-28,Revenue - Transport Services,7,2,176320.34,Revenue 2026-07 | TRK-102 | XYZ Manufacturing Ltd
706,revenue,2026-07-28,Revenue - Transport Services,7,3,179303.33,Revenue 2026-07 | TRK-102 | DEF Industries
707,revenue,2026-07-28,Revenue - Transport Services,7,5,206268.93,Revenue 2026-07 | TRK-102 | JKL Pharma Ltd
708,revenue,2026-07-28,Revenue - Transport Services,7,8,94500.35,Revenue 2026-07 | TRK-102 | STU Exports Ltd
709,revenue,2026-07-28,Revenue - Transport Services,7,4,94585.22,Revenue 2026-07 | TRK-102 | GHI Travels & Tours
710,revenue,2026-07-28,Revenue - Transport Services,7,7,219430.93,Revenue 2026-07 | TRK-102 | PQR Infrastructure
711,revenue,2026-08-28,Revenue - Transport Services,7,3,36792.59,Revenue 2026-08 | TRK-102 | DEF Industries
712,revenue,2026-08-28,Revenue - Transport Services,7,6,84745.19,Revenue 2026-08 | TRK-102 | MNO Textiles
713,revenue,2026-08-28,Revenue - Transport Services,7,7,125438.99,Revenue 2026-08 | TRK-102 | PQR Infrastructure
714,revenue,2026-08-28,Revenue - Transport Services,7,5,77136.21,Revenue 2026-08 | TRK-102 | JKL Pharma Ltd
715,revenue,2026-08-28,Revenue - Transport Services,7,8,20870.81,Revenue 2026-08 | TRK-102 | STU Exports Ltd
716,revenue,2026-08-28,Revenue - Transport Services,7,4,94876.18,Revenue 2026-08 | TRK-102 | GHI Travels & Tours
717,revenue,2026-08-28,Revenue - Transport Services,7,1,50658.21,Revenue 2026-08 | TRK-102 | ABC Logistics Pvt Ltd
718,revenue,2026-08-28,Revenue - Transport Services,7,2,40781.99,Revenue 2026-08 | TRK-102 | XYZ Manufacturing Ltd
719,revenue,2025-08-28,Revenue - Transport Services,8,7,76838.9,Revenue 2025-08 | TRK-103 | PQR Infrastructure
720,revenue,2025-09-28,Revenue - Transport Services,8,6,154874.86,Revenue 2025-09 | TRK-103 | MNO Textiles
721,revenue,2025-09-28,Revenue - Transport Services,8,3,132425.12,Revenue 2025-09 | TRK-103 | DEF Industries
722,revenue,2025-09-28,Revenue - Transport Services,8,5,62910.23,Revenue 2025-09 | TRK-103 | JKL Pharma Ltd
723,revenue,2025-09-28,Revenue - Transport Services,8,4,81927.93,Revenue 2025-09 | TRK-103 | GHI Travels & Tours
724,revenue,2025-09-28,Revenue - Transport Services,8,1,170604.92,Revenue 2025-09 | TRK-103 | ABC Logistics Pvt Ltd
725,revenue,2025-08-28,Revenue - Transport Services,8,1,33732.37,Revenue 2025-08 | TRK-103 | ABC Logistics Pvt Ltd
726,revenue,2025-09-28,Revenue - Transport Services,8,2,44969.42,Revenue 2025-09 | TRK-103 | XYZ Manufacturing Ltd
727,revenue,2025-09-28,Revenue - Transport Services,8,7,104328.77,Revenue 2025-09 | TRK-103 | PQR Infrastructure
728,revenue,2025-08-28,Revenue - Transport Services,8,5,26422.96,Revenue 2025-08 | TRK-103 | JKL Pharma Ltd
729,revenue,2025-08-28,Revenue - Transport Services,8,2,28719.66,Revenue 2025-08 | TRK-103 | XYZ Manufacturing Ltd
730,revenue,2025-10-28,Revenue - Transport Services,8,2,106805.05,Revenue 2025-10 | TRK-103 | XYZ Manufacturing Ltd
731,revenue,2025-10-28,Revenue - Transport Services,8,1,172250.41,Revenue 2025-10 | TRK-103 | ABC Logistics Pvt Ltd
732,revenue,2025-10-28,Revenue - Transport Services,8,4,57264.99,Revenue 2025-10 | TRK-103 | GHI Travels & Tours
733,revenue,2025-10-28,Revenue - Transport Services,8,5,109473.43,Revenue 2025-10 | TRK-103 | JKL Pharma Ltd
734,revenue,2025-10-28,Revenue - Transport Services,8,6,87782.37,Revenue 2025-10 | TRK-103 | MNO Textiles
735,revenue,2025-09-28,Revenue - Transport Services,8,8,37002.81,Revenue 2025-09 | TRK-103 | STU Exports Ltd
736,revenue,2025-10-28,Revenue - Transport Services,8,7,130504.76,Revenue 2025-10 | TRK-103 | PQR Infrastructure
737,revenue,2025-10-28,Revenue - Transport Services,8,8,34872.81,Revenue 2025-10 | TRK-103 | STU Exports Ltd
738,revenue,2025-11-28,Revenue - Transport Services,8,6,59359.66,Revenue 2025-11 | TRK-103 | MNO Textiles
739,revenue,2025-11-28,Revenue - Transport Services,8,3,75083.61,Revenue 2025-11 | TRK-103 | DEF Industries
740,revenue,2025-11-28,Revenue - Transport Services,8,7,81543.83,Revenue 2025-11 | TRK-103 | PQR Infrastructure
741,revenue,2025-11-28,Revenue - Transport Services,8,1,61134.99,Revenue 2025-11 | TRK-103 | ABC Logistics Pvt Ltd
742,revenue,2025-11-28,Revenue - Transport Services,8,5,152043.28,Revenue 2025-11 | TRK-103 | JKL Pharma Ltd
743,revenue,2025-11-28,Revenue - Transport Services,8,2,120564.61,Revenue 2025-11 | TRK-103 | XYZ Manufacturing Ltd
744,revenue,2025-10-28,Revenue - Transport Services,8,3,90629.3,Revenue 2025-10 | TRK-103 | DEF Industries
745,revenue,2025-11-28,Revenue - Transport Services,8,8,69014.53,Revenue 2025-11 | TRK-103 | STU Exports Ltd
746,revenue,2025-12-28,Revenue - Transport Services,8,4,130231.03,Revenue 2025-12 | TRK-103 | GHI Travels & Tours
747,revenue,2025-11-28,Revenue - Transport Services,8,4,65065.45,Revenue 2025-11 | TRK-103 | GHI Travels & Tours
748,revenue,2025-12-28,Revenue - Transport Services,8,8,142296.2,Revenue 2025-12 | TRK-103 | STU Exports Ltd
749,revenue,2025-12-28,Revenue - Transport Services,8,6,65265.57,Revenue 2025-12 | TRK-103 | MNO Textiles
750,revenue,2025-12-28,Revenue - Transport Services,8,5,180178.54,Revenue 2025-12 | TRK-103 | JKL Pharma Ltd
751,revenue,2025-12-28,Revenue - Transport Services,8,1,85520.46,Revenue 2025-12 | TRK-103 | ABC Logistics Pvt Ltd
752,revenue,2025-12-28,Revenue - Transport Services,8,3,81260.17,Revenue 2025-12 | TRK-103 | DEF Industries
753,revenue,2025-12-28,Revenue - Transport Services,8,7,49245.23,Revenue 2025-12 | TRK-103 | PQR Infrastructure
754,revenue,2025-12-28,Revenue - Transport Services,8,2,120926.24,Revenue 2025-12 | TRK-103 | XYZ Manufacturing Ltd
755,revenue,2026-01-28,Revenue - Transport Services,8,2,73609.17,Revenue 2026-01 | TRK-103 | XYZ Manufacturing Ltd
756,revenue,2026-01-28,Revenue - Transport Services,8,3,160016.02,Revenue 2026-01 | TRK-103 | DEF Industries
757,revenue,2026-01-28,Revenue - Transport Services,8,5,75000.86,Revenue 2026-01 | TRK-103 | JKL Pharma Ltd
758,revenue,2026-01-28,Revenue - Transport Services,8,4,99978.76,Revenue 2026-01 | TRK-103 | GHI Travels & Tours
759,revenue,2026-01-28,Revenue - Transport Services,8,1,153900.42,Revenue 2026-01 | TRK-103 | ABC Logistics Pvt Ltd
760,revenue,2026-01-28,Revenue - Transport Services,8,6,47828.1,Revenue 2026-01 | TRK-103 | MNO Textiles
761,revenue,2026-01-28,Revenue - Transport Services,8,7,95757.48,Revenue 2026-01 | TRK-103 | PQR Infrastructure
762,revenue,2026-02-28,Revenue - Transport Services,8,5,126445.09,Revenue 2026-02 | TRK-103 | JKL Pharma Ltd
763,revenue,2026-02-28,Revenue - Transport Services,8,1,136624.59,Revenue 2026-02 | TRK-103 | ABC Logistics Pvt Ltd
764,revenue,2026-02-28,Revenue - Transport Services,8,8,80688.78,Revenue 2026-02 | TRK-103 | STU Exports Ltd
765,revenue,2026-02-28,Revenue - Transport Services,8,6,124977.05,Revenue 2026-02 | TRK-103 | MNO Textiles
766,revenue,2026-02-28,Revenue - Transport Services,8,3,66448.2,Revenue 2026-02 | TRK-103 | DEF Industries
767,revenue,2026-02-28,Revenue - Transport Services,8,4,65967.45,Revenue 2026-02 | TRK-103 | GHI Travels & Tours
768,revenue,2026-02-28,Revenue - Transport Services,8,7,79871.55,Revenue 2026-02 | TRK-103 | PQR Infrastructure
769,revenue,2026-03-28,Revenue - Transport Services,8,4,65899.12,Revenue 2026-03 | TRK-103 | GHI Travels & Tours
770,revenue,2026-03-28,Revenue - Transport Services,8,8,143184.63,Revenue 2026-03 | TRK-103 | STU Exports Ltd
771,revenue,2026-03-28,Revenue - Transport Services,8,5,113533.65,Revenue 2026-03 | TRK-103 | JKL Pharma Ltd
772,revenue,2026-03-28,Revenue - Transport Services,8,1,54228.7,Revenue 2026-03 | TRK-103 | ABC Logistics Pvt Ltd
773,revenue,2026-03-28,Revenue - Transport Services,8,7,89811.1,Revenue 2026-03 | TRK-103 | PQR Infrastructure
774,revenue,2026-03-28,Revenue - Transport Services,8,3,58524.83,Revenue 2026-03 | TRK-103 | DEF Industries
775,revenue,2026-02-28,Revenue - Transport Services,8,2,34303.81,Revenue 2026-02 | TRK-103 | XYZ Manufacturing Ltd
776,revenue,2026-03-28,Revenue - Transport Services,8,6,40571.57,Revenue 2026-03 | TRK-103 | MNO Textiles
777,revenue,2026-03-28,Revenue - Transport Services,8,2,29304.89,Revenue 2026-03 | TRK-103 | XYZ Manufacturing Ltd
778,revenue,2026-04-28,Revenue - Transport Services,8,2,118629.38,Revenue 2026-04 | TRK-103 | XYZ Manufacturing Ltd
779,revenue,2026-04-28,Revenue - Transport Services,8,6,213033.4,Revenue 2026-04 | TRK-103 | MNO Textiles
780,revenue,2026-04-28,Revenue - Transport Services,8,1,94188.53,Revenue 2026-04 | TRK-103 | ABC Logistics Pvt Ltd
781,revenue,2026-04-28,Revenue - Transport Services,8,7,83319.14,Revenue 2026-04 | TRK-103 | PQR Infrastructure
782,revenue,2026-04-28,Revenue - Transport Services,8,4,154903.55,Revenue 2026-04 | TRK-103 | GHI Travels & Tours
783,revenue,2026-04-28,Revenue - Transport Services,8,3,77325.8,Revenue 2026-04 | TRK-103 | DEF Industries
784,revenue,2026-04-28,Revenue - Transport Services,8,5,25572.0,Revenue 2026-04 | TRK-103 | JKL Pharma Ltd
785,revenue,2026-05-28,Revenue - Transport Services,8,4,149405.55,Revenue 2026-05 | TRK-103 | GHI Travels & Tours
786,revenue,2026-05-28,Revenue - Transport Services,8,6,80115.82,Revenue 2026-05 | TRK-103 | MNO Textiles
787,revenue,2026-05-28,Revenue - Transport Services,8,1,137539.94,Revenue 2026-05 | TRK-103 | ABC Logistics Pvt Ltd
788,revenue,2026-05-28,Revenue - Transport Services,8,3,43242.88,Revenue 2026-05 | TRK-103 | DEF Industries
789,revenue,2026-05-28,Revenue - Transport Services,8,7,123044.44,Revenue 2026-05 | TRK-103 | PQR Infrastructure
790,revenue,2026-05-28,Revenue - Transport Services,8,5,86439.85,Revenue 2026-05 | TRK-103 | JKL Pharma Ltd
791,revenue,2026-05-28,Revenue - Transport Services,8,8,81846.94,Revenue 2026-05 | TRK-103 | STU Exports Ltd
792,revenue,2026-06-28,Revenue - Transport Services,8,7,98837.01,Revenue 2026-06 | TRK-103 | PQR Infrastructure
793,revenue,2026-06-28,Revenue - Transport Services,8,1,180523.91,Revenue 2026-06 | TRK-103 | ABC Logistics Pvt Ltd
794,revenue,2026-06-28,Revenue - Transport Services,8,3,178357.65,Revenue 2026-06 | TRK-103 | DEF Industries
795,revenue,2026-06-28,Revenue - Transport Services,8,6,88924.49,Revenue 2026-06 | TRK-103 | MNO Textiles
796,revenue,2026-06-28,Revenue - Transport Services,8,8,126834.13,Revenue 2026-06 | TRK-103 | STU Exports Ltd
797,revenue,2026-06-28,Revenue - Transport Services,8,4,59907.38,Revenue 2026-06 | TRK-103 | GHI Travels & Tours
798,revenue,2026-06-28,Revenue - Transport Services,8,2,121053.2,Revenue 2026-06 | TRK-103 | XYZ Manufacturing Ltd
799,revenue,2026-05-28,Revenue - Transport Services,8,2,22609.96,Revenue 2026-05 | TRK-103 | XYZ Manufacturing Ltd
800,revenue,2026-06-28,Revenue - Transport Services,8,5,48063.34,Revenue 2026-06 | TRK-103 | JKL Pharma Ltd
801,revenue,2026-07-28,Revenue - Transport Services,8,6,152691.65,Revenue 2026-07 | TRK-103 | MNO Textiles
802,revenue,2026-07-28,Revenue - Transport Services,8,1,243112.86,Revenue 2026-07 | TRK-103 | ABC Logistics Pvt Ltd
803,revenue,2026-07-28,Revenue - Transport Services,8,4,69497.67,Revenue 2026-07 | TRK-103 | GHI Travels & Tours
804,revenue,2026-07-28,Revenue - Transport Services,8,2,108468.98,Revenue 2026-07 | TRK-103 | XYZ Manufacturing Ltd
805,revenue,2026-07-28,Revenue - Transport Services,8,8,45118.57,Revenue 2026-07 | TRK-103 | STU Exports Ltd
806,revenue,2026-07-28,Revenue - Transport Services,8,3,27786.46,Revenue 2026-07 | TRK-103 | DEF Industries
807,revenue,2026-07-28,Revenue - Transport Services,8,7,46384.42,Revenue 2026-07 | TRK-103 | PQR Infrastructure
808,revenue,2026-08-28,Revenue - Transport Services,8,2,34341.48,Revenue 2026-08 | TRK-103 | XYZ Manufacturing Ltd
809,revenue,2026-08-28,Revenue - Transport Services,8,1,43484.66,Revenue 2026-08 | TRK-103 | ABC Logistics Pvt Ltd
810,revenue,2026-08-28,Revenue - Transport Services,8,5,73847.45,Revenue 2026-08 | TRK-103 | JKL Pharma Ltd
811,revenue,2026-08-28,Revenue - Transport Services,8,7,67184.57,Revenue 2026-08 | TRK-103 | PQR Infrastructure
812,revenue,2026-08-28,Revenue - Transport Services,8,3,28073.69,Revenue 2026-08 | TRK-103 | DEF Industries
813,revenue,2026-07-28,Revenue - Transport Services,8,5,30046.66,Revenue 2026-07 | TRK-103 | JKL Pharma Ltd
814,revenue,2026-08-28,Revenue - Transport Services,8,4,15189.6,Revenue 2026-08 | TRK-103 | GHI Travels & Tours
815,revenue,2026-08-28,Revenue - Transport Services,8,6,26927.24,Revenue 2026-08 | TRK-103 | MNO Textiles
816,revenue,2025-09-28,Revenue - Transport Services,9,3,211655.71,Revenue 2025-09 | VAN-101 | DEF Industries
817,revenue,2025-08-28,Revenue - Transport Services,9,2,98278.57,Revenue 2025-08 | VAN-101 | XYZ Manufacturing Ltd
818,revenue,2025-09-28,Revenue - Transport Services,9,5,116587.03,Revenue 2025-09 | VAN-101 | JKL Pharma Ltd
819,revenue,2025-08-28,Revenue - Transport Services,9,6,50061.25,Revenue 2025-08 | VAN-101 | MNO Textiles
820,revenue,2025-09-28,Revenue - Transport Services,9,4,156831.48,Revenue 2025-09 | VAN-101 | GHI Travels & Tours
821,revenue,2025-09-28,Revenue - Transport Services,9,6,296869.88,Revenue 2025-09 | VAN-101 | MNO Textiles
822,revenue,2025-08-28,Revenue - Transport Services,9,4,42236.94,Revenue 2025-08 | VAN-101 | GHI Travels & Tours
823,revenue,2025-08-28,Revenue - Transport Services,9,3,91988.0,Revenue 2025-08 | VAN-101 | DEF Industries
824,revenue,2025-09-28,Revenue - Transport Services,9,8,142539.78,Revenue 2025-09 | VAN-101 | STU Exports Ltd
825,revenue,2025-08-28,Revenue - Transport Services,9,5,42196.79,Revenue 2025-08 | VAN-101 | JKL Pharma Ltd
826,revenue,2025-08-28,Revenue - Transport Services,9,8,39567.93,Revenue 2025-08 | VAN-101 | STU Exports Ltd
827,revenue,2025-09-28,Revenue - Transport Services,9,2,160320.59,Revenue 2025-09 | VAN-101 | XYZ Manufacturing Ltd
828,revenue,2025-09-28,Revenue - Transport Services,9,1,171024.92,Revenue 2025-09 | VAN-101 | ABC Logistics Pvt Ltd
829,revenue,2025-08-28,Revenue - Transport Services,9,1,20032.4,Revenue 2025-08 | VAN-101 | ABC Logistics Pvt Ltd
830,revenue,2025-09-28,Revenue - Transport Services,9,7,219267.23,Revenue 2025-09 | VAN-101 | PQR Infrastructure
831,revenue,2025-10-28,Revenue - Transport Services,9,6,162164.14,Revenue 2025-10 | VAN-101 | MNO Textiles
832,revenue,2025-10-28,Revenue - Transport Services,9,3,175236.42,Revenue 2025-10 | VAN-101 | DEF Industries
833,revenue,2025-10-28,Revenue - Transport Services,9,2,35907.78,Revenue 2025-10 | VAN-101 | XYZ Manufacturing Ltd
834,revenue,2025-10-28,Revenue - Transport Services,9,4,150297.41,Revenue 2025-10 | VAN-101 | GHI Travels & Tours
835,revenue,2025-10-28,Revenue - Transport Services,9,8,138125.66,Revenue 2025-10 | VAN-101 | STU Exports Ltd
836,revenue,2025-10-28,Revenue - Transport Services,9,5,100343.83,Revenue 2025-10 | VAN-101 | JKL Pharma Ltd
837,revenue,2025-10-28,Revenue - Transport Services,9,7,250508.61,Revenue 2025-10 | VAN-101 | PQR Infrastructure
838,revenue,2025-11-28,Revenue - Transport Services,9,2,309160.43,Revenue 2025-11 | VAN-101 | XYZ Manufacturing Ltd
839,revenue,2025-11-28,Revenue - Transport Services,9,8,98630.13,Revenue 2025-11 | VAN-101 | STU Exports Ltd
840,revenue,2025-11-28,Revenue - Transport Services,9,4,297704.3,Revenue 2025-11 | VAN-101 | GHI Travels & Tours
841,revenue,2025-11-28,Revenue - Transport Services,9,1,111165.62,Revenue 2025-11 | VAN-101 | ABC Logistics Pvt Ltd
842,revenue,2025-11-28,Revenue - Transport Services,9,7,145256.08,Revenue 2025-11 | VAN-101 | PQR Infrastructure
843,revenue,2025-11-28,Revenue - Transport Services,9,3,140604.23,Revenue 2025-11 | VAN-101 | DEF Industries
844,revenue,2025-11-28,Revenue - Transport Services,9,5,225762.47,Revenue 2025-11 | VAN-101 | JKL Pharma Ltd
845,revenue,2025-10-28,Revenue - Transport Services,9,1,19716.66,Revenue 2025-10 | VAN-101 | ABC Logistics Pvt Ltd
846,revenue,2025-11-28,Revenue - Transport Services,9,6,152382.51,Revenue 2025-11 | VAN-101 | MNO Textiles
847,revenue,2025-12-28,Revenue - Transport Services,9,6,311236.46,Revenue 2025-12 | VAN-101 | MNO Textiles
848,revenue,2025-12-28,Revenue - Transport Services,9,5,95892.44,Revenue 2025-12 | VAN-101 | JKL Pharma Ltd
849,revenue,2025-12-28,Revenue - Transport Services,9,1,115286.59,Revenue 2025-12 | VAN-101 | ABC Logistics Pvt Ltd
850,revenue,2025-12-28,Revenue - Transport Services,9,7,174942.11,Revenue 2025-12 | VAN-101 | PQR Infrastructure
851,revenue,2025-12-28,Revenue - Transport Services,9,2,169842.8,Revenue 2025-12 | VAN-101 | XYZ Manufacturing Ltd
852,revenue,2025-12-28,Revenue - Transport Services,9,4,177534.84,Revenue 2025-12 | VAN-101 | GHI Travels & Tours
853,revenue,2025-12-28,Revenue - Transport Services,9,8,209947.3,Revenue 2025-12 | VAN-101 | STU Exports Ltd
854,revenue,2026-01-28,Revenue - Transport Services,9,3,185055.82,Revenue 2026-01 | VAN-101 | DEF Industries
855,revenue,2026-01-28,Revenue - Transport Services,9,4,119672.51,Revenue 2026-01 | VAN-101 | GHI Travels & Tours
856,revenue,2026-01-28,Revenue - Transport Services,9,1,103449.88,Revenue 2026-01 | VAN-101 | ABC Logistics Pvt Ltd
857,revenue,2026-01-28,Revenue - Transport Services,9,7,227058.09,Revenue 2026-01 | VAN-101 | PQR Infrastructure
858,revenue,2026-01-28,Revenue - Transport Services,9,5,121318.75,Revenue 2026-01 | VAN-101 | JKL Pharma Ltd
859,revenue,2026-01-28,Revenue - Transport Services,9,6,273875.05,Revenue 2026-01 | VAN-101 | MNO Textiles
860,revenue,2025-12-28,Revenue - Transport Services,9,3,121985.74,Revenue 2025-12 | VAN-101 | DEF Industries
861,revenue,2026-01-28,Revenue - Transport Services,9,8,178743.5,Revenue 2026-01 | VAN-101 | STU Exports Ltd
862,revenue,2026-01-28,Revenue - Transport Services,9,2,151226.83,Revenue 2026-01 | VAN-101 | XYZ Manufacturing Ltd
863,revenue,2026-02-28,Revenue - Transport Services,9,4,78045.23,Revenue 2026-02 | VAN-101 | GHI Travels & Tours
864,revenue,2026-02-28,Revenue - Transport Services,9,2,125026.27,Revenue 2026-02 | VAN-101 | XYZ Manufacturing Ltd
865,revenue,2026-02-28,Revenue - Transport Services,9,6,116193.67,Revenue 2026-02 | VAN-101 | MNO Textiles
866,revenue,2026-02-28,Revenue - Transport Services,9,3,207462.74,Revenue 2026-02 | VAN-101 | DEF Industries
867,revenue,2026-02-28,Revenue - Transport Services,9,7,126047.94,Revenue 2026-02 | VAN-101 | PQR Infrastructure
868,revenue,2026-02-28,Revenue - Transport Services,9,8,248388.07,Revenue 2026-02 | VAN-101 | STU Exports Ltd
869,revenue,2026-02-28,Revenue - Transport Services,9,5,32424.95,Revenue 2026-02 | VAN-101 | JKL Pharma Ltd
870,revenue,2026-02-28,Revenue - Transport Services,9,1,149469.62,Revenue 2026-02 | VAN-101 | ABC Logistics Pvt Ltd
871,revenue,2026-03-28,Revenue - Transport Services,9,6,236845.26,Revenue 2026-03 | VAN-101 | MNO Textiles
872,revenue,2026-03-28,Revenue - Transport Services,9,5,211439.16,Revenue 2026-03 | VAN-101 | JKL Pharma Ltd
873,revenue,2026-03-28,Revenue - Transport Services,9,2,241689.86,Revenue 2026-03 | VAN-101 | XYZ Manufacturing Ltd
874,revenue,2026-03-28,Revenue - Transport Services,9,8,174455.8,Revenue 2026-03 | VAN-101 | STU Exports Ltd
875,revenue,2026-03-28,Revenue - Transport Services,9,4,167013.85,Revenue 2026-03 | VAN-101 | GHI Travels & Tours
876,revenue,2026-03-28,Revenue - Transport Services,9,7,177203.78,Revenue 2026-03 | VAN-101 | PQR Infrastructure
877,revenue,2026-03-28,Revenue - Transport Services,9,1,101848.64,Revenue 2026-03 | VAN-101 | ABC Logistics Pvt Ltd
878,revenue,2026-04-28,Revenue - Transport Services,9,1,405599.62,Revenue 2026-04 | VAN-101 | ABC Logistics Pvt Ltd
879,revenue,2026-04-28,Revenue - Transport Services,9,8,225941.43,Revenue 2026-04 | VAN-101 | STU Exports Ltd
880,revenue,2026-04-28,Revenue - Transport Services,9,5,198947.08,Revenue 2026-04 | VAN-101 | JKL Pharma Ltd
881,revenue,2026-04-28,Revenue - Transport Services,9,2,142572.69,Revenue 2026-04 | VAN-101 | XYZ Manufacturing Ltd
882,revenue,2026-03-28,Revenue - Transport Services,9,3,47765.09,Revenue 2026-03 | VAN-101 | DEF Industries
883,revenue,2026-04-28,Revenue - Transport Services,9,4,122822.49,Revenue 2026-04 | VAN-101 | GHI Travels & Tours
884,revenue,2026-04-28,Revenue - Transport Services,9,6,147638.53,Revenue 2026-04 | VAN-101 | MNO Textiles
885,revenue,2026-04-28,Revenue - Transport Services,9,3,85159.08,Revenue 2026-04 | VAN-101 | DEF Industries
886,revenue,2026-04-28,Revenue - Transport Services,9,7,73657.99,Revenue 2026-04 | VAN-101 | PQR Infrastructure
887,revenue,2026-05-28,Revenue - Transport Services,9,1,253232.77,Revenue 2026-05 | VAN-101 | ABC Logistics Pvt Ltd
888,revenue,2026-05-28,Revenue - Transport Services,9,3,260463.81,Revenue 2026-05 | VAN-101 | DEF Industries
889,revenue,2026-05-28,Revenue - Transport Services,9,5,205063.18,Revenue 2026-05 | VAN-101 | JKL Pharma Ltd
890,revenue,2026-05-28,Revenue - Transport Services,9,7,161756.57,Revenue 2026-05 | VAN-101 | PQR Infrastructure
891,revenue,2026-05-28,Revenue - Transport Services,9,4,326821.5,Revenue 2026-05 | VAN-101 | GHI Travels & Tours
892,revenue,2026-05-28,Revenue - Transport Services,9,6,182610.65,Revenue 2026-05 | VAN-101 | MNO Textiles
893,revenue,2026-05-28,Revenue - Transport Services,9,2,147775.14,Revenue 2026-05 | VAN-101 | XYZ Manufacturing Ltd
894,revenue,2026-05-28,Revenue - Transport Services,9,8,122357.03,Revenue 2026-05 | VAN-101 | STU Exports Ltd
895,revenue,2026-06-28,Revenue - Transport Services,9,2,204415.35,Revenue 2026-06 | VAN-101 | XYZ Manufacturing Ltd
896,revenue,2026-06-28,Revenue - Transport Services,9,7,241179.99,Revenue 2026-06 | VAN-101 | PQR Infrastructure
897,revenue,2026-06-28,Revenue - Transport Services,9,4,20612.85,Revenue 2026-06 | VAN-101 | GHI Travels & Tours
898,revenue,2026-06-28,Revenue - Transport Services,9,1,169169.41,Revenue 2026-06 | VAN-101 | ABC Logistics Pvt Ltd
899,revenue,2026-06-28,Revenue - Transport Services,9,5,157605.69,Revenue 2026-06 | VAN-101 | JKL Pharma Ltd
900,revenue,2026-06-28,Revenue - Transport Services,9,6,112065.36,Revenue 2026-06 | VAN-101 | MNO Textiles
901,revenue,2026-06-28,Revenue - Transport Services,9,8,224198.21,Revenue 2026-06 | VAN-101 | STU Exports Ltd
902,revenue,2026-07-28,Revenue - Transport Services,9,5,233740.15,Revenue 2026-07 | VAN-101 | JKL Pharma Ltd
903,revenue,2026-07-28,Revenue - Transport Services,9,3,153133.98,Revenue 2026-07 | VAN-101 | DEF Industries
904,revenue,2026-07-28,Revenue - Transport Services,9,8,298995.58,Revenue 2026-07 | VAN-101 | STU Exports Ltd
905,revenue,2026-06-28,Revenue - Transport Services,9,3,132254.9,Revenue 2026-06 | VAN-101 | DEF Industries
906,revenue,2026-07-28,Revenue - Transport Services,9,4,247943.88,Revenue 2026-07 | VAN-101 | GHI Travels & Tours
907,revenue,2026-07-28,Revenue - Transport Services,9,1,59305.86,Revenue 2026-07 | VAN-101 | ABC Logistics Pvt Ltd
908,revenue,2026-07-28,Revenue - Transport Services,9,6,253612.17,Revenue 2026-07 | VAN-101 | MNO Textiles
909,revenue,2026-07-28,Revenue - Transport Services,9,7,112072.74,Revenue 2026-07 | VAN-101 | PQR Infrastructure
910,revenue,2026-07-28,Revenue - Transport Services,9,2,186347.23,Revenue 2026-07 | VAN-101 | XYZ Manufacturing Ltd
911,revenue,2026-08-28,Revenue - Transport Services,9,1,96203.23,Revenue 2026-08 | VAN-101 | ABC Logistics Pvt Ltd
912,revenue,2026-08-28,Revenue - Transport Services,9,2,176373.61,Revenue 2026-08 | VAN-101 | XYZ Manufacturing Ltd
913,revenue,2026-08-28,Revenue - Transport Services,9,3,147958.66,Revenue 2026-08 | VAN-101 | DEF Industries
914,revenue,2026-08-28,Revenue - Transport Services,9,6,46494.25,Revenue 2026-08 | VAN-101 | MNO Textiles
915,revenue,2026-08-28,Revenue - Transport Services,9,4,100637.74,Revenue 2026-08 | VAN-101 | GHI Travels & Tours
916,revenue,2026-08-28,Revenue - Transport Services,9,8,47898.34,Revenue 2026-08 | VAN-101 | STU Exports Ltd
917,revenue,2026-08-28,Revenue - Transport Services,9,7,87436.3,Revenue 2026-08 | VAN-101 | PQR Infrastructure
918,revenue,2025-08-28,Revenue - Transport Services,10,7,29997.38,Revenue 2025-08 | VAN-102 | PQR Infrastructure
919,revenue,2025-08-28,Revenue - Transport Services,10,1,39445.34,Revenue 2025-08 | VAN-102 | ABC Logistics Pvt Ltd
920,revenue,2025-09-28,Revenue - Transport Services,10,1,138422.5,Revenue 2025-09 | VAN-102 | ABC Logistics Pvt Ltd
921,revenue,2025-08-28,Revenue - Transport Services,10,3,17161.88,Revenue 2025-08 | VAN-102 | DEF Industries
922,revenue,2025-09-28,Revenue - Transport Services,10,2,65497.47,Revenue 2025-09 | VAN-102 | XYZ Manufacturing Ltd
923,revenue,2025-09-28,Revenue - Transport Services,10,6,65216.2,Revenue 2025-09 | VAN-102 | MNO Textiles
924,revenue,2025-09-28,Revenue - Transport Services,10,3,51279.91,Revenue 2025-09 | VAN-102 | DEF Industries
925,revenue,2025-08-28,Revenue - Transport Services,10,8,20556.06,Revenue 2025-08 | VAN-102 | STU Exports Ltd
926,revenue,2025-08-28,Revenue - Transport Services,10,5,27079.15,Revenue 2025-08 | VAN-102 | JKL Pharma Ltd
927,revenue,2025-09-28,Revenue - Transport Services,10,5,59731.58,Revenue 2025-09 | VAN-102 | JKL Pharma Ltd
928,revenue,2025-08-28,Revenue - Transport Services,10,4,20667.76,Revenue 2025-08 | VAN-102 | GHI Travels & Tours
929,revenue,2025-08-28,Revenue - Transport Services,10,2,13420.29,Revenue 2025-08 | VAN-102 | XYZ Manufacturing Ltd
930,revenue,2025-10-28,Revenue - Transport Services,10,5,92806.96,Revenue 2025-10 | VAN-102 | JKL Pharma Ltd
931,revenue,2025-10-28,Revenue - Transport Services,10,2,69403.27,Revenue 2025-10 | VAN-102 | XYZ Manufacturing Ltd
932,revenue,2025-10-28,Revenue - Transport Services,10,1,77826.33,Revenue 2025-10 | VAN-102 | ABC Logistics Pvt Ltd
933,revenue,2025-09-28,Revenue - Transport Services,10,7,31795.54,Revenue 2025-09 | VAN-102 | PQR Infrastructure
934,revenue,2025-10-28,Revenue - Transport Services,10,6,53274.87,Revenue 2025-10 | VAN-102 | MNO Textiles
935,revenue,2025-09-28,Revenue - Transport Services,10,8,37991.98,Revenue 2025-09 | VAN-102 | STU Exports Ltd
936,revenue,2025-09-28,Revenue - Transport Services,10,4,22240.94,Revenue 2025-09 | VAN-102 | GHI Travels & Tours
937,revenue,2025-10-28,Revenue - Transport Services,10,4,34186.75,Revenue 2025-10 | VAN-102 | GHI Travels & Tours
938,revenue,2025-10-28,Revenue - Transport Services,10,8,36681.74,Revenue 2025-10 | VAN-102 | STU Exports Ltd
939,revenue,2025-11-28,Revenue - Transport Services,10,8,61099.27,Revenue 2025-11 | VAN-102 | STU Exports Ltd
940,revenue,2025-11-28,Revenue - Transport Services,10,4,99578.02,Revenue 2025-11 | VAN-102 | GHI Travels & Tours
941,revenue,2025-10-28,Revenue - Transport Services,10,3,35570.97,Revenue 2025-10 | VAN-102 | DEF Industries
942,revenue,2025-11-28,Revenue - Transport Services,10,6,102423.57,Revenue 2025-11 | VAN-102 | MNO Textiles
943,revenue,2025-11-28,Revenue - Transport Services,10,1,59352.78,Revenue 2025-11 | VAN-102 | ABC Logistics Pvt Ltd
944,revenue,2025-11-28,Revenue - Transport Services,10,7,73640.27,Revenue 2025-11 | VAN-102 | PQR Infrastructure
945,revenue,2025-11-28,Revenue - Transport Services,10,2,15361.82,Revenue 2025-11 | VAN-102 | XYZ Manufacturing Ltd
946,revenue,2025-10-28,Revenue - Transport Services,10,7,27658.95,Revenue 2025-10 | VAN-102 | PQR Infrastructure
947,revenue,2025-11-28,Revenue - Transport Services,10,5,74656.42,Revenue 2025-11 | VAN-102 | JKL Pharma Ltd
948,revenue,2025-12-28,Revenue - Transport Services,10,4,60492.46,Revenue 2025-12 | VAN-102 | GHI Travels & Tours
949,revenue,2025-12-28,Revenue - Transport Services,10,7,73455.83,Revenue 2025-12 | VAN-102 | PQR Infrastructure
950,revenue,2025-11-28,Revenue - Transport Services,10,3,51277.62,Revenue 2025-11 | VAN-102 | DEF Industries
951,revenue,2025-12-28,Revenue - Transport Services,10,8,20037.15,Revenue 2025-12 | VAN-102 | STU Exports Ltd
952,revenue,2025-12-28,Revenue - Transport Services,10,2,45835.63,Revenue 2025-12 | VAN-102 | XYZ Manufacturing Ltd
953,revenue,2025-12-28,Revenue - Transport Services,10,3,36066.98,Revenue 2025-12 | VAN-102 | DEF Industries
954,revenue,2026-01-28,Revenue - Transport Services,10,5,57032.54,Revenue 2026-01 | VAN-102 | JKL Pharma Ltd
955,revenue,2026-01-28,Revenue - Transport Services,10,4,41506.35,Revenue 2026-01 | VAN-102 | GHI Travels & Tours
956,revenue,2025-12-28,Revenue - Transport Services,10,5,27564.57,Revenue 2025-12 | VAN-102 | JKL Pharma Ltd
957,revenue,2025-12-28,Revenue - Transport Services,10,1,33404.83,Revenue 2025-12 | VAN-102 | ABC Logistics Pvt Ltd
958,revenue,2026-01-28,Revenue - Transport Services,10,6,46568.16,Revenue 2026-01 | VAN-102 | MNO Textiles
959,revenue,2026-01-28,Revenue - Transport Services,10,7,46773.9,Revenue 2026-01 | VAN-102 | PQR Infrastructure
960,revenue,2026-01-28,Revenue - Transport Services,10,2,28013.71,Revenue 2026-01 | VAN-102 | XYZ Manufacturing Ltd
961,revenue,2026-01-28,Revenue - Transport Services,10,3,57662.35,Revenue 2026-01 | VAN-102 | DEF Industries
962,revenue,2026-01-28,Revenue - Transport Services,10,8,49411.24,Revenue 2026-01 | VAN-102 | STU Exports Ltd
963,revenue,2026-02-28,Revenue - Transport Services,10,8,57000.93,Revenue 2026-02 | VAN-102 | STU Exports Ltd
964,revenue,2026-02-28,Revenue - Transport Services,10,3,65540.32,Revenue 2026-02 | VAN-102 | DEF Industries
965,revenue,2026-02-28,Revenue - Transport Services,10,1,146049.48,Revenue 2026-02 | VAN-102 | ABC Logistics Pvt Ltd
966,revenue,2026-01-28,Revenue - Transport Services,10,1,35933.21,Revenue 2026-01 | VAN-102 | ABC Logistics Pvt Ltd
967,revenue,2026-02-28,Revenue - Transport Services,10,7,45422.87,Revenue 2026-02 | VAN-102 | PQR Infrastructure
968,revenue,2026-02-28,Revenue - Transport Services,10,6,93179.49,Revenue 2026-02 | VAN-102 | MNO Textiles
969,revenue,2026-02-28,Revenue - Transport Services,10,2,69360.37,Revenue 2026-02 | VAN-102 | XYZ Manufacturing Ltd
970,revenue,2026-02-28,Revenue - Transport Services,10,5,59151.96,Revenue 2026-02 | VAN-102 | JKL Pharma Ltd
971,revenue,2026-03-28,Revenue - Transport Services,10,2,49914.73,Revenue 2026-03 | VAN-102 | XYZ Manufacturing Ltd
972,revenue,2026-03-28,Revenue - Transport Services,10,7,46393.11,Revenue 2026-03 | VAN-102 | PQR Infrastructure
973,revenue,2026-03-28,Revenue - Transport Services,10,3,32533.8,Revenue 2026-03 | VAN-102 | DEF Industries
974,revenue,2026-03-28,Revenue - Transport Services,10,1,119333.81,Revenue 2026-03 | VAN-102 | ABC Logistics Pvt Ltd
975,revenue,2026-02-28,Revenue - Transport Services,10,4,17801.42,Revenue 2026-02 | VAN-102 | GHI Travels & Tours
976,revenue,2026-03-28,Revenue - Transport Services,10,4,57076.76,Revenue 2026-03 | VAN-102 | GHI Travels & Tours
977,revenue,2026-03-28,Revenue - Transport Services,10,8,94920.45,Revenue 2026-03 | VAN-102 | STU Exports Ltd
978,revenue,2026-03-28,Revenue - Transport Services,10,5,25731.37,Revenue 2026-03 | VAN-102 | JKL Pharma Ltd
979,revenue,2026-04-28,Revenue - Transport Services,10,3,97231.28,Revenue 2026-04 | VAN-102 | DEF Industries
980,revenue,2026-04-28,Revenue - Transport Services,10,2,119959.14,Revenue 2026-04 | VAN-102 | XYZ Manufacturing Ltd
981,revenue,2026-04-28,Revenue - Transport Services,10,7,43688.04,Revenue 2026-04 | VAN-102 | PQR Infrastructure
982,revenue,2026-04-28,Revenue - Transport Services,10,8,77770.44,Revenue 2026-04 | VAN-102 | STU Exports Ltd
983,revenue,2026-04-28,Revenue - Transport Services,10,5,13961.39,Revenue 2026-04 | VAN-102 | JKL Pharma Ltd
984,revenue,2026-04-28,Revenue - Transport Services,10,1,58344.07,Revenue 2026-04 | VAN-102 | ABC Logistics Pvt Ltd
985,revenue,2026-05-28,Revenue - Transport Services,10,3,40672.85,Revenue 2026-05 | VAN-102 | DEF Industries
986,revenue,2026-05-28,Revenue - Transport Services,10,8,55674.84,Revenue 2026-05 | VAN-102 | STU Exports Ltd
987,revenue,2026-05-28,Revenue - Transport Services,10,6,34583.08,Revenue 2026-05 | VAN-102 | MNO Textiles
988,revenue,2026-05-28,Revenue - Transport Services,10,5,32778.45,Revenue 2026-05 | VAN-102 | JKL Pharma Ltd
989,revenue,2026-05-28,Revenue - Transport Services,10,4,57957.2,Revenue 2026-05 | VAN-102 | GHI Travels & Tours
990,revenue,2026-05-28,Revenue - Transport Services,10,7,47792.91,Revenue 2026-05 | VAN-102 | PQR Infrastructure
991,revenue,2026-05-28,Revenue - Transport Services,10,2,81264.28,Revenue 2026-05 | VAN-102 | XYZ Manufacturing Ltd
992,revenue,2026-04-28,Revenue - Transport Services,10,4,41405.44,Revenue 2026-04 | VAN-102 | GHI Travels & Tours
993,revenue,2026-05-28,Revenue - Transport Services,10,1,58012.46,Revenue 2026-05 | VAN-102 | ABC Logistics Pvt Ltd
994,revenue,2026-06-28,Revenue - Transport Services,10,8,101634.72,Revenue 2026-06 | VAN-102 | STU Exports Ltd
995,revenue,2026-06-28,Revenue - Transport Services,10,4,96863.12,Revenue 2026-06 | VAN-102 | GHI Travels & Tours
996,revenue,2026-06-28,Revenue - Transport Services,10,5,43725.24,Revenue 2026-06 | VAN-102 | JKL Pharma Ltd
997,revenue,2026-06-28,Revenue - Transport Services,10,7,32781.52,Revenue 2026-06 | VAN-102 | PQR Infrastructure
998,revenue,2026-06-28,Revenue - Transport Services,10,3,82290.26,Revenue 2026-06 | VAN-102 | DEF Industries
999,revenue,2026-06-28,Revenue - Transport Services,10,1,73015.27,Revenue 2026-06 | VAN-102 | ABC Logistics Pvt Ltd
1000,revenue,2026-06-28,Revenue - Transport Services,10,2,15047.21,Revenue 2026-06 | VAN-102 | XYZ Manufacturing Ltd
1001,revenue,2026-07-28,Revenue - Transport Services,10,6,73035.43,Revenue 2026-07 | VAN-102 | MNO Textiles
1002,revenue,2026-07-28,Revenue - Transport Services,10,4,56166.44,Revenue 2026-07 | VAN-102 | GHI Travels & Tours
1003,revenue,2026-07-28,Revenue - Transport Services,10,8,50940.25,Revenue 2026-07 | VAN-102 | STU Exports Ltd
1004,revenue,2026-06-28,Revenue - Transport Services,10,6,47943.58,Revenue 2026-06 | VAN-102 | MNO Textiles
1005,revenue,2026-07-28,Revenue - Transport Services,10,5,56898.36,Revenue 2026-07 | VAN-102 | JKL Pharma Ltd
1006,revenue,2026-07-28,Revenue - Transport Services,10,1,60180.44,Revenue 2026-07 | VAN-102 | ABC Logistics Pvt Ltd
1007,revenue,2026-07-28,Revenue - Transport Services,10,2,49461.93,Revenue 2026-07 | VAN-102 | XYZ Manufacturing Ltd
1008,revenue,2026-07-28,Revenue - Transport Services,10,3,51681.65,Revenue 2026-07 | VAN-102 | DEF Industries
1009,revenue,2026-08-28,Revenue - Transport Services,10,7,31937.6,Revenue 2026-08 | VAN-102 | PQR Infrastructure
1010,revenue,2026-08-28,Revenue - Transport Services,10,6,17211.83,Revenue 2026-08 | VAN-102 | MNO Textiles
1011,revenue,2026-08-28,Revenue - Transport Services,10,2,77762.34,Revenue 2026-08 | VAN-102 | XYZ Manufacturing Ltd
1012,revenue,2026-08-28,Revenue - Transport Services,10,3,56580.51,Revenue 2026-08 | VAN-102 | DEF Industries
1013,revenue,2026-08-28,Revenue - Transport Services,10,5,14576.39,Revenue 2026-08 | VAN-102 | JKL Pharma Ltd
1014,revenue,2026-08-28,Revenue - Transport Services,10,1,20697.61,Revenue 2026-08 | VAN-102 | ABC Logistics Pvt Ltd
1015,revenue,2026-07-28,Revenue - Transport Services,10,7,14802.23,Revenue 2026-07 | VAN-102 | PQR Infrastructure
1016,fuel,2025-08-21,Expenses - Fuel,1,,7243.76,Fuel fill-up 75.3L | BUS-101
1017,fuel,2025-08-23,Expenses - Fuel,1,,27662.72,Fuel fill-up 282.4L | BUS-101
1018,fuel,2025-08-23,Expenses - Fuel,1,,17969.12,Fuel fill-up 184.5L | BUS-101
1019,fuel,2025-08-25,Expenses - Fuel,1,,17918.57,Fuel fill-up 182.4L | BUS-101
1020,fuel,2025-08-28,Expenses - Fuel,1,,17389.36,Fuel fill-up 190.3L | BUS-101
1021,fuel,2025-08-29,Expenses - Fuel,1,,29807.81,Fuel fill-up 305.6L | BUS-101
1022,fuel,2025-08-30,Expenses - Fuel,1,,17604.17,Fuel fill-up 180.7L | BUS-101
1023,fuel,2025-09-02,Expenses - Fuel,1,,16566.21,Fuel fill-up 177.8L | BUS-101
1024,fuel,2025-09-03,Expenses - Fuel,1,,16489.34,Fuel fill-up 171.4L | BUS-101
1025,fuel,2025-09-04,Expenses - Fuel,1,,17082.42,Fuel fill-up 175.3L | BUS-101
1026,fuel,2025-09-09,Expenses - Fuel,1,,16445.87,Fuel fill-up 170.0L | BUS-101
1027,fuel,2025-09-11,Expenses - Fuel,1,,18185.47,Fuel fill-up 185.6L | BUS-101
1028,fuel,2025-09-13,Expenses - Fuel,1,,17141.52,Fuel fill-up 181.1L | BUS-101
1029,fuel,2025-09-15,Expenses - Fuel,1,,27366.47,Fuel fill-up 282.2L | BUS-101
1030,fuel,2025-09-18,Expenses - Fuel,1,,17164.78,Fuel fill-up 178.1L | BUS-101
1031,fuel,2025-09-18,Expenses - Fuel,1,,16648.53,Fuel fill-up 171.2L | BUS-101
1032,fuel,2025-09-21,Expenses - Fuel,1,,24618.83,Fuel fill-up 269.7L | BUS-101
1033,fuel,2025-09-23,Expenses - Fuel,1,,17838.14,Fuel fill-up 193.3L | BUS-101
1034,fuel,2025-09-25,Expenses - Fuel,1,,6207.93,Fuel fill-up 67.3L | BUS-101
1035,fuel,2025-09-26,Expenses - Fuel,1,,30500.09,Fuel fill-up 322.6L | BUS-101
1036,fuel,2025-09-27,Expenses - Fuel,1,,37085.48,Fuel fill-up 378.1L | BUS-101
1037,fuel,2025-09-27,Expenses - Fuel,1,,27037.21,Fuel fill-up 277.5L | BUS-101
1038,fuel,2025-10-01,Expenses - Fuel,1,,18884.51,Fuel fill-up 192.6L | BUS-101
1039,fuel,2025-10-03,Expenses - Fuel,1,,17988.38,Fuel fill-up 189.2L | BUS-101
1040,fuel,2025-10-06,Expenses - Fuel,1,,29128.0,Fuel fill-up 315.7L | BUS-101
1041,fuel,2025-10-09,Expenses - Fuel,1,,6552.35,Fuel fill-up 69.5L | BUS-101
1042,fuel,2025-10-11,Expenses - Fuel,1,,17366.06,Fuel fill-up 182.2L | BUS-101
1043,fuel,2025-10-13,Expenses - Fuel,1,,19278.34,Fuel fill-up 198.2L | BUS-101
1044,fuel,2025-10-15,Expenses - Fuel,1,,17022.93,Fuel fill-up 178.6L | BUS-101
1045,fuel,2025-10-16,Expenses - Fuel,1,,39321.82,Fuel fill-up 424.7L | BUS-101
1046,fuel,2025-10-16,Expenses - Fuel,1,,34425.63,Fuel fill-up 364.5L | BUS-101
1047,fuel,2025-10-17,Expenses - Fuel,1,,36652.35,Fuel fill-up 403.7L | BUS-101
1048,fuel,2025-10-18,Expenses - Fuel,1,,28857.51,Fuel fill-up 296.7L | BUS-101
1049,fuel,2025-10-21,Expenses - Fuel,1,,16169.08,Fuel fill-up 177.5L | BUS-101
1050,fuel,2025-10-21,Expenses - Fuel,1,,16367.7,Fuel fill-up 177.7L | BUS-101
1051,fuel,2025-10-23,Expenses - Fuel,1,,15866.86,Fuel fill-up 174.4L | BUS-101
1052,fuel,2025-10-27,Expenses - Fuel,1,,17179.59,Fuel fill-up 181.3L | BUS-101
1053,fuel,2025-10-28,Expenses - Fuel,1,,28683.11,Fuel fill-up 294.5L | BUS-101
1054,fuel,2025-10-30,Expenses - Fuel,1,,27712.91,Fuel fill-up 289.8L | BUS-101
1055,fuel,2025-11-03,Expenses - Fuel,1,,37924.2,Fuel fill-up 398.1L | BUS-101
1056,fuel,2025-11-05,Expenses - Fuel,1,,29038.41,Fuel fill-up 307.5L | BUS-101
1057,fuel,2025-11-06,Expenses - Fuel,1,,39231.76,Fuel fill-up 402.6L | BUS-101
1058,fuel,2025-11-07,Expenses - Fuel,1,,28975.3,Fuel fill-up 305.4L | BUS-101
1059,fuel,2025-11-09,Expenses - Fuel,1,,17509.31,Fuel fill-up 187.4L | BUS-101
1060,fuel,2025-11-10,Expenses - Fuel,1,,26863.86,Fuel fill-up 278.3L | BUS-101
1061,fuel,2025-11-12,Expenses - Fuel,1,,7551.33,Fuel fill-up 77.0L | BUS-101
1062,fuel,2025-11-13,Expenses - Fuel,1,,16865.98,Fuel fill-up 183.4L | BUS-101
1063,fuel,2025-11-14,Expenses - Fuel,1,,6668.84,Fuel fill-up 70.3L | BUS-101
1064,fuel,2025-11-16,Expenses - Fuel,1,,27805.23,Fuel fill-up 294.5L | BUS-101
1065,fuel,2025-11-18,Expenses - Fuel,1,,7530.39,Fuel fill-up 77.6L | BUS-101
1066,fuel,2025-11-21,Expenses - Fuel,1,,15838.48,Fuel fill-up 171.2L | BUS-101
1067,fuel,2025-11-24,Expenses - Fuel,1,,25976.82,Fuel fill-up 270.7L | BUS-101
1068,fuel,2025-11-27,Expenses - Fuel,1,,16968.95,Fuel fill-up 181.5L | BUS-101
1069,fuel,2025-11-28,Expenses - Fuel,1,,17625.29,Fuel fill-up 180.8L | BUS-101
1070,fuel,2025-11-29,Expenses - Fuel,1,,27572.61,Fuel fill-up 286.3L | BUS-101
1071,fuel,2025-11-30,Expenses - Fuel,1,,15791.67,Fuel fill-up 170.8L | BUS-101
1072,fuel,2025-11-30,Expenses - Fuel,1,,26195.61,Fuel fill-up 279.4L | BUS-101
1073,fuel,2025-12-02,Expenses - Fuel,1,,27069.39,Fuel fill-up 290.0L | BUS-101
1074,fuel,2025-12-03,Expenses - Fuel,1,,16866.01,Fuel fill-up 178.8L | BUS-101
1075,fuel,2025-12-05,Expenses - Fuel,1,,25282.31,Fuel fill-up 270.6L | BUS-101
1076,fuel,2025-12-08,Expenses - Fuel,1,,6029.54,Fuel fill-up 65.9L | BUS-101
1077,fuel,2025-12-12,Expenses - Fuel,1,,15819.41,Fuel fill-up 173.2L | BUS-101
1078,fuel,2025-12-14,Expenses - Fuel,1,,6297.23,Fuel fill-up 68.8L | BUS-101
1079,fuel,2025-12-14,Expenses - Fuel,1,,17872.43,Fuel fill-up 186.1L | BUS-101
1080,fuel,2025-12-16,Expenses - Fuel,1,,6367.15,Fuel fill-up 67.2L | BUS-101
1081,fuel,2025-12-16,Expenses - Fuel,1,,16201.0,Fuel fill-up 173.0L | BUS-101
1082,fuel,2025-12-20,Expenses - Fuel,1,,29965.52,Fuel fill-up 307.8L | BUS-101
1083,fuel,2025-12-21,Expenses - Fuel,1,,35442.07,Fuel fill-up 371.9L | BUS-101
1084,fuel,2025-12-25,Expenses - Fuel,1,,26612.77,Fuel fill-up 292.8L | BUS-101
1085,fuel,2025-12-27,Expenses - Fuel,1,,26232.15,Fuel fill-up 273.0L | BUS-101
1086,fuel,2025-12-29,Expenses - Fuel,1,,17304.19,Fuel fill-up 185.3L | BUS-101
1087,fuel,2025-12-29,Expenses - Fuel,1,,26211.84,Fuel fill-up 279.6L | BUS-101
1088,fuel,2025-12-30,Expenses - Fuel,1,,27057.46,Fuel fill-up 280.6L | BUS-101
1089,fuel,2025-12-30,Expenses - Fuel,1,,6692.41,Fuel fill-up 73.2L | BUS-101
1090,fuel,2026-01-01,Expenses - Fuel,1,,17853.33,Fuel fill-up 193.6L | BUS-101
1091,fuel,2026-01-02,Expenses - Fuel,1,,37653.06,Fuel fill-up 404.4L | BUS-101
1092,fuel,2026-01-03,Expenses - Fuel,1,,18317.43,Fuel fill-up 196.1L | BUS-101
1093,fuel,2026-01-05,Expenses - Fuel,1,,39050.77,Fuel fill-up 429.4L | BUS-101
1094,fuel,2026-01-06,Expenses - Fuel,1,,7652.87,Fuel fill-up 78.8L | BUS-101
1095,fuel,2026-01-08,Expenses - Fuel,1,,39003.66,Fuel fill-up 415.6L | BUS-101
1096,fuel,2026-01-10,Expenses - Fuel,1,,26712.03,Fuel fill-up 276.6L | BUS-101
1097,fuel,2026-01-14,Expenses - Fuel,1,,17825.71,Fuel fill-up 190.5L | BUS-101
1098,fuel,2026-01-14,Expenses - Fuel,1,,29689.31,Fuel fill-up 309.5L | BUS-101
1099,fuel,2026-01-19,Expenses - Fuel,1,,39707.19,Fuel fill-up 412.7L | BUS-101
1100,fuel,2026-01-20,Expenses - Fuel,1,,40620.08,Fuel fill-up 419.7L | BUS-101
1101,fuel,2026-01-23,Expenses - Fuel,1,,28422.99,Fuel fill-up 307.4L | BUS-101
1102,fuel,2026-01-24,Expenses - Fuel,1,,39847.41,Fuel fill-up 409.4L | BUS-101
1103,fuel,2026-01-27,Expenses - Fuel,1,,18113.8,Fuel fill-up 189.7L | BUS-101
1104,fuel,2026-01-29,Expenses - Fuel,1,,18145.39,Fuel fill-up 190.7L | BUS-101
1105,fuel,2026-01-31,Expenses - Fuel,1,,16469.97,Fuel fill-up 171.3L | BUS-101
1106,fuel,2026-02-01,Expenses - Fuel,1,,28209.11,Fuel fill-up 288.8L | BUS-101
1107,fuel,2026-02-03,Expenses - Fuel,1,,25686.4,Fuel fill-up 280.5L | BUS-101
1108,fuel,2026-02-03,Expenses - Fuel,1,,17296.33,Fuel fill-up 180.2L | BUS-101
1109,fuel,2026-02-05,Expenses - Fuel,1,,29889.6,Fuel fill-up 310.0L | BUS-101
1110,fuel,2026-02-06,Expenses - Fuel,1,,17012.94,Fuel fill-up 175.6L | BUS-101
1111,fuel,2026-02-07,Expenses - Fuel,1,,27451.55,Fuel fill-up 297.9L | BUS-101
1112,fuel,2026-02-10,Expenses - Fuel,1,,17058.6,Fuel fill-up 187.5L | BUS-101
1113,fuel,2026-02-14,Expenses - Fuel,1,,25800.12,Fuel fill-up 273.3L | BUS-101
1114,fuel,2026-02-15,Expenses - Fuel,1,,28538.63,Fuel fill-up 300.2L | BUS-101
1115,fuel,2026-02-16,Expenses - Fuel,1,,16750.88,Fuel fill-up 181.9L | BUS-101
1116,fuel,2026-02-19,Expenses - Fuel,1,,16544.45,Fuel fill-up 173.5L | BUS-101
1117,fuel,2026-02-20,Expenses - Fuel,1,,16530.26,Fuel fill-up 177.3L | BUS-101
1118,fuel,2026-02-21,Expenses - Fuel,1,,18407.06,Fuel fill-up 187.6L | BUS-101
1119,fuel,2026-02-23,Expenses - Fuel,1,,29077.92,Fuel fill-up 302.9L | BUS-101
1120,fuel,2026-02-27,Expenses - Fuel,1,,17965.41,Fuel fill-up 195.9L | BUS-101
1121,fuel,2026-02-28,Expenses - Fuel,1,,15732.89,Fuel fill-up 173.3L | BUS-101
1122,fuel,2026-03-01,Expenses - Fuel,1,,26301.44,Fuel fill-up 268.3L | BUS-101
1123,fuel,2026-03-03,Expenses - Fuel,1,,7018.23,Fuel fill-up 74.6L | BUS-101
1124,fuel,2026-03-03,Expenses - Fuel,1,,26589.1,Fuel fill-up 279.6L | BUS-101
1125,fuel,2026-03-05,Expenses - Fuel,1,,27836.57,Fuel fill-up 298.9L | BUS-101
1126,fuel,2026-03-06,Expenses - Fuel,1,,17098.1,Fuel fill-up 178.4L | BUS-101
1127,fuel,2026-03-10,Expenses - Fuel,1,,38762.34,Fuel fill-up 408.5L | BUS-101
1128,fuel,2026-03-12,Expenses - Fuel,1,,38804.78,Fuel fill-up 397.6L | BUS-101
1129,fuel,2026-03-16,Expenses - Fuel,1,,7279.94,Fuel fill-up 75.9L | BUS-101
1130,fuel,2026-03-17,Expenses - Fuel,1,,6351.58,Fuel fill-up 67.5L | BUS-101
1131,fuel,2026-03-18,Expenses - Fuel,1,,28778.0,Fuel fill-up 294.0L | BUS-101
1132,fuel,2026-03-19,Expenses - Fuel,1,,17232.17,Fuel fill-up 180.6L | BUS-101
1133,fuel,2026-03-21,Expenses - Fuel,1,,27300.48,Fuel fill-up 278.8L | BUS-101
1134,fuel,2026-03-23,Expenses - Fuel,1,,34380.89,Fuel fill-up 370.6L | BUS-101
1135,fuel,2026-03-24,Expenses - Fuel,1,,37429.78,Fuel fill-up 409.5L | BUS-101
1136,fuel,2026-03-24,Expenses - Fuel,1,,16647.12,Fuel fill-up 173.3L | BUS-101
1137,fuel,2026-03-28,Expenses - Fuel,1,,16697.88,Fuel fill-up 178.8L | BUS-101
1138,fuel,2026-03-28,Expenses - Fuel,1,,7254.78,Fuel fill-up 74.5L | BUS-101
1139,fuel,2026-03-31,Expenses - Fuel,1,,6785.22,Fuel fill-up 71.9L | BUS-101
1140,fuel,2026-04-01,Expenses - Fuel,1,,28813.1,Fuel fill-up 296.4L | BUS-101
1141,fuel,2026-04-02,Expenses - Fuel,1,,28486.67,Fuel fill-up 300.1L | BUS-101
1142,fuel,2026-04-02,Expenses - Fuel,1,,25405.84,Fuel fill-up 276.9L | BUS-101
1143,fuel,2026-04-03,Expenses - Fuel,1,,17492.08,Fuel fill-up 183.1L | BUS-101
1144,fuel,2026-04-07,Expenses - Fuel,1,,24962.02,Fuel fill-up 273.3L | BUS-101
1145,fuel,2026-04-08,Expenses - Fuel,1,,41211.9,Fuel fill-up 428.3L | BUS-101
1146,fuel,2026-04-10,Expenses - Fuel,1,,30432.1,Fuel fill-up 312.9L | BUS-101
1147,fuel,2026-04-12,Expenses - Fuel,1,,30228.18,Fuel fill-up 315.5L | BUS-101
1148,fuel,2026-04-14,Expenses - Fuel,1,,16884.55,Fuel fill-up 175.6L | BUS-101
1149,fuel,2026-04-18,Expenses - Fuel,1,,6489.46,Fuel fill-up 68.2L | BUS-101
1150,fuel,2026-04-20,Expenses - Fuel,1,,29298.55,Fuel fill-up 319.8L | BUS-101
1151,fuel,2026-04-22,Expenses - Fuel,1,,18569.67,Fuel fill-up 200.4L | BUS-101
1152,fuel,2026-04-25,Expenses - Fuel,1,,6690.31,Fuel fill-up 73.2L | BUS-101
1153,fuel,2026-04-25,Expenses - Fuel,1,,30614.11,Fuel fill-up 315.0L | BUS-101
1154,fuel,2026-04-29,Expenses - Fuel,1,,15867.54,Fuel fill-up 166.9L | BUS-101
1155,fuel,2026-05-01,Expenses - Fuel,1,,28556.92,Fuel fill-up 310.3L | BUS-101
1156,fuel,2026-05-03,Expenses - Fuel,1,,28096.9,Fuel fill-up 297.6L | BUS-101
1157,fuel,2026-05-04,Expenses - Fuel,1,,7033.77,Fuel fill-up 76.4L | BUS-101
1158,fuel,2026-05-06,Expenses - Fuel,1,,29882.64,Fuel fill-up 312.0L | BUS-101
1159,fuel,2026-05-06,Expenses - Fuel,1,,18155.91,Fuel fill-up 187.1L | BUS-101
1160,fuel,2026-05-08,Expenses - Fuel,1,,16761.92,Fuel fill-up 183.9L | BUS-101
1161,fuel,2026-05-10,Expenses - Fuel,1,,16720.48,Fuel fill-up 179.2L | BUS-101
1162,fuel,2026-05-12,Expenses - Fuel,1,,25642.94,Fuel fill-up 280.4L | BUS-101
1163,fuel,2026-05-15,Expenses - Fuel,1,,17743.25,Fuel fill-up 184.4L | BUS-101
1164,fuel,2026-05-17,Expenses - Fuel,1,,26933.83,Fuel fill-up 292.9L | BUS-101
1165,fuel,2026-05-17,Expenses - Fuel,1,,37453.84,Fuel fill-up 394.1L | BUS-101
1166,fuel,2026-05-19,Expenses - Fuel,1,,28349.68,Fuel fill-up 296.1L | BUS-101
1167,fuel,2026-05-20,Expenses - Fuel,1,,6752.53,Fuel fill-up 73.5L | BUS-101
1168,fuel,2026-05-23,Expenses - Fuel,1,,27755.76,Fuel fill-up 288.7L | BUS-101
1169,fuel,2026-05-25,Expenses - Fuel,1,,27366.78,Fuel fill-up 296.4L | BUS-101
1170,fuel,2026-05-27,Expenses - Fuel,1,,38087.81,Fuel fill-up 406.0L | BUS-101
1171,fuel,2026-05-28,Expenses - Fuel,1,,7119.31,Fuel fill-up 74.3L | BUS-101
1172,fuel,2026-05-29,Expenses - Fuel,1,,18801.75,Fuel fill-up 194.8L | BUS-101
1173,fuel,2026-05-29,Expenses - Fuel,1,,17031.4,Fuel fill-up 184.8L | BUS-101
1174,fuel,2026-05-31,Expenses - Fuel,1,,15785.55,Fuel fill-up 163.7L | BUS-101
1175,fuel,2026-06-01,Expenses - Fuel,1,,17985.15,Fuel fill-up 185.7L | BUS-101
1176,fuel,2026-06-03,Expenses - Fuel,1,,36754.82,Fuel fill-up 403.1L | BUS-101
1177,fuel,2026-06-05,Expenses - Fuel,1,,19061.51,Fuel fill-up 198.4L | BUS-101
1178,fuel,2026-06-06,Expenses - Fuel,1,,18472.03,Fuel fill-up 188.8L | BUS-101
1179,fuel,2026-06-08,Expenses - Fuel,1,,15830.57,Fuel fill-up 167.5L | BUS-101
1180,fuel,2026-06-10,Expenses - Fuel,1,,39778.58,Fuel fill-up 408.2L | BUS-101
1181,fuel,2026-06-13,Expenses - Fuel,1,,25736.0,Fuel fill-up 277.4L | BUS-101
1182,fuel,2026-06-17,Expenses - Fuel,1,,17936.28,Fuel fill-up 186.9L | BUS-101
1183,fuel,2026-06-18,Expenses - Fuel,1,,18485.58,Fuel fill-up 195.0L | BUS-101
1184,fuel,2026-06-21,Expenses - Fuel,1,,39636.65,Fuel fill-up 430.6L | BUS-101
1185,fuel,2026-06-21,Expenses - Fuel,1,,27993.65,Fuel fill-up 288.1L | BUS-101
1186,fuel,2026-06-24,Expenses - Fuel,1,,27405.7,Fuel fill-up 295.5L | BUS-101
1187,fuel,2026-06-26,Expenses - Fuel,1,,16893.67,Fuel fill-up 179.6L | BUS-101
1188,fuel,2026-06-29,Expenses - Fuel,1,,27739.42,Fuel fill-up 296.9L | BUS-101
1189,fuel,2026-06-30,Expenses - Fuel,1,,6428.87,Fuel fill-up 67.5L | BUS-101
1190,fuel,2026-07-03,Expenses - Fuel,1,,16472.7,Fuel fill-up 175.1L | BUS-101
1191,fuel,2026-07-03,Expenses - Fuel,1,,17811.66,Fuel fill-up 187.3L | BUS-101
1192,fuel,2026-07-07,Expenses - Fuel,1,,30200.35,Fuel fill-up 311.9L | BUS-101
1193,fuel,2026-07-09,Expenses - Fuel,1,,27608.39,Fuel fill-up 286.1L | BUS-101
1194,fuel,2026-07-11,Expenses - Fuel,1,,25330.08,Fuel fill-up 269.4L | BUS-101
1195,fuel,2026-07-12,Expenses - Fuel,1,,17953.91,Fuel fill-up 182.8L | BUS-101
1196,fuel,2026-07-13,Expenses - Fuel,1,,24608.22,Fuel fill-up 268.5L | BUS-101
1197,fuel,2026-07-14,Expenses - Fuel,1,,39876.67,Fuel fill-up 408.8L | BUS-101
1198,fuel,2026-07-15,Expenses - Fuel,1,,17154.99,Fuel fill-up 175.6L | BUS-101
1199,fuel,2026-07-18,Expenses - Fuel,1,,16142.99,Fuel fill-up 177.8L | BUS-101
1200,fuel,2026-07-18,Expenses - Fuel,1,,13825.65,Fuel fill-up 146.8L | BUS-101
1201,fuel,2026-07-20,Expenses - Fuel,1,,26916.31,Fuel fill-up 295.7L | BUS-101
1202,fuel,2026-07-25,Expenses - Fuel,1,,16053.38,Fuel fill-up 175.7L | BUS-101
1203,fuel,2026-07-27,Expenses - Fuel,1,,25138.27,Fuel fill-up 273.7L | BUS-101
1204,fuel,2026-07-30,Expenses - Fuel,1,,17525.91,Fuel fill-up 185.8L | BUS-101
1205,fuel,2026-07-31,Expenses - Fuel,1,,17124.13,Fuel fill-up 178.2L | BUS-101
1206,fuel,2026-08-02,Expenses - Fuel,1,,16920.64,Fuel fill-up 177.2L | BUS-101
1207,fuel,2026-08-03,Expenses - Fuel,1,,16415.9,Fuel fill-up 169.7L | BUS-101
1208,fuel,2026-08-05,Expenses - Fuel,1,,38767.02,Fuel fill-up 396.8L | BUS-101
1209,fuel,2026-08-07,Expenses - Fuel,1,,16719.07,Fuel fill-up 181.1L | BUS-101
1210,fuel,2026-08-08,Expenses - Fuel,1,,27107.09,Fuel fill-up 293.2L | BUS-101
1211,fuel,2026-08-08,Expenses - Fuel,1,,15990.48,Fuel fill-up 168.8L | BUS-101
1212,fuel,2026-08-09,Expenses - Fuel,1,,38604.2,Fuel fill-up 420.0L | BUS-101
1213,fuel,2026-08-11,Expenses - Fuel,1,,27630.0,Fuel fill-up 283.4L | BUS-101
1214,fuel,2026-08-12,Expenses - Fuel,1,,26589.68,Fuel fill-up 288.8L | BUS-101
1215,fuel,2026-08-14,Expenses - Fuel,1,,17847.68,Fuel fill-up 193.4L | BUS-101
1216,fuel,2025-08-22,Expenses - Fuel,2,,31915.25,Fuel fill-up 345.2L | BUS-102
1217,fuel,2025-08-25,Expenses - Fuel,2,,36912.37,Fuel fill-up 383.4L | BUS-102
1218,fuel,2025-08-26,Expenses - Fuel,2,,20334.51,Fuel fill-up 211.9L | BUS-102
1219,fuel,2025-08-27,Expenses - Fuel,2,,32657.24,Fuel fill-up 353.9L | BUS-102
1220,fuel,2025-08-28,Expenses - Fuel,2,,20088.36,Fuel fill-up 213.5L | BUS-102
1221,fuel,2025-08-31,Expenses - Fuel,2,,19546.39,Fuel fill-up 211.3L | BUS-102
1222,fuel,2025-09-02,Expenses - Fuel,2,,8850.3,Fuel fill-up 92.7L | BUS-102
1223,fuel,2025-09-06,Expenses - Fuel,2,,20505.91,Fuel fill-up 219.3L | BUS-102
1224,fuel,2025-09-08,Expenses - Fuel,2,,32349.36,Fuel fill-up 338.4L | BUS-102
1225,fuel,2025-09-09,Expenses - Fuel,2,,20482.2,Fuel fill-up 221.7L | BUS-102
1226,fuel,2025-09-11,Expenses - Fuel,2,,22096.47,Fuel fill-up 228.3L | BUS-102
1227,fuel,2025-09-13,Expenses - Fuel,2,,51042.12,Fuel fill-up 532.2L | BUS-102
1228,fuel,2025-09-18,Expenses - Fuel,2,,20430.8,Fuel fill-up 217.6L | BUS-102
1229,fuel,2025-09-19,Expenses - Fuel,2,,22008.95,Fuel fill-up 225.8L | BUS-102
1230,fuel,2025-09-20,Expenses - Fuel,2,,20756.46,Fuel fill-up 213.8L | BUS-102
1231,fuel,2025-09-24,Expenses - Fuel,2,,34214.94,Fuel fill-up 355.6L | BUS-102
1232,fuel,2025-09-26,Expenses - Fuel,2,,44332.32,Fuel fill-up 469.5L | BUS-102
1233,fuel,2025-09-27,Expenses - Fuel,2,,8510.51,Fuel fill-up 88.9L | BUS-102
1234,fuel,2025-09-28,Expenses - Fuel,2,,32320.31,Fuel fill-up 346.9L | BUS-102
1235,fuel,2025-09-29,Expenses - Fuel,2,,21781.13,Fuel fill-up 231.4L | BUS-102
1236,fuel,2025-10-01,Expenses - Fuel,2,,21999.05,Fuel fill-up 235.4L | BUS-102
1237,fuel,2025-10-03,Expenses - Fuel,2,,21115.66,Fuel fill-up 215.5L | BUS-102
1238,fuel,2025-10-08,Expenses - Fuel,2,,49037.89,Fuel fill-up 515.9L | BUS-102
1239,fuel,2025-10-10,Expenses - Fuel,2,,21775.23,Fuel fill-up 228.3L | BUS-102
1240,fuel,2025-10-11,Expenses - Fuel,2,,23276.93,Fuel fill-up 242.9L | BUS-102
1241,fuel,2025-10-14,Expenses - Fuel,2,,47309.51,Fuel fill-up 518.0L | BUS-102
1242,fuel,2025-10-16,Expenses - Fuel,2,,19175.76,Fuel fill-up 208.5L | BUS-102
1243,fuel,2025-10-17,Expenses - Fuel,2,,49760.75,Fuel fill-up 513.2L | BUS-102
1244,fuel,2025-10-21,Expenses - Fuel,2,,38823.51,Fuel fill-up 401.3L | BUS-102
1245,fuel,2025-10-24,Expenses - Fuel,2,,50508.55,Fuel fill-up 524.9L | BUS-102
1246,fuel,2025-10-24,Expenses - Fuel,2,,19926.83,Fuel fill-up 212.6L | BUS-102
1247,fuel,2025-10-26,Expenses - Fuel,2,,35539.2,Fuel fill-up 369.1L | BUS-102
1248,fuel,2025-10-29,Expenses - Fuel,2,,22437.24,Fuel fill-up 232.5L | BUS-102
1249,fuel,2025-10-30,Expenses - Fuel,2,,8322.08,Fuel fill-up 90.1L | BUS-102
1250,fuel,2025-11-03,Expenses - Fuel,2,,34197.96,Fuel fill-up 362.7L | BUS-102
1251,fuel,2025-11-04,Expenses - Fuel,2,,23113.59,Fuel fill-up 243.1L | BUS-102
1252,fuel,2025-11-06,Expenses - Fuel,2,,32531.98,Fuel fill-up 342.6L | BUS-102
1253,fuel,2025-11-09,Expenses - Fuel,2,,47926.19,Fuel fill-up 524.4L | BUS-102
1254,fuel,2025-11-10,Expenses - Fuel,2,,7920.97,Fuel fill-up 84.9L | BUS-102
1255,fuel,2025-11-12,Expenses - Fuel,2,,32246.47,Fuel fill-up 342.1L | BUS-102
1256,fuel,2025-11-13,Expenses - Fuel,2,,44694.06,Fuel fill-up 479.7L | BUS-102
1257,fuel,2025-11-14,Expenses - Fuel,2,,32280.04,Fuel fill-up 336.8L | BUS-102
1258,fuel,2025-11-20,Expenses - Fuel,2,,21432.37,Fuel fill-up 223.6L | BUS-102
1259,fuel,2025-11-20,Expenses - Fuel,2,,33220.56,Fuel fill-up 348.6L | BUS-102
1260,fuel,2025-11-23,Expenses - Fuel,2,,8802.33,Fuel fill-up 94.8L | BUS-102
1261,fuel,2025-11-26,Expenses - Fuel,2,,46643.5,Fuel fill-up 499.7L | BUS-102
1262,fuel,2025-11-28,Expenses - Fuel,2,,21357.58,Fuel fill-up 227.2L | BUS-102
1263,fuel,2025-11-28,Expenses - Fuel,2,,20286.43,Fuel fill-up 215.2L | BUS-102
1264,fuel,2025-12-01,Expenses - Fuel,2,,19490.15,Fuel fill-up 213.9L | BUS-102
1265,fuel,2025-12-02,Expenses - Fuel,2,,29962.57,Fuel fill-up 326.3L | BUS-102
1266,fuel,2025-12-06,Expenses - Fuel,2,,22445.07,Fuel fill-up 239.8L | BUS-102
1267,fuel,2025-12-09,Expenses - Fuel,2,,33087.55,Fuel fill-up 343.5L | BUS-102
1268,fuel,2025-12-10,Expenses - Fuel,2,,20116.37,Fuel fill-up 214.8L | BUS-102
1269,fuel,2025-12-12,Expenses - Fuel,2,,32585.15,Fuel fill-up 339.3L | BUS-102
1270,fuel,2025-12-12,Expenses - Fuel,2,,8096.43,Fuel fill-up 84.1L | BUS-102
1271,fuel,2025-12-18,Expenses - Fuel,2,,8922.65,Fuel fill-up 94.8L | BUS-102
1272,fuel,2025-12-20,Expenses - Fuel,2,,21403.93,Fuel fill-up 234.7L | BUS-102
1273,fuel,2025-12-21,Expenses - Fuel,2,,19779.71,Fuel fill-up 216.3L | BUS-102
1274,fuel,2025-12-23,Expenses - Fuel,2,,29250.58,Fuel fill-up 322.1L | BUS-102
1275,fuel,2025-12-23,Expenses - Fuel,2,,34737.28,Fuel fill-up 354.3L | BUS-102
1276,fuel,2025-12-25,Expenses - Fuel,2,,33360.08,Fuel fill-up 361.5L | BUS-102
1277,fuel,2025-12-27,Expenses - Fuel,2,,20109.09,Fuel fill-up 216.2L | BUS-102
1278,fuel,2025-12-29,Expenses - Fuel,2,,8595.13,Fuel fill-up 90.5L | BUS-102
1279,fuel,2026-01-02,Expenses - Fuel,2,,22064.15,Fuel fill-up 233.2L | BUS-102
1280,fuel,2026-01-04,Expenses - Fuel,2,,47892.14,Fuel fill-up 515.9L | BUS-102
1281,fuel,2026-01-09,Expenses - Fuel,2,,52167.98,Fuel fill-up 539.3L | BUS-102
1282,fuel,2026-01-11,Expenses - Fuel,2,,22330.43,Fuel fill-up 236.4L | BUS-102
1283,fuel,2026-01-12,Expenses - Fuel,2,,34994.34,Fuel fill-up 357.8L | BUS-102
1284,fuel,2026-01-15,Expenses - Fuel,2,,35666.54,Fuel fill-up 375.6L | BUS-102
1285,fuel,2026-01-17,Expenses - Fuel,2,,46223.82,Fuel fill-up 479.5L | BUS-102
1286,fuel,2026-01-20,Expenses - Fuel,2,,48300.17,Fuel fill-up 514.5L | BUS-102
1287,fuel,2026-01-21,Expenses - Fuel,2,,33564.56,Fuel fill-up 355.4L | BUS-102
1288,fuel,2026-01-22,Expenses - Fuel,2,,22127.44,Fuel fill-up 225.7L | BUS-102
1289,fuel,2026-01-26,Expenses - Fuel,2,,36196.49,Fuel fill-up 371.7L | BUS-102
1290,fuel,2026-01-28,Expenses - Fuel,2,,33397.9,Fuel fill-up 341.3L | BUS-102
1291,fuel,2026-01-30,Expenses - Fuel,2,,21062.93,Fuel fill-up 224.9L | BUS-102
1292,fuel,2026-02-02,Expenses - Fuel,2,,35697.37,Fuel fill-up 390.6L | BUS-102
1293,fuel,2026-02-04,Expenses - Fuel,2,,35636.47,Fuel fill-up 368.3L | BUS-102
1294,fuel,2026-02-06,Expenses - Fuel,2,,36665.17,Fuel fill-up 389.8L | BUS-102
1295,fuel,2026-02-06,Expenses - Fuel,2,,35637.37,Fuel fill-up 384.1L | BUS-102
1296,fuel,2026-02-08,Expenses - Fuel,2,,33470.87,Fuel fill-up 351.2L | BUS-102
1297,fuel,2026-02-10,Expenses - Fuel,2,,21108.72,Fuel fill-up 221.3L | BUS-102
1298,fuel,2026-02-14,Expenses - Fuel,2,,34251.67,Fuel fill-up 355.4L | BUS-102
1299,fuel,2026-02-16,Expenses - Fuel,2,,31063.66,Fuel fill-up 341.1L | BUS-102
1300,fuel,2026-02-18,Expenses - Fuel,2,,21187.05,Fuel fill-up 218.9L | BUS-102
1301,fuel,2026-02-21,Expenses - Fuel,2,,20322.17,Fuel fill-up 219.9L | BUS-102
1302,fuel,2026-02-23,Expenses - Fuel,2,,21425.71,Fuel fill-up 226.2L | BUS-102
1303,fuel,2026-02-25,Expenses - Fuel,2,,31504.53,Fuel fill-up 344.1L | BUS-102
1304,fuel,2026-02-27,Expenses - Fuel,2,,35259.34,Fuel fill-up 376.5L | BUS-102
1305,fuel,2026-03-02,Expenses - Fuel,2,,33755.02,Fuel fill-up 370.1L | BUS-102
1306,fuel,2026-03-04,Expenses - Fuel,2,,46396.71,Fuel fill-up 476.9L | BUS-102
1307,fuel,2026-03-04,Expenses - Fuel,2,,48000.27,Fuel fill-up 512.8L | BUS-102
1308,fuel,2026-03-08,Expenses - Fuel,2,,37126.7,Fuel fill-up 390.1L | BUS-102
1309,fuel,2026-03-10,Expenses - Fuel,2,,32508.0,Fuel fill-up 346.7L | BUS-102
1310,fuel,2026-03-11,Expenses - Fuel,2,,20877.95,Fuel fill-up 222.2L | BUS-102
1311,fuel,2026-03-12,Expenses - Fuel,2,,35160.25,Fuel fill-up 361.1L | BUS-102
1312,fuel,2026-03-16,Expenses - Fuel,2,,7479.34,Fuel fill-up 81.2L | BUS-102
1313,fuel,2026-03-18,Expenses - Fuel,2,,32303.29,Fuel fill-up 335.0L | BUS-102
1314,fuel,2026-03-20,Expenses - Fuel,2,,22311.67,Fuel fill-up 227.4L | BUS-102
1315,fuel,2026-03-21,Expenses - Fuel,2,,35417.7,Fuel fill-up 368.6L | BUS-102
1316,fuel,2026-03-23,Expenses - Fuel,2,,36592.63,Fuel fill-up 375.1L | BUS-102
1317,fuel,2026-03-27,Expenses - Fuel,2,,44614.39,Fuel fill-up 460.0L | BUS-102
1318,fuel,2026-03-29,Expenses - Fuel,2,,8143.52,Fuel fill-up 85.5L | BUS-102
1319,fuel,2026-03-30,Expenses - Fuel,2,,19918.33,Fuel fill-up 217.2L | BUS-102
1320,fuel,2026-04-01,Expenses - Fuel,2,,8833.53,Fuel fill-up 92.3L | BUS-102
1321,fuel,2026-04-02,Expenses - Fuel,2,,20047.49,Fuel fill-up 216.9L | BUS-102
1322,fuel,2026-04-03,Expenses - Fuel,2,,19382.57,Fuel fill-up 213.7L | BUS-102
1323,fuel,2026-04-07,Expenses - Fuel,2,,19985.93,Fuel fill-up 214.3L | BUS-102
1324,fuel,2026-04-09,Expenses - Fuel,2,,32159.77,Fuel fill-up 339.8L | BUS-102
1325,fuel,2026-04-11,Expenses - Fuel,2,,37502.03,Fuel fill-up 385.0L | BUS-102
1326,fuel,2026-04-13,Expenses - Fuel,2,,19784.11,Fuel fill-up 212.9L | BUS-102
1327,fuel,2026-04-17,Expenses - Fuel,2,,34481.41,Fuel fill-up 377.1L | BUS-102
1328,fuel,2026-04-21,Expenses - Fuel,2,,50909.96,Fuel fill-up 536.2L | BUS-102
1329,fuel,2026-04-22,Expenses - Fuel,2,,8805.82,Fuel fill-up 92.0L | BUS-102
1330,fuel,2026-04-26,Expenses - Fuel,2,,34814.54,Fuel fill-up 365.3L | BUS-102
1331,fuel,2026-04-27,Expenses - Fuel,2,,32987.68,Fuel fill-up 351.9L | BUS-102
1332,fuel,2026-04-30,Expenses - Fuel,2,,44292.06,Fuel fill-up 474.1L | BUS-102
1333,fuel,2026-05-03,Expenses - Fuel,2,,8573.0,Fuel fill-up 89.5L | BUS-102
1334,fuel,2026-05-04,Expenses - Fuel,2,,22749.62,Fuel fill-up 239.3L | BUS-102
1335,fuel,2026-05-06,Expenses - Fuel,2,,32270.14,Fuel fill-up 343.3L | BUS-102
1336,fuel,2026-05-07,Expenses - Fuel,2,,30245.82,Fuel fill-up 333.2L | BUS-102
1337,fuel,2026-05-10,Expenses - Fuel,2,,35174.16,Fuel fill-up 369.0L | BUS-102
1338,fuel,2026-05-11,Expenses - Fuel,2,,46203.86,Fuel fill-up 500.8L | BUS-102
1339,fuel,2026-05-12,Expenses - Fuel,2,,50042.1,Fuel fill-up 511.2L | BUS-102
1340,fuel,2026-05-12,Expenses - Fuel,2,,19491.16,Fuel fill-up 199.6L | BUS-102
1341,fuel,2026-05-17,Expenses - Fuel,2,,33089.27,Fuel fill-up 362.2L | BUS-102
1342,fuel,2026-05-19,Expenses - Fuel,2,,42406.83,Fuel fill-up 462.0L | BUS-102
1343,fuel,2026-05-21,Expenses - Fuel,2,,32575.92,Fuel fill-up 348.8L | BUS-102
1344,fuel,2026-05-24,Expenses - Fuel,2,,33003.87,Fuel fill-up 339.2L | BUS-102
1345,fuel,2026-05-24,Expenses - Fuel,2,,30522.41,Fuel fill-up 335.0L | BUS-102
1346,fuel,2026-05-28,Expenses - Fuel,2,,34366.71,Fuel fill-up 358.6L | BUS-102
1347,fuel,2026-05-29,Expenses - Fuel,2,,22109.72,Fuel fill-up 233.6L | BUS-102
1348,fuel,2026-06-02,Expenses - Fuel,2,,33940.01,Fuel fill-up 353.0L | BUS-102
1349,fuel,2026-06-04,Expenses - Fuel,2,,34367.5,Fuel fill-up 366.9L | BUS-102
1350,fuel,2026-06-05,Expenses - Fuel,2,,33027.74,Fuel fill-up 338.2L | BUS-102
1351,fuel,2026-06-07,Expenses - Fuel,2,,23798.33,Fuel fill-up 246.1L | BUS-102
1352,fuel,2026-06-08,Expenses - Fuel,2,,35895.15,Fuel fill-up 375.4L | BUS-102
1353,fuel,2026-06-11,Expenses - Fuel,2,,22464.85,Fuel fill-up 236.0L | BUS-102
1354,fuel,2026-06-14,Expenses - Fuel,2,,51173.82,Fuel fill-up 544.6L | BUS-102
1355,fuel,2026-06-16,Expenses - Fuel,2,,20883.74,Fuel fill-up 227.0L | BUS-102
1356,fuel,2026-06-19,Expenses - Fuel,2,,44399.85,Fuel fill-up 487.5L | BUS-102
1357,fuel,2026-06-20,Expenses - Fuel,2,,35056.0,Fuel fill-up 359.5L | BUS-102
1358,fuel,2026-06-23,Expenses - Fuel,2,,22580.96,Fuel fill-up 235.0L | BUS-102
1359,fuel,2026-06-24,Expenses - Fuel,2,,23263.74,Fuel fill-up 243.9L | BUS-102
1360,fuel,2026-06-29,Expenses - Fuel,2,,19446.42,Fuel fill-up 211.2L | BUS-102
1361,fuel,2026-07-01,Expenses - Fuel,2,,8594.88,Fuel fill-up 89.2L | BUS-102
1362,fuel,2026-07-03,Expenses - Fuel,2,,36364.25,Fuel fill-up 372.4L | BUS-102
1363,fuel,2026-07-07,Expenses - Fuel,2,,20067.18,Fuel fill-up 218.5L | BUS-102
1364,fuel,2026-07-08,Expenses - Fuel,2,,9016.1,Fuel fill-up 93.1L | BUS-102
1365,fuel,2026-07-09,Expenses - Fuel,2,,20854.98,Fuel fill-up 219.7L | BUS-102
1366,fuel,2026-07-13,Expenses - Fuel,2,,8998.74,Fuel fill-up 92.4L | BUS-102
1367,fuel,2026-07-14,Expenses - Fuel,2,,34305.25,Fuel fill-up 361.0L | BUS-102
1368,fuel,2026-07-15,Expenses - Fuel,2,,48520.12,Fuel fill-up 532.7L | BUS-102
1369,fuel,2026-07-16,Expenses - Fuel,2,,8169.51,Fuel fill-up 87.5L | BUS-102
1370,fuel,2026-07-18,Expenses - Fuel,2,,33115.5,Fuel fill-up 343.4L | BUS-102
1371,fuel,2026-07-18,Expenses - Fuel,2,,18444.08,Fuel fill-up 203.2L | BUS-102
1372,fuel,2026-07-21,Expenses - Fuel,2,,20010.58,Fuel fill-up 215.7L | BUS-102
1373,fuel,2026-07-23,Expenses - Fuel,2,,52993.7,Fuel fill-up 543.8L | BUS-102
1374,fuel,2026-07-29,Expenses - Fuel,2,,34679.52,Fuel fill-up 359.9L | BUS-102
1375,fuel,2026-07-30,Expenses - Fuel,2,,38157.06,Fuel fill-up 392.0L | BUS-102
1376,fuel,2026-07-30,Expenses - Fuel,2,,21470.08,Fuel fill-up 227.2L | BUS-102
1377,fuel,2026-08-02,Expenses - Fuel,2,,8385.96,Fuel fill-up 86.6L | BUS-102
1378,fuel,2026-08-04,Expenses - Fuel,2,,32993.28,Fuel fill-up 347.4L | BUS-102
1379,fuel,2026-08-06,Expenses - Fuel,2,,46358.16,Fuel fill-up 476.3L | BUS-102
1380,fuel,2026-08-08,Expenses - Fuel,2,,22127.63,Fuel fill-up 243.7L | BUS-102
1381,fuel,2026-08-10,Expenses - Fuel,2,,38219.17,Fuel fill-up 391.5L | BUS-102
1382,fuel,2026-08-12,Expenses - Fuel,2,,20885.65,Fuel fill-up 227.7L | BUS-102
1383,fuel,2026-08-13,Expenses - Fuel,2,,43902.09,Fuel fill-up 468.4L | BUS-102
1384,fuel,2025-08-22,Expenses - Fuel,3,,36652.63,Fuel fill-up 383.6L | BUS-103
1385,fuel,2025-08-24,Expenses - Fuel,3,,24989.81,Fuel fill-up 274.5L | BUS-103
1386,fuel,2025-08-25,Expenses - Fuel,3,,34479.64,Fuel fill-up 351.3L | BUS-103
1387,fuel,2025-08-27,Expenses - Fuel,3,,24752.44,Fuel fill-up 258.5L | BUS-103
1388,fuel,2025-08-29,Expenses - Fuel,3,,15076.22,Fuel fill-up 161.4L | BUS-103
1389,fuel,2025-08-31,Expenses - Fuel,3,,6458.89,Fuel fill-up 70.2L | BUS-103
1390,fuel,2025-09-01,Expenses - Fuel,3,,6373.85,Fuel fill-up 66.8L | BUS-103
1391,fuel,2025-09-02,Expenses - Fuel,3,,16286.46,Fuel fill-up 168.9L | BUS-103
1392,fuel,2025-09-05,Expenses - Fuel,3,,27089.36,Fuel fill-up 279.8L | BUS-103
1393,fuel,2025-09-06,Expenses - Fuel,3,,14260.5,Fuel fill-up 152.2L | BUS-103
1394,fuel,2025-09-08,Expenses - Fuel,3,,25569.59,Fuel fill-up 270.1L | BUS-103
1395,fuel,2025-09-09,Expenses - Fuel,3,,15762.67,Fuel fill-up 160.5L | BUS-103
1396,fuel,2025-09-10,Expenses - Fuel,3,,6432.04,Fuel fill-up 69.1L | BUS-103
1397,fuel,2025-09-11,Expenses - Fuel,3,,24863.54,Fuel fill-up 257.3L | BUS-103
1398,fuel,2025-09-13,Expenses - Fuel,3,,23697.81,Fuel fill-up 244.8L | BUS-103
1399,fuel,2025-09-15,Expenses - Fuel,3,,23865.11,Fuel fill-up 247.4L | BUS-103
1400,fuel,2025-09-18,Expenses - Fuel,3,,33774.66,Fuel fill-up 351.2L | BUS-103
1401,fuel,2025-09-18,Expenses - Fuel,3,,15610.42,Fuel fill-up 161.7L | BUS-103
1402,fuel,2025-09-19,Expenses - Fuel,3,,15887.78,Fuel fill-up 173.3L | BUS-103
1403,fuel,2025-09-21,Expenses - Fuel,3,,16425.74,Fuel fill-up 172.5L | BUS-103
1404,fuel,2025-09-23,Expenses - Fuel,3,,24413.63,Fuel fill-up 268.1L | BUS-103
1405,fuel,2025-09-24,Expenses - Fuel,3,,23851.85,Fuel fill-up 259.5L | BUS-103
1406,fuel,2025-09-24,Expenses - Fuel,3,,16151.96,Fuel fill-up 166.6L | BUS-103
1407,fuel,2025-09-26,Expenses - Fuel,3,,31037.42,Fuel fill-up 340.3L | BUS-103
1408,fuel,2025-09-27,Expenses - Fuel,3,,15924.35,Fuel fill-up 168.6L | BUS-103
1409,fuel,2025-09-28,Expenses - Fuel,3,,15140.36,Fuel fill-up 157.5L | BUS-103
1410,fuel,2025-09-29,Expenses - Fuel,3,,5935.28,Fuel fill-up 64.0L | BUS-103
1411,fuel,2025-10-01,Expenses - Fuel,3,,24246.7,Fuel fill-up 259.9L | BUS-103
1412,fuel,2025-10-03,Expenses - Fuel,3,,26247.44,Fuel fill-up 289.3L | BUS-103
1413,fuel,2025-10-04,Expenses - Fuel,3,,16684.58,Fuel fill-up 176.2L | BUS-103
1414,fuel,2025-10-06,Expenses - Fuel,3,,25833.44,Fuel fill-up 265.3L | BUS-103
1415,fuel,2025-10-08,Expenses - Fuel,3,,33593.36,Fuel fill-up 359.4L | BUS-103
1416,fuel,2025-10-10,Expenses - Fuel,3,,32937.29,Fuel fill-up 358.6L | BUS-103
1417,fuel,2025-10-13,Expenses - Fuel,3,,27142.14,Fuel fill-up 278.4L | BUS-103
1418,fuel,2025-10-14,Expenses - Fuel,3,,23405.33,Fuel fill-up 256.1L | BUS-103
1419,fuel,2025-10-16,Expenses - Fuel,3,,25514.68,Fuel fill-up 272.8L | BUS-103
1420,fuel,2025-10-16,Expenses - Fuel,3,,14256.23,Fuel fill-up 149.5L | BUS-103
1421,fuel,2025-10-18,Expenses - Fuel,3,,14910.31,Fuel fill-up 162.3L | BUS-103
1422,fuel,2025-10-20,Expenses - Fuel,3,,5780.72,Fuel fill-up 60.1L | BUS-103
1423,fuel,2025-10-20,Expenses - Fuel,3,,21874.53,Fuel fill-up 239.4L | BUS-103
1424,fuel,2025-10-21,Expenses - Fuel,3,,26576.56,Fuel fill-up 279.5L | BUS-103
1425,fuel,2025-10-22,Expenses - Fuel,3,,16149.93,Fuel fill-up 174.7L | BUS-103
1426,fuel,2025-10-23,Expenses - Fuel,3,,15954.9,Fuel fill-up 171.9L | BUS-103
1427,fuel,2025-10-24,Expenses - Fuel,3,,14227.39,Fuel fill-up 156.4L | BUS-103
1428,fuel,2025-10-26,Expenses - Fuel,3,,14852.21,Fuel fill-up 160.2L | BUS-103
1429,fuel,2025-10-27,Expenses - Fuel,3,,35104.33,Fuel fill-up 367.5L | BUS-103
1430,fuel,2025-10-29,Expenses - Fuel,3,,16329.88,Fuel fill-up 172.2L | BUS-103
1431,fuel,2025-10-31,Expenses - Fuel,3,,13718.12,Fuel fill-up 149.4L | BUS-103
1432,fuel,2025-11-02,Expenses - Fuel,3,,15386.73,Fuel fill-up 162.4L | BUS-103
1433,fuel,2025-11-03,Expenses - Fuel,3,,23191.99,Fuel fill-up 245.6L | BUS-103
1434,fuel,2025-11-04,Expenses - Fuel,3,,16519.57,Fuel fill-up 172.7L | BUS-103
1435,fuel,2025-11-07,Expenses - Fuel,3,,26647.25,Fuel fill-up 280.5L | BUS-103
1436,fuel,2025-11-09,Expenses - Fuel,3,,16341.03,Fuel fill-up 177.7L | BUS-103
1437,fuel,2025-11-10,Expenses - Fuel,3,,15676.8,Fuel fill-up 166.4L | BUS-103
1438,fuel,2025-11-12,Expenses - Fuel,3,,16914.78,Fuel fill-up 176.5L | BUS-103
1439,fuel,2025-11-15,Expenses - Fuel,3,,15240.0,Fuel fill-up 161.9L | BUS-103
1440,fuel,2025-11-17,Expenses - Fuel,3,,16697.75,Fuel fill-up 171.6L | BUS-103
1441,fuel,2025-11-18,Expenses - Fuel,3,,25259.28,Fuel fill-up 261.7L | BUS-103
1442,fuel,2025-11-19,Expenses - Fuel,3,,16514.44,Fuel fill-up 168.7L | BUS-103
1443,fuel,2025-11-20,Expenses - Fuel,3,,14816.72,Fuel fill-up 153.6L | BUS-103
1444,fuel,2025-11-22,Expenses - Fuel,3,,25520.14,Fuel fill-up 277.9L | BUS-103
1445,fuel,2025-11-22,Expenses - Fuel,3,,23288.74,Fuel fill-up 252.8L | BUS-103
1446,fuel,2025-11-23,Expenses - Fuel,3,,14893.04,Fuel fill-up 162.6L | BUS-103
1447,fuel,2025-11-24,Expenses - Fuel,3,,16849.77,Fuel fill-up 175.8L | BUS-103
1448,fuel,2025-11-26,Expenses - Fuel,3,,25587.76,Fuel fill-up 274.5L | BUS-103
1449,fuel,2025-11-28,Expenses - Fuel,3,,23364.07,Fuel fill-up 249.9L | BUS-103
1450,fuel,2025-11-29,Expenses - Fuel,3,,25108.14,Fuel fill-up 266.3L | BUS-103
1451,fuel,2025-12-01,Expenses - Fuel,3,,16710.78,Fuel fill-up 177.7L | BUS-103
1452,fuel,2025-12-02,Expenses - Fuel,3,,16331.03,Fuel fill-up 167.3L | BUS-103
1453,fuel,2025-12-07,Expenses - Fuel,3,,24801.81,Fuel fill-up 261.6L | BUS-103
1454,fuel,2025-12-08,Expenses - Fuel,3,,15296.13,Fuel fill-up 159.2L | BUS-103
1455,fuel,2025-12-09,Expenses - Fuel,3,,24091.09,Fuel fill-up 251.6L | BUS-103
1456,fuel,2025-12-11,Expenses - Fuel,3,,25896.86,Fuel fill-up 278.2L | BUS-103
1457,fuel,2025-12-13,Expenses - Fuel,3,,16106.44,Fuel fill-up 166.2L | BUS-103
1458,fuel,2025-12-14,Expenses - Fuel,3,,25031.31,Fuel fill-up 262.7L | BUS-103
1459,fuel,2025-12-15,Expenses - Fuel,3,,25026.3,Fuel fill-up 259.6L | BUS-103
1460,fuel,2025-12-17,Expenses - Fuel,3,,15221.72,Fuel fill-up 166.5L | BUS-103
1461,fuel,2025-12-20,Expenses - Fuel,3,,25272.51,Fuel fill-up 271.9L | BUS-103
1462,fuel,2025-12-22,Expenses - Fuel,3,,14992.73,Fuel fill-up 153.1L | BUS-103
1463,fuel,2025-12-23,Expenses - Fuel,3,,15233.94,Fuel fill-up 157.2L | BUS-103
1464,fuel,2025-12-24,Expenses - Fuel,3,,25689.42,Fuel fill-up 281.3L | BUS-103
1465,fuel,2025-12-27,Expenses - Fuel,3,,15814.44,Fuel fill-up 166.1L | BUS-103
1466,fuel,2025-12-28,Expenses - Fuel,3,,26852.94,Fuel fill-up 287.6L | BUS-103
1467,fuel,2025-12-30,Expenses - Fuel,3,,25424.38,Fuel fill-up 260.1L | BUS-103
1468,fuel,2025-12-31,Expenses - Fuel,3,,23221.28,Fuel fill-up 240.1L | BUS-103
1469,fuel,2026-01-03,Expenses - Fuel,3,,22954.75,Fuel fill-up 250.5L | BUS-103
1470,fuel,2026-01-04,Expenses - Fuel,3,,6016.92,Fuel fill-up 62.1L | BUS-103
1471,fuel,2026-01-05,Expenses - Fuel,3,,6734.2,Fuel fill-up 68.9L | BUS-103
1472,fuel,2026-01-07,Expenses - Fuel,3,,25930.91,Fuel fill-up 267.1L | BUS-103
1473,fuel,2026-01-08,Expenses - Fuel,3,,14408.69,Fuel fill-up 158.5L | BUS-103
1474,fuel,2026-01-09,Expenses - Fuel,3,,26872.13,Fuel fill-up 277.9L | BUS-103
1475,fuel,2026-01-11,Expenses - Fuel,3,,15129.31,Fuel fill-up 162.7L | BUS-103
1476,fuel,2026-01-14,Expenses - Fuel,3,,25611.34,Fuel fill-up 266.5L | BUS-103
1477,fuel,2026-01-14,Expenses - Fuel,3,,6705.32,Fuel fill-up 69.8L | BUS-103
1478,fuel,2026-01-16,Expenses - Fuel,3,,15830.3,Fuel fill-up 167.2L | BUS-103
1479,fuel,2026-01-17,Expenses - Fuel,3,,16642.39,Fuel fill-up 176.4L | BUS-103
1480,fuel,2026-01-18,Expenses - Fuel,3,,14436.87,Fuel fill-up 150.2L | BUS-103
1481,fuel,2026-01-20,Expenses - Fuel,3,,14120.41,Fuel fill-up 148.6L | BUS-103
1482,fuel,2026-01-21,Expenses - Fuel,3,,6127.6,Fuel fill-up 66.1L | BUS-103
1483,fuel,2026-01-22,Expenses - Fuel,3,,15773.0,Fuel fill-up 161.5L | BUS-103
1484,fuel,2026-01-24,Expenses - Fuel,3,,15655.91,Fuel fill-up 168.5L | BUS-103
1485,fuel,2026-01-25,Expenses - Fuel,3,,26424.96,Fuel fill-up 286.3L | BUS-103
1486,fuel,2026-01-27,Expenses - Fuel,3,,23164.6,Fuel fill-up 251.4L | BUS-103
1487,fuel,2026-01-28,Expenses - Fuel,3,,14080.56,Fuel fill-up 154.7L | BUS-103
1488,fuel,2026-01-29,Expenses - Fuel,3,,14568.87,Fuel fill-up 154.8L | BUS-103
1489,fuel,2026-02-01,Expenses - Fuel,3,,17386.35,Fuel fill-up 180.6L | BUS-103
1490,fuel,2026-02-03,Expenses - Fuel,3,,16792.06,Fuel fill-up 176.9L | BUS-103
1491,fuel,2026-02-04,Expenses - Fuel,3,,15560.74,Fuel fill-up 161.8L | BUS-103
1492,fuel,2026-02-06,Expenses - Fuel,3,,5969.72,Fuel fill-up 63.4L | BUS-103
1493,fuel,2026-02-09,Expenses - Fuel,3,,15832.84,Fuel fill-up 168.7L | BUS-103
1494,fuel,2026-02-11,Expenses - Fuel,3,,14706.35,Fuel fill-up 162.1L | BUS-103
1495,fuel,2026-02-11,Expenses - Fuel,3,,6000.66,Fuel fill-up 62.4L | BUS-103
1496,fuel,2026-02-12,Expenses - Fuel,3,,36508.33,Fuel fill-up 384.8L | BUS-103
1497,fuel,2026-02-13,Expenses - Fuel,3,,15363.99,Fuel fill-up 156.7L | BUS-103
1498,fuel,2026-02-14,Expenses - Fuel,3,,33359.05,Fuel fill-up 343.9L | BUS-103
1499,fuel,2026-02-16,Expenses - Fuel,3,,36632.17,Fuel fill-up 387.5L | BUS-103
1500,fuel,2026-02-18,Expenses - Fuel,3,,6345.11,Fuel fill-up 65.6L | BUS-103
1501,fuel,2026-02-19,Expenses - Fuel,3,,23444.26,Fuel fill-up 252.9L | BUS-103
1502,fuel,2026-02-20,Expenses - Fuel,3,,15363.22,Fuel fill-up 166.6L | BUS-103
1503,fuel,2026-02-22,Expenses - Fuel,3,,27507.03,Fuel fill-up 286.0L | BUS-103
1504,fuel,2026-02-23,Expenses - Fuel,3,,26823.45,Fuel fill-up 273.0L | BUS-103
1505,fuel,2026-02-26,Expenses - Fuel,3,,6536.68,Fuel fill-up 68.3L | BUS-103
1506,fuel,2026-02-28,Expenses - Fuel,3,,26174.83,Fuel fill-up 279.2L | BUS-103
1507,fuel,2026-03-01,Expenses - Fuel,3,,30497.42,Fuel fill-up 328.7L | BUS-103
1508,fuel,2026-03-03,Expenses - Fuel,3,,16100.68,Fuel fill-up 176.1L | BUS-103
1509,fuel,2026-03-03,Expenses - Fuel,3,,15218.53,Fuel fill-up 155.9L | BUS-103
1510,fuel,2026-03-05,Expenses - Fuel,3,,6657.1,Fuel fill-up 70.3L | BUS-103
1511,fuel,2026-03-09,Expenses - Fuel,3,,17055.44,Fuel fill-up 173.5L | BUS-103
1512,fuel,2026-03-09,Expenses - Fuel,3,,31418.02,Fuel fill-up 331.9L | BUS-103
1513,fuel,2026-03-11,Expenses - Fuel,3,,16947.7,Fuel fill-up 175.2L | BUS-103
1514,fuel,2026-03-13,Expenses - Fuel,3,,24435.41,Fuel fill-up 249.3L | BUS-103
1515,fuel,2026-03-14,Expenses - Fuel,3,,32540.81,Fuel fill-up 334.4L | BUS-103
1516,fuel,2026-03-16,Expenses - Fuel,3,,24963.37,Fuel fill-up 260.4L | BUS-103
1517,fuel,2026-03-17,Expenses - Fuel,3,,34010.75,Fuel fill-up 374.3L | BUS-103
1518,fuel,2026-03-18,Expenses - Fuel,3,,15430.97,Fuel fill-up 166.6L | BUS-103
1519,fuel,2026-03-19,Expenses - Fuel,3,,32473.5,Fuel fill-up 346.1L | BUS-103
1520,fuel,2026-03-20,Expenses - Fuel,3,,26506.62,Fuel fill-up 271.3L | BUS-103
1521,fuel,2026-03-21,Expenses - Fuel,3,,15582.97,Fuel fill-up 168.2L | BUS-103
1522,fuel,2026-03-22,Expenses - Fuel,3,,25588.52,Fuel fill-up 270.8L | BUS-103
1523,fuel,2026-03-23,Expenses - Fuel,3,,15687.83,Fuel fill-up 170.0L | BUS-103
1524,fuel,2026-03-24,Expenses - Fuel,3,,14824.19,Fuel fill-up 154.5L | BUS-103
1525,fuel,2026-03-25,Expenses - Fuel,3,,25083.92,Fuel fill-up 272.5L | BUS-103
1526,fuel,2026-03-27,Expenses - Fuel,3,,24729.83,Fuel fill-up 261.3L | BUS-103
1527,fuel,2026-03-28,Expenses - Fuel,3,,15655.83,Fuel fill-up 164.8L | BUS-103
1528,fuel,2026-03-30,Expenses - Fuel,3,,25964.24,Fuel fill-up 276.4L | BUS-103
1529,fuel,2026-04-01,Expenses - Fuel,3,,16302.63,Fuel fill-up 175.2L | BUS-103
1530,fuel,2026-04-02,Expenses - Fuel,3,,24537.63,Fuel fill-up 257.7L | BUS-103
1531,fuel,2026-04-04,Expenses - Fuel,3,,24660.57,Fuel fill-up 254.6L | BUS-103
1532,fuel,2026-04-06,Expenses - Fuel,3,,26415.69,Fuel fill-up 276.2L | BUS-103
1533,fuel,2026-04-09,Expenses - Fuel,3,,15023.35,Fuel fill-up 155.4L | BUS-103
1534,fuel,2026-04-09,Expenses - Fuel,3,,32610.38,Fuel fill-up 342.1L | BUS-103
1535,fuel,2026-04-11,Expenses - Fuel,3,,16600.51,Fuel fill-up 175.8L | BUS-103
1536,fuel,2026-04-14,Expenses - Fuel,3,,32311.07,Fuel fill-up 332.2L | BUS-103
1537,fuel,2026-04-16,Expenses - Fuel,3,,22702.96,Fuel fill-up 248.6L | BUS-103
1538,fuel,2026-04-18,Expenses - Fuel,3,,14993.44,Fuel fill-up 158.3L | BUS-103
1539,fuel,2026-04-19,Expenses - Fuel,3,,33275.76,Fuel fill-up 361.3L | BUS-103
1540,fuel,2026-04-21,Expenses - Fuel,3,,15029.63,Fuel fill-up 162.3L | BUS-103
1541,fuel,2026-04-22,Expenses - Fuel,3,,16250.43,Fuel fill-up 175.3L | BUS-103
1542,fuel,2026-04-27,Expenses - Fuel,3,,6001.19,Fuel fill-up 61.7L | BUS-103
1543,fuel,2026-04-28,Expenses - Fuel,3,,24887.5,Fuel fill-up 254.5L | BUS-103
1544,fuel,2026-04-28,Expenses - Fuel,3,,26467.76,Fuel fill-up 275.6L | BUS-103
1545,fuel,2026-05-01,Expenses - Fuel,3,,24033.82,Fuel fill-up 251.7L | BUS-103
1546,fuel,2026-05-01,Expenses - Fuel,3,,6270.31,Fuel fill-up 64.3L | BUS-103
1547,fuel,2026-05-02,Expenses - Fuel,3,,35841.85,Fuel fill-up 366.9L | BUS-103
1548,fuel,2026-05-03,Expenses - Fuel,3,,6485.64,Fuel fill-up 66.3L | BUS-103
1549,fuel,2026-05-04,Expenses - Fuel,3,,5912.83,Fuel fill-up 63.9L | BUS-103
1550,fuel,2026-05-05,Expenses - Fuel,3,,14733.17,Fuel fill-up 161.9L | BUS-103
1551,fuel,2026-05-07,Expenses - Fuel,3,,24454.18,Fuel fill-up 252.7L | BUS-103
1552,fuel,2026-05-08,Expenses - Fuel,3,,34045.46,Fuel fill-up 362.2L | BUS-103
1553,fuel,2026-05-10,Expenses - Fuel,3,,25184.29,Fuel fill-up 276.3L | BUS-103
1554,fuel,2026-05-11,Expenses - Fuel,3,,15172.44,Fuel fill-up 161.3L | BUS-103
1555,fuel,2026-05-13,Expenses - Fuel,3,,27481.42,Fuel fill-up 281.6L | BUS-103
1556,fuel,2026-05-13,Expenses - Fuel,3,,14660.59,Fuel fill-up 151.0L | BUS-103
1557,fuel,2026-05-17,Expenses - Fuel,3,,15281.14,Fuel fill-up 159.4L | BUS-103
1558,fuel,2026-05-19,Expenses - Fuel,3,,25258.85,Fuel fill-up 259.5L | BUS-103
1559,fuel,2026-05-20,Expenses - Fuel,3,,21994.74,Fuel fill-up 240.1L | BUS-103
1560,fuel,2026-05-22,Expenses - Fuel,3,,33871.12,Fuel fill-up 355.1L | BUS-103
1561,fuel,2026-05-23,Expenses - Fuel,3,,16054.25,Fuel fill-up 174.0L | BUS-103
1562,fuel,2026-05-25,Expenses - Fuel,3,,36044.31,Fuel fill-up 371.0L | BUS-103
1563,fuel,2026-05-26,Expenses - Fuel,3,,6473.73,Fuel fill-up 68.0L | BUS-103
1564,fuel,2026-05-29,Expenses - Fuel,3,,24431.2,Fuel fill-up 257.5L | BUS-103
1565,fuel,2026-06-01,Expenses - Fuel,3,,35043.72,Fuel fill-up 385.2L | BUS-103
1566,fuel,2026-06-01,Expenses - Fuel,3,,25586.58,Fuel fill-up 271.3L | BUS-103
1567,fuel,2026-06-02,Expenses - Fuel,3,,6401.22,Fuel fill-up 65.2L | BUS-103
1568,fuel,2026-06-04,Expenses - Fuel,3,,6716.27,Fuel fill-up 69.3L | BUS-103
1569,fuel,2026-06-05,Expenses - Fuel,3,,6771.06,Fuel fill-up 69.2L | BUS-103
1570,fuel,2026-06-07,Expenses - Fuel,3,,27044.64,Fuel fill-up 288.2L | BUS-103
1571,fuel,2026-06-09,Expenses - Fuel,3,,16194.29,Fuel fill-up 177.8L | BUS-103
1572,fuel,2026-06-11,Expenses - Fuel,3,,24149.69,Fuel fill-up 255.8L | BUS-103
1573,fuel,2026-06-13,Expenses - Fuel,3,,36812.75,Fuel fill-up 377.9L | BUS-103
1574,fuel,2026-06-14,Expenses - Fuel,3,,16513.83,Fuel fill-up 170.5L | BUS-103
1575,fuel,2026-06-14,Expenses - Fuel,3,,25827.03,Fuel fill-up 272.9L | BUS-103
1576,fuel,2026-06-15,Expenses - Fuel,3,,14715.21,Fuel fill-up 158.8L | BUS-103
1577,fuel,2026-06-17,Expenses - Fuel,3,,16479.04,Fuel fill-up 171.0L | BUS-103
1578,fuel,2026-06-18,Expenses - Fuel,3,,25307.5,Fuel fill-up 265.1L | BUS-103
1579,fuel,2026-06-19,Expenses - Fuel,3,,15460.68,Fuel fill-up 164.3L | BUS-103
1580,fuel,2026-06-22,Expenses - Fuel,3,,26740.96,Fuel fill-up 279.7L | BUS-103
1581,fuel,2026-06-23,Expenses - Fuel,3,,24722.59,Fuel fill-up 256.0L | BUS-103
1582,fuel,2026-06-24,Expenses - Fuel,3,,23645.0,Fuel fill-up 257.0L | BUS-103
1583,fuel,2026-06-25,Expenses - Fuel,3,,15320.51,Fuel fill-up 165.1L | BUS-103
1584,fuel,2026-06-28,Expenses - Fuel,3,,24042.83,Fuel fill-up 260.1L | BUS-103
1585,fuel,2026-06-29,Expenses - Fuel,3,,5820.89,Fuel fill-up 64.0L | BUS-103
1586,fuel,2026-07-01,Expenses - Fuel,3,,36350.37,Fuel fill-up 389.4L | BUS-103
1587,fuel,2026-07-02,Expenses - Fuel,3,,6373.93,Fuel fill-up 67.5L | BUS-103
1588,fuel,2026-07-04,Expenses - Fuel,3,,24846.07,Fuel fill-up 262.2L | BUS-103
1589,fuel,2026-07-06,Expenses - Fuel,3,,6408.2,Fuel fill-up 68.5L | BUS-103
1590,fuel,2026-07-06,Expenses - Fuel,3,,25864.59,Fuel fill-up 280.7L | BUS-103
1591,fuel,2026-07-08,Expenses - Fuel,3,,24709.31,Fuel fill-up 259.4L | BUS-103
1592,fuel,2026-07-09,Expenses - Fuel,3,,26177.72,Fuel fill-up 276.5L | BUS-103
1593,fuel,2026-07-11,Expenses - Fuel,3,,25768.99,Fuel fill-up 283.4L | BUS-103
1594,fuel,2026-07-12,Expenses - Fuel,3,,24120.87,Fuel fill-up 264.7L | BUS-103
1595,fuel,2026-07-14,Expenses - Fuel,3,,13960.87,Fuel fill-up 153.9L | BUS-103
1596,fuel,2026-07-19,Expenses - Fuel,3,,24280.38,Fuel fill-up 250.7L | BUS-103
1597,fuel,2026-07-21,Expenses - Fuel,3,,6425.06,Fuel fill-up 69.0L | BUS-103
1598,fuel,2026-07-24,Expenses - Fuel,3,,26325.22,Fuel fill-up 270.4L | BUS-103
1599,fuel,2026-07-25,Expenses - Fuel,3,,23595.81,Fuel fill-up 255.2L | BUS-103
1600,fuel,2026-07-27,Expenses - Fuel,3,,25340.29,Fuel fill-up 269.6L | BUS-103
1601,fuel,2026-07-27,Expenses - Fuel,3,,16667.66,Fuel fill-up 170.6L | BUS-103
1602,fuel,2026-07-28,Expenses - Fuel,3,,5946.13,Fuel fill-up 63.3L | BUS-103
1603,fuel,2026-07-29,Expenses - Fuel,3,,26927.68,Fuel fill-up 279.5L | BUS-103
1604,fuel,2026-07-29,Expenses - Fuel,3,,25027.41,Fuel fill-up 257.5L | BUS-103
1605,fuel,2026-07-30,Expenses - Fuel,3,,26215.35,Fuel fill-up 284.3L | BUS-103
1606,fuel,2026-08-01,Expenses - Fuel,3,,32951.55,Fuel fill-up 353.3L | BUS-103
1607,fuel,2026-08-03,Expenses - Fuel,3,,26329.63,Fuel fill-up 274.0L | BUS-103
1608,fuel,2026-08-05,Expenses - Fuel,3,,26168.88,Fuel fill-up 286.8L | BUS-103
1609,fuel,2026-08-06,Expenses - Fuel,3,,14877.5,Fuel fill-up 155.8L | BUS-103
1610,fuel,2026-08-07,Expenses - Fuel,3,,23253.55,Fuel fill-up 240.2L | BUS-103
1611,fuel,2026-08-09,Expenses - Fuel,3,,16338.98,Fuel fill-up 171.6L | BUS-103
1612,fuel,2026-08-10,Expenses - Fuel,3,,15736.69,Fuel fill-up 160.4L | BUS-103
1613,fuel,2026-08-12,Expenses - Fuel,3,,25727.45,Fuel fill-up 273.1L | BUS-103
1614,fuel,2026-08-14,Expenses - Fuel,3,,5940.13,Fuel fill-up 64.4L | BUS-103
1615,fuel,2026-08-15,Expenses - Fuel,3,,16179.5,Fuel fill-up 178.0L | BUS-103
1616,fuel,2025-08-24,Expenses - Fuel,4,,12754.86,Fuel fill-up 138.1L | BUS-104
1617,fuel,2025-08-27,Expenses - Fuel,4,,12198.41,Fuel fill-up 127.5L | BUS-104
1618,fuel,2025-08-28,Expenses - Fuel,4,,11943.44,Fuel fill-up 126.7L | BUS-104
1619,fuel,2025-08-30,Expenses - Fuel,4,,11255.14,Fuel fill-up 123.8L | BUS-104
1620,fuel,2025-09-01,Expenses - Fuel,4,,14202.0,Fuel fill-up 147.1L | BUS-104
1621,fuel,2025-09-01,Expenses - Fuel,4,,10867.34,Fuel fill-up 118.0L | BUS-104
1622,fuel,2025-09-02,Expenses - Fuel,4,,12427.04,Fuel fill-up 132.5L | BUS-104
1623,fuel,2025-09-03,Expenses - Fuel,4,,11173.04,Fuel fill-up 115.9L | BUS-104
1624,fuel,2025-09-05,Expenses - Fuel,4,,12809.76,Fuel fill-up 134.1L | BUS-104
1625,fuel,2025-09-07,Expenses - Fuel,4,,12374.95,Fuel fill-up 129.9L | BUS-104
1626,fuel,2025-09-10,Expenses - Fuel,4,,14779.99,Fuel fill-up 157.7L | BUS-104
1627,fuel,2025-09-12,Expenses - Fuel,4,,13895.84,Fuel fill-up 146.2L | BUS-104
1628,fuel,2025-09-16,Expenses - Fuel,4,,10976.3,Fuel fill-up 116.5L | BUS-104
1629,fuel,2025-09-18,Expenses - Fuel,4,,14166.09,Fuel fill-up 148.8L | BUS-104
1630,fuel,2025-09-21,Expenses - Fuel,4,,13445.36,Fuel fill-up 146.9L | BUS-104
1631,fuel,2025-09-24,Expenses - Fuel,4,,13412.84,Fuel fill-up 144.8L | BUS-104
1632,fuel,2025-09-25,Expenses - Fuel,4,,13005.42,Fuel fill-up 138.2L | BUS-104
1633,fuel,2025-09-26,Expenses - Fuel,4,,13700.4,Fuel fill-up 144.9L | BUS-104
1634,fuel,2025-09-29,Expenses - Fuel,4,,11806.86,Fuel fill-up 129.4L | BUS-104
1635,fuel,2025-10-01,Expenses - Fuel,4,,13732.63,Fuel fill-up 142.4L | BUS-104
1636,fuel,2025-10-02,Expenses - Fuel,4,,11401.43,Fuel fill-up 125.4L | BUS-104
1637,fuel,2025-10-07,Expenses - Fuel,4,,10824.93,Fuel fill-up 114.6L | BUS-104
1638,fuel,2025-10-08,Expenses - Fuel,4,,12983.41,Fuel fill-up 134.6L | BUS-104
1639,fuel,2025-10-10,Expenses - Fuel,4,,12570.3,Fuel fill-up 130.6L | BUS-104
1640,fuel,2025-10-11,Expenses - Fuel,4,,12463.06,Fuel fill-up 134.8L | BUS-104
1641,fuel,2025-10-13,Expenses - Fuel,4,,12678.76,Fuel fill-up 134.9L | BUS-104
1642,fuel,2025-10-14,Expenses - Fuel,4,,13756.24,Fuel fill-up 143.4L | BUS-104
1643,fuel,2025-10-15,Expenses - Fuel,4,,14492.59,Fuel fill-up 148.9L | BUS-104
1644,fuel,2025-10-19,Expenses - Fuel,4,,14138.87,Fuel fill-up 149.4L | BUS-104
1645,fuel,2025-10-20,Expenses - Fuel,4,,11874.77,Fuel fill-up 122.1L | BUS-104
1646,fuel,2025-10-24,Expenses - Fuel,4,,12470.7,Fuel fill-up 129.0L | BUS-104
1647,fuel,2025-10-27,Expenses - Fuel,4,,12359.94,Fuel fill-up 126.3L | BUS-104
1648,fuel,2025-10-28,Expenses - Fuel,4,,11708.83,Fuel fill-up 123.7L | BUS-104
1649,fuel,2025-11-01,Expenses - Fuel,4,,15446.74,Fuel fill-up 157.2L | BUS-104
1650,fuel,2025-11-01,Expenses - Fuel,4,,13004.87,Fuel fill-up 135.9L | BUS-104
1651,fuel,2025-11-03,Expenses - Fuel,4,,13686.87,Fuel fill-up 143.8L | BUS-104
1652,fuel,2025-11-04,Expenses - Fuel,4,,11474.11,Fuel fill-up 124.5L | BUS-104
1653,fuel,2025-11-06,Expenses - Fuel,4,,14294.88,Fuel fill-up 146.7L | BUS-104
1654,fuel,2025-11-09,Expenses - Fuel,4,,11724.89,Fuel fill-up 122.0L | BUS-104
1655,fuel,2025-11-10,Expenses - Fuel,4,,11092.01,Fuel fill-up 116.3L | BUS-104
1656,fuel,2025-11-14,Expenses - Fuel,4,,11242.82,Fuel fill-up 120.3L | BUS-104
1657,fuel,2025-11-15,Expenses - Fuel,4,,14100.1,Fuel fill-up 147.4L | BUS-104
1658,fuel,2025-11-17,Expenses - Fuel,4,,13455.34,Fuel fill-up 141.3L | BUS-104
1659,fuel,2025-11-17,Expenses - Fuel,4,,10999.13,Fuel fill-up 119.1L | BUS-104
1660,fuel,2025-11-19,Expenses - Fuel,4,,13701.63,Fuel fill-up 146.7L | BUS-104
1661,fuel,2025-11-22,Expenses - Fuel,4,,12397.57,Fuel fill-up 126.5L | BUS-104
1662,fuel,2025-11-22,Expenses - Fuel,4,,10892.55,Fuel fill-up 114.4L | BUS-104
1663,fuel,2025-11-25,Expenses - Fuel,4,,13441.23,Fuel fill-up 144.8L | BUS-104
1664,fuel,2025-11-26,Expenses - Fuel,4,,13835.89,Fuel fill-up 144.3L | BUS-104
1665,fuel,2025-11-28,Expenses - Fuel,4,,14312.12,Fuel fill-up 157.4L | BUS-104
1666,fuel,2025-11-30,Expenses - Fuel,4,,13777.78,Fuel fill-up 144.3L | BUS-104
1667,fuel,2025-12-07,Expenses - Fuel,4,,12737.29,Fuel fill-up 134.2L | BUS-104
1668,fuel,2025-12-08,Expenses - Fuel,4,,11534.35,Fuel fill-up 124.1L | BUS-104
1669,fuel,2025-12-09,Expenses - Fuel,4,,11537.37,Fuel fill-up 117.9L | BUS-104
1670,fuel,2025-12-11,Expenses - Fuel,4,,12786.69,Fuel fill-up 132.6L | BUS-104
1671,fuel,2025-12-11,Expenses - Fuel,4,,14226.22,Fuel fill-up 155.2L | BUS-104
1672,fuel,2025-12-14,Expenses - Fuel,4,,12069.74,Fuel fill-up 124.0L | BUS-104
1673,fuel,2025-12-18,Expenses - Fuel,4,,12496.7,Fuel fill-up 128.0L | BUS-104
1674,fuel,2025-12-19,Expenses - Fuel,4,,13647.84,Fuel fill-up 146.2L | BUS-104
1675,fuel,2025-12-21,Expenses - Fuel,4,,12856.18,Fuel fill-up 139.2L | BUS-104
1676,fuel,2025-12-21,Expenses - Fuel,4,,12584.38,Fuel fill-up 129.8L | BUS-104
1677,fuel,2025-12-25,Expenses - Fuel,4,,13059.24,Fuel fill-up 137.2L | BUS-104
1678,fuel,2025-12-28,Expenses - Fuel,4,,12694.51,Fuel fill-up 132.0L | BUS-104
1679,fuel,2025-12-29,Expenses - Fuel,4,,12774.81,Fuel fill-up 131.7L | BUS-104
1680,fuel,2025-12-30,Expenses - Fuel,4,,14043.45,Fuel fill-up 148.2L | BUS-104
1681,fuel,2026-01-01,Expenses - Fuel,4,,13003.5,Fuel fill-up 135.7L | BUS-104
1682,fuel,2026-01-02,Expenses - Fuel,4,,11934.64,Fuel fill-up 128.6L | BUS-104
1683,fuel,2026-01-03,Expenses - Fuel,4,,13543.6,Fuel fill-up 139.2L | BUS-104
1684,fuel,2026-01-05,Expenses - Fuel,4,,12865.69,Fuel fill-up 139.7L | BUS-104
1685,fuel,2026-01-06,Expenses - Fuel,4,,11756.07,Fuel fill-up 124.7L | BUS-104
1686,fuel,2026-01-11,Expenses - Fuel,4,,13067.4,Fuel fill-up 135.2L | BUS-104
1687,fuel,2026-01-14,Expenses - Fuel,4,,13439.49,Fuel fill-up 144.1L | BUS-104
1688,fuel,2026-01-17,Expenses - Fuel,4,,13730.77,Fuel fill-up 140.4L | BUS-104
1689,fuel,2026-01-20,Expenses - Fuel,4,,13253.85,Fuel fill-up 137.7L | BUS-104
1690,fuel,2026-01-22,Expenses - Fuel,4,,13039.85,Fuel fill-up 140.7L | BUS-104
1691,fuel,2026-01-26,Expenses - Fuel,4,,13883.36,Fuel fill-up 144.9L | BUS-104
1692,fuel,2026-01-29,Expenses - Fuel,4,,11983.54,Fuel fill-up 124.7L | BUS-104
1693,fuel,2026-01-29,Expenses - Fuel,4,,13839.84,Fuel fill-up 149.1L | BUS-104
1694,fuel,2026-01-30,Expenses - Fuel,4,,12287.15,Fuel fill-up 126.5L | BUS-104
1695,fuel,2026-02-01,Expenses - Fuel,4,,11277.12,Fuel fill-up 122.9L | BUS-104
1696,fuel,2026-02-02,Expenses - Fuel,4,,11922.38,Fuel fill-up 124.1L | BUS-104
1697,fuel,2026-02-04,Expenses - Fuel,4,,12152.98,Fuel fill-up 130.3L | BUS-104
1698,fuel,2026-02-06,Expenses - Fuel,4,,14858.99,Fuel fill-up 158.3L | BUS-104
1699,fuel,2026-02-08,Expenses - Fuel,4,,11794.9,Fuel fill-up 126.3L | BUS-104
1700,fuel,2026-02-09,Expenses - Fuel,4,,11419.72,Fuel fill-up 122.5L | BUS-104
1701,fuel,2026-02-12,Expenses - Fuel,4,,11765.76,Fuel fill-up 124.4L | BUS-104
1702,fuel,2026-02-15,Expenses - Fuel,4,,12931.57,Fuel fill-up 137.4L | BUS-104
1703,fuel,2026-02-16,Expenses - Fuel,4,,13077.68,Fuel fill-up 135.5L | BUS-104
1704,fuel,2026-02-18,Expenses - Fuel,4,,13500.64,Fuel fill-up 138.1L | BUS-104
1705,fuel,2026-02-20,Expenses - Fuel,4,,12137.12,Fuel fill-up 124.7L | BUS-104
1706,fuel,2026-02-23,Expenses - Fuel,4,,12457.36,Fuel fill-up 129.7L | BUS-104
1707,fuel,2026-02-26,Expenses - Fuel,4,,10887.51,Fuel fill-up 115.7L | BUS-104
1708,fuel,2026-02-27,Expenses - Fuel,4,,14434.46,Fuel fill-up 149.0L | BUS-104
1709,fuel,2026-02-28,Expenses - Fuel,4,,12649.1,Fuel fill-up 134.2L | BUS-104
1710,fuel,2026-03-02,Expenses - Fuel,4,,11627.68,Fuel fill-up 127.5L | BUS-104
1711,fuel,2026-03-03,Expenses - Fuel,4,,15109.1,Fuel fill-up 155.0L | BUS-104
1712,fuel,2026-03-04,Expenses - Fuel,4,,11380.58,Fuel fill-up 122.3L | BUS-104
1713,fuel,2026-03-08,Expenses - Fuel,4,,11132.11,Fuel fill-up 120.1L | BUS-104
1714,fuel,2026-03-09,Expenses - Fuel,4,,12204.8,Fuel fill-up 133.1L | BUS-104
1715,fuel,2026-03-12,Expenses - Fuel,4,,13731.06,Fuel fill-up 143.5L | BUS-104
1716,fuel,2026-03-16,Expenses - Fuel,4,,10510.01,Fuel fill-up 112.8L | BUS-104
1717,fuel,2026-03-18,Expenses - Fuel,4,,10679.98,Fuel fill-up 117.4L | BUS-104
1718,fuel,2026-03-20,Expenses - Fuel,4,,12468.31,Fuel fill-up 132.7L | BUS-104
1719,fuel,2026-03-22,Expenses - Fuel,4,,13829.09,Fuel fill-up 143.0L | BUS-104
1720,fuel,2026-03-23,Expenses - Fuel,4,,12125.55,Fuel fill-up 125.5L | BUS-104
1721,fuel,2026-03-24,Expenses - Fuel,4,,12494.31,Fuel fill-up 130.3L | BUS-104
1722,fuel,2026-03-25,Expenses - Fuel,4,,12021.71,Fuel fill-up 124.2L | BUS-104
1723,fuel,2026-03-28,Expenses - Fuel,4,,14045.13,Fuel fill-up 143.5L | BUS-104
1724,fuel,2026-03-30,Expenses - Fuel,4,,12716.72,Fuel fill-up 134.6L | BUS-104
1725,fuel,2026-04-01,Expenses - Fuel,4,,12391.75,Fuel fill-up 133.4L | BUS-104
1726,fuel,2026-04-03,Expenses - Fuel,4,,11432.42,Fuel fill-up 123.5L | BUS-104
1727,fuel,2026-04-05,Expenses - Fuel,4,,12240.91,Fuel fill-up 128.3L | BUS-104
1728,fuel,2026-04-06,Expenses - Fuel,4,,12849.91,Fuel fill-up 137.5L | BUS-104
1729,fuel,2026-04-09,Expenses - Fuel,4,,14273.73,Fuel fill-up 145.7L | BUS-104
1730,fuel,2026-04-12,Expenses - Fuel,4,,13838.07,Fuel fill-up 141.3L | BUS-104
1731,fuel,2026-04-15,Expenses - Fuel,4,,13712.54,Fuel fill-up 141.8L | BUS-104
1732,fuel,2026-04-17,Expenses - Fuel,4,,14632.27,Fuel fill-up 150.5L | BUS-104
1733,fuel,2026-04-19,Expenses - Fuel,4,,10851.31,Fuel fill-up 119.1L | BUS-104
1734,fuel,2026-04-20,Expenses - Fuel,4,,11601.71,Fuel fill-up 124.8L | BUS-104
1735,fuel,2026-04-24,Expenses - Fuel,4,,12511.91,Fuel fill-up 133.3L | BUS-104
1736,fuel,2026-04-26,Expenses - Fuel,4,,12667.41,Fuel fill-up 138.7L | BUS-104
1737,fuel,2026-04-26,Expenses - Fuel,4,,11641.54,Fuel fill-up 124.9L | BUS-104
1738,fuel,2026-04-30,Expenses - Fuel,4,,13540.27,Fuel fill-up 140.3L | BUS-104
1739,fuel,2026-05-01,Expenses - Fuel,4,,13036.3,Fuel fill-up 137.1L | BUS-104
1740,fuel,2026-05-04,Expenses - Fuel,4,,12107.63,Fuel fill-up 127.5L | BUS-104
1741,fuel,2026-05-05,Expenses - Fuel,4,,12434.42,Fuel fill-up 130.4L | BUS-104
1742,fuel,2026-05-07,Expenses - Fuel,4,,14046.87,Fuel fill-up 146.7L | BUS-104
1743,fuel,2026-05-07,Expenses - Fuel,4,,12675.71,Fuel fill-up 133.3L | BUS-104
1744,fuel,2026-05-08,Expenses - Fuel,4,,11407.61,Fuel fill-up 125.5L | BUS-104
1745,fuel,2026-05-10,Expenses - Fuel,4,,11961.58,Fuel fill-up 127.9L | BUS-104
1746,fuel,2026-05-15,Expenses - Fuel,4,,11221.3,Fuel fill-up 122.7L | BUS-104
1747,fuel,2026-05-17,Expenses - Fuel,4,,12255.56,Fuel fill-up 133.2L | BUS-104
1748,fuel,2026-05-19,Expenses - Fuel,4,,13293.31,Fuel fill-up 145.9L | BUS-104
1749,fuel,2026-05-20,Expenses - Fuel,4,,14560.18,Fuel fill-up 151.2L | BUS-104
1750,fuel,2026-05-22,Expenses - Fuel,4,,13104.96,Fuel fill-up 139.4L | BUS-104
1751,fuel,2026-05-25,Expenses - Fuel,4,,11553.46,Fuel fill-up 125.4L | BUS-104
1752,fuel,2026-05-26,Expenses - Fuel,4,,12796.65,Fuel fill-up 131.3L | BUS-104
1753,fuel,2026-05-27,Expenses - Fuel,4,,14238.17,Fuel fill-up 145.5L | BUS-104
1754,fuel,2026-05-28,Expenses - Fuel,4,,12677.2,Fuel fill-up 132.9L | BUS-104
1755,fuel,2026-05-30,Expenses - Fuel,4,,13760.53,Fuel fill-up 140.7L | BUS-104
1756,fuel,2026-05-31,Expenses - Fuel,4,,12350.22,Fuel fill-up 131.6L | BUS-104
1757,fuel,2026-06-02,Expenses - Fuel,4,,11602.56,Fuel fill-up 125.3L | BUS-104
1758,fuel,2026-06-06,Expenses - Fuel,4,,12640.6,Fuel fill-up 130.6L | BUS-104
1759,fuel,2026-06-11,Expenses - Fuel,4,,11944.29,Fuel fill-up 128.5L | BUS-104
1760,fuel,2026-06-11,Expenses - Fuel,4,,10859.85,Fuel fill-up 117.9L | BUS-104
1761,fuel,2026-06-14,Expenses - Fuel,4,,12008.03,Fuel fill-up 127.3L | BUS-104
1762,fuel,2026-06-17,Expenses - Fuel,4,,13399.07,Fuel fill-up 142.8L | BUS-104
1763,fuel,2026-06-20,Expenses - Fuel,4,,12901.89,Fuel fill-up 139.2L | BUS-104
1764,fuel,2026-06-22,Expenses - Fuel,4,,11978.76,Fuel fill-up 124.1L | BUS-104
1765,fuel,2026-06-25,Expenses - Fuel,4,,12951.07,Fuel fill-up 137.8L | BUS-104
1766,fuel,2026-06-26,Expenses - Fuel,4,,12158.49,Fuel fill-up 125.8L | BUS-104
1767,fuel,2026-06-27,Expenses - Fuel,4,,13534.36,Fuel fill-up 141.2L | BUS-104
1768,fuel,2026-06-29,Expenses - Fuel,4,,12547.91,Fuel fill-up 129.1L | BUS-104
1769,fuel,2026-07-01,Expenses - Fuel,4,,12059.02,Fuel fill-up 131.1L | BUS-104
1770,fuel,2026-07-04,Expenses - Fuel,4,,12322.94,Fuel fill-up 128.7L | BUS-104
1771,fuel,2026-07-06,Expenses - Fuel,4,,13491.1,Fuel fill-up 145.6L | BUS-104
1772,fuel,2026-07-08,Expenses - Fuel,4,,13218.76,Fuel fill-up 139.1L | BUS-104
1773,fuel,2026-07-08,Expenses - Fuel,4,,11873.5,Fuel fill-up 122.6L | BUS-104
1774,fuel,2026-07-11,Expenses - Fuel,4,,12675.57,Fuel fill-up 135.2L | BUS-104
1775,fuel,2026-07-12,Expenses - Fuel,4,,12805.65,Fuel fill-up 137.9L | BUS-104
1776,fuel,2026-07-16,Expenses - Fuel,4,,12957.88,Fuel fill-up 134.0L | BUS-104
1777,fuel,2026-07-18,Expenses - Fuel,4,,12346.79,Fuel fill-up 126.2L | BUS-104
1778,fuel,2026-07-21,Expenses - Fuel,4,,12457.0,Fuel fill-up 127.2L | BUS-104
1779,fuel,2026-07-23,Expenses - Fuel,4,,10993.85,Fuel fill-up 114.8L | BUS-104
1780,fuel,2026-07-25,Expenses - Fuel,4,,12585.83,Fuel fill-up 137.3L | BUS-104
1781,fuel,2026-07-26,Expenses - Fuel,4,,12911.2,Fuel fill-up 135.8L | BUS-104
1782,fuel,2026-07-29,Expenses - Fuel,4,,12264.54,Fuel fill-up 127.0L | BUS-104
1783,fuel,2026-08-01,Expenses - Fuel,4,,11835.28,Fuel fill-up 124.6L | BUS-104
1784,fuel,2026-08-03,Expenses - Fuel,4,,11770.26,Fuel fill-up 129.2L | BUS-104
1785,fuel,2026-08-05,Expenses - Fuel,4,,12029.48,Fuel fill-up 127.4L | BUS-104
1786,fuel,2026-08-07,Expenses - Fuel,4,,10564.46,Fuel fill-up 112.8L | BUS-104
1787,fuel,2026-08-08,Expenses - Fuel,4,,12047.29,Fuel fill-up 128.4L | BUS-104
1788,fuel,2026-08-09,Expenses - Fuel,4,,12619.96,Fuel fill-up 128.5L | BUS-104
1789,fuel,2026-08-09,Expenses - Fuel,4,,11887.1,Fuel fill-up 128.4L | BUS-104
1790,fuel,2026-08-10,Expenses - Fuel,4,,14203.74,Fuel fill-up 152.4L | BUS-104
1791,fuel,2026-08-15,Expenses - Fuel,4,,12939.93,Fuel fill-up 132.6L | BUS-104
1792,fuel,2025-08-22,Expenses - Fuel,5,,12995.42,Fuel fill-up 138.1L | BUS-105
1793,fuel,2025-08-23,Expenses - Fuel,5,,11086.33,Fuel fill-up 115.8L | BUS-105
1794,fuel,2025-08-25,Expenses - Fuel,5,,13118.73,Fuel fill-up 139.3L | BUS-105
1795,fuel,2025-08-30,Expenses - Fuel,5,,12371.67,Fuel fill-up 136.3L | BUS-105
1796,fuel,2025-09-02,Expenses - Fuel,5,,11972.01,Fuel fill-up 123.2L | BUS-105
1797,fuel,2025-09-06,Expenses - Fuel,5,,12286.32,Fuel fill-up 128.6L | BUS-105
1798,fuel,2025-09-09,Expenses - Fuel,5,,12565.77,Fuel fill-up 135.6L | BUS-105
1799,fuel,2025-09-12,Expenses - Fuel,5,,12320.51,Fuel fill-up 132.9L | BUS-105
1800,fuel,2025-09-14,Expenses - Fuel,5,,13660.13,Fuel fill-up 148.5L | BUS-105
1801,fuel,2025-09-18,Expenses - Fuel,5,,11128.99,Fuel fill-up 121.6L | BUS-105
1802,fuel,2025-09-21,Expenses - Fuel,5,,11944.39,Fuel fill-up 122.6L | BUS-105
1803,fuel,2025-09-23,Expenses - Fuel,5,,10955.64,Fuel fill-up 120.2L | BUS-105
1804,fuel,2025-09-25,Expenses - Fuel,5,,11840.13,Fuel fill-up 123.5L | BUS-105
1805,fuel,2025-10-01,Expenses - Fuel,5,,11195.53,Fuel fill-up 118.9L | BUS-105
1806,fuel,2025-10-03,Expenses - Fuel,5,,11526.92,Fuel fill-up 125.6L | BUS-105
1807,fuel,2025-10-05,Expenses - Fuel,5,,11720.17,Fuel fill-up 122.7L | BUS-105
1808,fuel,2025-10-07,Expenses - Fuel,5,,10931.81,Fuel fill-up 115.4L | BUS-105
1809,fuel,2025-10-09,Expenses - Fuel,5,,13294.53,Fuel fill-up 141.7L | BUS-105
1810,fuel,2025-10-13,Expenses - Fuel,5,,11724.62,Fuel fill-up 125.9L | BUS-105
1811,fuel,2025-10-14,Expenses - Fuel,5,,9993.41,Fuel fill-up 109.4L | BUS-105
1812,fuel,2025-10-18,Expenses - Fuel,5,,13356.73,Fuel fill-up 136.8L | BUS-105
1813,fuel,2025-10-20,Expenses - Fuel,5,,12245.09,Fuel fill-up 129.6L | BUS-105
1814,fuel,2025-10-22,Expenses - Fuel,5,,14118.94,Fuel fill-up 150.5L | BUS-105
1815,fuel,2025-10-28,Expenses - Fuel,5,,11981.62,Fuel fill-up 126.9L | BUS-105
1816,fuel,2025-11-01,Expenses - Fuel,5,,13056.65,Fuel fill-up 142.4L | BUS-105
1817,fuel,2025-11-04,Expenses - Fuel,5,,11957.28,Fuel fill-up 131.8L | BUS-105
1818,fuel,2025-11-07,Expenses - Fuel,5,,12547.5,Fuel fill-up 130.2L | BUS-105
1819,fuel,2025-11-09,Expenses - Fuel,5,,13304.65,Fuel fill-up 140.9L | BUS-105
1820,fuel,2025-11-11,Expenses - Fuel,5,,12181.41,Fuel fill-up 132.9L | BUS-105
1821,fuel,2025-11-14,Expenses - Fuel,5,,11881.9,Fuel fill-up 127.3L | BUS-105
1822,fuel,2025-11-17,Expenses - Fuel,5,,12949.53,Fuel fill-up 134.2L | BUS-105
1823,fuel,2025-11-17,Expenses - Fuel,5,,11446.4,Fuel fill-up 126.0L | BUS-105
1824,fuel,2025-11-24,Expenses - Fuel,5,,13070.1,Fuel fill-up 136.1L | BUS-105
1825,fuel,2025-11-25,Expenses - Fuel,5,,12556.24,Fuel fill-up 133.6L | BUS-105
1826,fuel,2025-11-29,Expenses - Fuel,5,,12459.28,Fuel fill-up 134.9L | BUS-105
1827,fuel,2025-12-01,Expenses - Fuel,5,,10353.71,Fuel fill-up 105.8L | BUS-105
1828,fuel,2025-12-03,Expenses - Fuel,5,,12466.58,Fuel fill-up 132.1L | BUS-105
1829,fuel,2025-12-03,Expenses - Fuel,5,,10108.01,Fuel fill-up 111.0L | BUS-105
1830,fuel,2025-12-06,Expenses - Fuel,5,,11733.19,Fuel fill-up 121.7L | BUS-105
1831,fuel,2025-12-10,Expenses - Fuel,5,,10841.38,Fuel fill-up 114.3L | BUS-105
1832,fuel,2025-12-13,Expenses - Fuel,5,,11825.14,Fuel fill-up 122.2L | BUS-105
1833,fuel,2025-12-16,Expenses - Fuel,5,,13513.79,Fuel fill-up 147.6L | BUS-105
1834,fuel,2025-12-19,Expenses - Fuel,5,,12456.11,Fuel fill-up 128.4L | BUS-105
1835,fuel,2025-12-24,Expenses - Fuel,5,,11117.99,Fuel fill-up 121.7L | BUS-105
1836,fuel,2025-12-26,Expenses - Fuel,5,,11323.7,Fuel fill-up 122.3L | BUS-105
1837,fuel,2025-12-28,Expenses - Fuel,5,,11744.23,Fuel fill-up 125.0L | BUS-105
1838,fuel,2025-12-29,Expenses - Fuel,5,,12256.71,Fuel fill-up 134.6L | BUS-105
1839,fuel,2025-12-31,Expenses - Fuel,5,,10946.78,Fuel fill-up 119.8L | BUS-105
1840,fuel,2026-01-05,Expenses - Fuel,5,,13344.84,Fuel fill-up 143.1L | BUS-105
1841,fuel,2026-01-08,Expenses - Fuel,5,,11880.71,Fuel fill-up 129.4L | BUS-105
1842,fuel,2026-01-11,Expenses - Fuel,5,,12036.15,Fuel fill-up 129.0L | BUS-105
1843,fuel,2026-01-14,Expenses - Fuel,5,,12069.56,Fuel fill-up 131.5L | BUS-105
1844,fuel,2026-01-15,Expenses - Fuel,5,,12937.0,Fuel fill-up 137.9L | BUS-105
1845,fuel,2026-01-18,Expenses - Fuel,5,,12041.65,Fuel fill-up 131.2L | BUS-105
1846,fuel,2026-01-20,Expenses - Fuel,5,,9801.16,Fuel fill-up 108.0L | BUS-105
1847,fuel,2026-01-21,Expenses - Fuel,5,,12994.86,Fuel fill-up 133.8L | BUS-105
1848,fuel,2026-01-24,Expenses - Fuel,5,,11942.73,Fuel fill-up 131.2L | BUS-105
1849,fuel,2026-01-28,Expenses - Fuel,5,,11753.77,Fuel fill-up 120.0L | BUS-105
1850,fuel,2026-01-30,Expenses - Fuel,5,,12158.86,Fuel fill-up 133.1L | BUS-105
1851,fuel,2026-02-02,Expenses - Fuel,5,,11891.42,Fuel fill-up 126.3L | BUS-105
1852,fuel,2026-02-04,Expenses - Fuel,5,,13343.71,Fuel fill-up 136.1L | BUS-105
1853,fuel,2026-02-06,Expenses - Fuel,5,,13047.5,Fuel fill-up 141.6L | BUS-105
1854,fuel,2026-02-12,Expenses - Fuel,5,,12538.8,Fuel fill-up 128.4L | BUS-105
1855,fuel,2026-02-15,Expenses - Fuel,5,,11794.26,Fuel fill-up 126.1L | BUS-105
1856,fuel,2026-02-17,Expenses - Fuel,5,,13461.26,Fuel fill-up 140.2L | BUS-105
1857,fuel,2026-02-21,Expenses - Fuel,5,,12143.54,Fuel fill-up 129.3L | BUS-105
1858,fuel,2026-02-23,Expenses - Fuel,5,,12652.9,Fuel fill-up 129.8L | BUS-105
1859,fuel,2026-02-27,Expenses - Fuel,5,,12116.99,Fuel fill-up 124.6L | BUS-105
1860,fuel,2026-03-01,Expenses - Fuel,5,,11500.7,Fuel fill-up 124.0L | BUS-105
1861,fuel,2026-03-03,Expenses - Fuel,5,,11199.65,Fuel fill-up 119.3L | BUS-105
1862,fuel,2026-03-08,Expenses - Fuel,5,,13807.62,Fuel fill-up 144.0L | BUS-105
1863,fuel,2026-03-10,Expenses - Fuel,5,,11362.17,Fuel fill-up 123.8L | BUS-105
1864,fuel,2026-03-13,Expenses - Fuel,5,,11714.33,Fuel fill-up 120.5L | BUS-105
1865,fuel,2026-03-17,Expenses - Fuel,5,,10206.49,Fuel fill-up 109.7L | BUS-105
1866,fuel,2026-03-19,Expenses - Fuel,5,,13637.98,Fuel fill-up 149.1L | BUS-105
1867,fuel,2026-03-20,Expenses - Fuel,5,,11582.3,Fuel fill-up 123.6L | BUS-105
1868,fuel,2026-03-25,Expenses - Fuel,5,,13212.39,Fuel fill-up 143.0L | BUS-105
1869,fuel,2026-03-30,Expenses - Fuel,5,,10608.76,Fuel fill-up 114.7L | BUS-105
1870,fuel,2026-04-02,Expenses - Fuel,5,,12696.12,Fuel fill-up 131.5L | BUS-105
1871,fuel,2026-04-04,Expenses - Fuel,5,,12185.01,Fuel fill-up 126.9L | BUS-105
1872,fuel,2026-04-06,Expenses - Fuel,5,,11130.19,Fuel fill-up 114.8L | BUS-105
1873,fuel,2026-04-09,Expenses - Fuel,5,,10552.67,Fuel fill-up 109.3L | BUS-105
1874,fuel,2026-04-13,Expenses - Fuel,5,,12307.93,Fuel fill-up 125.9L | BUS-105
1875,fuel,2026-04-16,Expenses - Fuel,5,,11935.67,Fuel fill-up 130.0L | BUS-105
1876,fuel,2026-04-17,Expenses - Fuel,5,,11727.94,Fuel fill-up 119.6L | BUS-105
1877,fuel,2026-04-20,Expenses - Fuel,5,,11740.45,Fuel fill-up 128.2L | BUS-105
1878,fuel,2026-04-22,Expenses - Fuel,5,,12630.41,Fuel fill-up 131.6L | BUS-105
1879,fuel,2026-04-26,Expenses - Fuel,5,,11237.75,Fuel fill-up 117.2L | BUS-105
1880,fuel,2026-04-28,Expenses - Fuel,5,,13255.78,Fuel fill-up 135.7L | BUS-105
1881,fuel,2026-04-29,Expenses - Fuel,5,,11470.06,Fuel fill-up 120.0L | BUS-105
1882,fuel,2026-04-30,Expenses - Fuel,5,,11343.75,Fuel fill-up 123.9L | BUS-105
1883,fuel,2026-05-05,Expenses - Fuel,5,,12468.17,Fuel fill-up 133.3L | BUS-105
1884,fuel,2026-05-05,Expenses - Fuel,5,,11179.23,Fuel fill-up 118.4L | BUS-105
1885,fuel,2026-05-09,Expenses - Fuel,5,,13982.21,Fuel fill-up 144.8L | BUS-105
1886,fuel,2026-05-14,Expenses - Fuel,5,,10914.76,Fuel fill-up 113.7L | BUS-105
1887,fuel,2026-05-16,Expenses - Fuel,5,,12644.22,Fuel fill-up 131.5L | BUS-105
1888,fuel,2026-05-21,Expenses - Fuel,5,,12817.73,Fuel fill-up 134.5L | BUS-105
1889,fuel,2026-05-25,Expenses - Fuel,5,,12295.84,Fuel fill-up 128.6L | BUS-105
1890,fuel,2026-05-29,Expenses - Fuel,5,,12418.36,Fuel fill-up 126.4L | BUS-105
1891,fuel,2026-05-31,Expenses - Fuel,5,,12122.54,Fuel fill-up 128.3L | BUS-105
1892,fuel,2026-06-03,Expenses - Fuel,5,,11976.43,Fuel fill-up 131.5L | BUS-105
1893,fuel,2026-06-06,Expenses - Fuel,5,,14524.75,Fuel fill-up 150.1L | BUS-105
1894,fuel,2026-06-07,Expenses - Fuel,5,,14450.75,Fuel fill-up 148.5L | BUS-105
1895,fuel,2026-06-11,Expenses - Fuel,5,,13198.4,Fuel fill-up 141.5L | BUS-105
1896,fuel,2026-06-12,Expenses - Fuel,5,,13373.09,Fuel fill-up 143.0L | BUS-105
1897,fuel,2026-06-15,Expenses - Fuel,5,,12751.71,Fuel fill-up 131.2L | BUS-105
1898,fuel,2026-06-17,Expenses - Fuel,5,,12849.6,Fuel fill-up 141.6L | BUS-105
1899,fuel,2026-06-19,Expenses - Fuel,5,,11645.35,Fuel fill-up 119.7L | BUS-105
1900,fuel,2026-06-22,Expenses - Fuel,5,,12167.73,Fuel fill-up 127.2L | BUS-105
1901,fuel,2026-06-27,Expenses - Fuel,5,,11022.67,Fuel fill-up 112.7L | BUS-105
1902,fuel,2026-06-28,Expenses - Fuel,5,,13404.52,Fuel fill-up 140.9L | BUS-105
1903,fuel,2026-07-01,Expenses - Fuel,5,,10773.41,Fuel fill-up 111.7L | BUS-105
1904,fuel,2026-07-03,Expenses - Fuel,5,,12624.23,Fuel fill-up 130.3L | BUS-105
1905,fuel,2026-07-05,Expenses - Fuel,5,,11989.44,Fuel fill-up 127.5L | BUS-105
1906,fuel,2026-07-06,Expenses - Fuel,5,,12661.1,Fuel fill-up 139.3L | BUS-105
1907,fuel,2026-07-09,Expenses - Fuel,5,,11247.86,Fuel fill-up 124.0L | BUS-105
1908,fuel,2026-07-14,Expenses - Fuel,5,,11947.39,Fuel fill-up 123.0L | BUS-105
1909,fuel,2026-07-19,Expenses - Fuel,5,,11936.0,Fuel fill-up 130.8L | BUS-105
1910,fuel,2026-07-23,Expenses - Fuel,5,,11811.71,Fuel fill-up 121.4L | BUS-105
1911,fuel,2026-07-24,Expenses - Fuel,5,,11082.25,Fuel fill-up 118.2L | BUS-105
1912,fuel,2026-07-27,Expenses - Fuel,5,,11423.17,Fuel fill-up 122.4L | BUS-105
1913,fuel,2026-07-30,Expenses - Fuel,5,,12141.51,Fuel fill-up 128.6L | BUS-105
1914,fuel,2026-08-01,Expenses - Fuel,5,,11513.86,Fuel fill-up 126.0L | BUS-105
1915,fuel,2026-08-03,Expenses - Fuel,5,,11820.05,Fuel fill-up 126.2L | BUS-105
1916,fuel,2026-08-05,Expenses - Fuel,5,,11269.82,Fuel fill-up 123.2L | BUS-105
1917,fuel,2026-08-08,Expenses - Fuel,5,,11369.15,Fuel fill-up 118.8L | BUS-105
1918,fuel,2026-08-10,Expenses - Fuel,5,,3383.39,Fuel fill-up 37.2L | BUS-105
1919,fuel,2026-08-15,Expenses - Fuel,5,,11209.62,Fuel fill-up 117.3L | BUS-105
1920,fuel,2025-08-21,Expenses - Fuel,6,,23772.58,Fuel fill-up 245.7L | TRK-101
1921,fuel,2025-08-22,Expenses - Fuel,6,,26081.96,Fuel fill-up 269.2L | TRK-101
1922,fuel,2025-08-25,Expenses - Fuel,6,,35465.82,Fuel fill-up 364.6L | TRK-101
1923,fuel,2025-08-30,Expenses - Fuel,6,,25437.07,Fuel fill-up 272.0L | TRK-101
1924,fuel,2025-09-04,Expenses - Fuel,6,,9901.77,Fuel fill-up 102.9L | TRK-101
1925,fuel,2025-09-07,Expenses - Fuel,6,,40894.07,Fuel fill-up 424.9L | TRK-101
1926,fuel,2025-09-08,Expenses - Fuel,6,,22269.29,Fuel fill-up 244.5L | TRK-101
1927,fuel,2025-09-09,Expenses - Fuel,6,,35921.08,Fuel fill-up 381.1L | TRK-101
1928,fuel,2025-09-12,Expenses - Fuel,6,,25359.59,Fuel fill-up 263.7L | TRK-101
1929,fuel,2025-09-14,Expenses - Fuel,6,,22574.2,Fuel fill-up 245.0L | TRK-101
1930,fuel,2025-09-15,Expenses - Fuel,6,,9782.81,Fuel fill-up 101.6L | TRK-101
1931,fuel,2025-09-18,Expenses - Fuel,6,,38971.5,Fuel fill-up 420.4L | TRK-101
1932,fuel,2025-09-22,Expenses - Fuel,6,,25474.02,Fuel fill-up 274.4L | TRK-101
1933,fuel,2025-09-24,Expenses - Fuel,6,,9589.08,Fuel fill-up 102.5L | TRK-101
1934,fuel,2025-09-26,Expenses - Fuel,6,,9390.09,Fuel fill-up 100.9L | TRK-101
1935,fuel,2025-09-28,Expenses - Fuel,6,,38545.53,Fuel fill-up 404.5L | TRK-101
1936,fuel,2025-09-29,Expenses - Fuel,6,,9674.83,Fuel fill-up 105.1L | TRK-101
1937,fuel,2025-10-01,Expenses - Fuel,6,,9882.99,Fuel fill-up 101.8L | TRK-101
1938,fuel,2025-10-02,Expenses - Fuel,6,,20898.16,Fuel fill-up 223.3L | TRK-101
1939,fuel,2025-10-03,Expenses - Fuel,6,,22901.19,Fuel fill-up 240.8L | TRK-101
1940,fuel,2025-10-05,Expenses - Fuel,6,,38054.93,Fuel fill-up 403.0L | TRK-101
1941,fuel,2025-10-11,Expenses - Fuel,6,,25212.09,Fuel fill-up 257.3L | TRK-101
1942,fuel,2025-10-16,Expenses - Fuel,6,,8579.43,Fuel fill-up 92.7L | TRK-101
1943,fuel,2025-10-19,Expenses - Fuel,6,,20982.11,Fuel fill-up 229.8L | TRK-101
1944,fuel,2025-10-23,Expenses - Fuel,6,,23008.64,Fuel fill-up 252.8L | TRK-101
1945,fuel,2025-10-24,Expenses - Fuel,6,,24508.92,Fuel fill-up 259.0L | TRK-101
1946,fuel,2025-10-25,Expenses - Fuel,6,,22946.43,Fuel fill-up 248.1L | TRK-101
1947,fuel,2025-10-29,Expenses - Fuel,6,,48938.21,Fuel fill-up 510.1L | TRK-101
1948,fuel,2025-11-01,Expenses - Fuel,6,,36506.01,Fuel fill-up 381.0L | TRK-101
1949,fuel,2025-11-05,Expenses - Fuel,6,,36565.97,Fuel fill-up 386.8L | TRK-101
1950,fuel,2025-11-08,Expenses - Fuel,6,,22391.09,Fuel fill-up 243.6L | TRK-101
1951,fuel,2025-11-10,Expenses - Fuel,6,,8942.51,Fuel fill-up 95.6L | TRK-101
1952,fuel,2025-11-14,Expenses - Fuel,6,,52971.71,Fuel fill-up 540.1L | TRK-101
1953,fuel,2025-11-16,Expenses - Fuel,6,,8322.14,Fuel fill-up 90.1L | TRK-101
1954,fuel,2025-11-17,Expenses - Fuel,6,,9455.68,Fuel fill-up 100.0L | TRK-101
1955,fuel,2025-11-18,Expenses - Fuel,6,,38518.95,Fuel fill-up 424.3L | TRK-101
1956,fuel,2025-11-20,Expenses - Fuel,6,,36430.62,Fuel fill-up 392.5L | TRK-101
1957,fuel,2025-11-22,Expenses - Fuel,6,,9456.19,Fuel fill-up 98.0L | TRK-101
1958,fuel,2025-11-24,Expenses - Fuel,6,,24270.56,Fuel fill-up 247.6L | TRK-101
1959,fuel,2025-11-27,Expenses - Fuel,6,,26027.99,Fuel fill-up 269.4L | TRK-101
1960,fuel,2025-11-29,Expenses - Fuel,6,,37157.38,Fuel fill-up 402.7L | TRK-101
1961,fuel,2025-12-03,Expenses - Fuel,6,,24255.3,Fuel fill-up 262.7L | TRK-101
1962,fuel,2025-12-06,Expenses - Fuel,6,,48405.89,Fuel fill-up 522.8L | TRK-101
1963,fuel,2025-12-07,Expenses - Fuel,6,,34286.01,Fuel fill-up 367.8L | TRK-101
1964,fuel,2025-12-09,Expenses - Fuel,6,,21739.83,Fuel fill-up 228.4L | TRK-101
1965,fuel,2025-12-12,Expenses - Fuel,6,,8841.4,Fuel fill-up 92.7L | TRK-101
1966,fuel,2025-12-15,Expenses - Fuel,6,,23968.87,Fuel fill-up 260.1L | TRK-101
1967,fuel,2025-12-18,Expenses - Fuel,6,,51855.66,Fuel fill-up 555.3L | TRK-101
1968,fuel,2025-12-20,Expenses - Fuel,6,,8883.13,Fuel fill-up 93.2L | TRK-101
1969,fuel,2025-12-23,Expenses - Fuel,6,,21833.95,Fuel fill-up 238.7L | TRK-101
1970,fuel,2025-12-24,Expenses - Fuel,6,,24836.18,Fuel fill-up 256.8L | TRK-101
1971,fuel,2025-12-25,Expenses - Fuel,6,,25149.13,Fuel fill-up 265.3L | TRK-101
1972,fuel,2025-12-28,Expenses - Fuel,6,,34272.06,Fuel fill-up 360.6L | TRK-101
1973,fuel,2026-01-03,Expenses - Fuel,6,,37440.97,Fuel fill-up 383.2L | TRK-101
1974,fuel,2026-01-05,Expenses - Fuel,6,,49884.02,Fuel fill-up 545.0L | TRK-101
1975,fuel,2026-01-06,Expenses - Fuel,6,,34861.64,Fuel fill-up 379.7L | TRK-101
1976,fuel,2026-01-10,Expenses - Fuel,6,,40816.56,Fuel fill-up 428.7L | TRK-101
1977,fuel,2026-01-11,Expenses - Fuel,6,,38620.95,Fuel fill-up 413.7L | TRK-101
1978,fuel,2026-01-14,Expenses - Fuel,6,,8910.29,Fuel fill-up 91.0L | TRK-101
1979,fuel,2026-01-16,Expenses - Fuel,6,,25260.82,Fuel fill-up 261.1L | TRK-101
1980,fuel,2026-01-21,Expenses - Fuel,6,,40352.37,Fuel fill-up 412.6L | TRK-101
1981,fuel,2026-01-23,Expenses - Fuel,6,,22094.79,Fuel fill-up 240.4L | TRK-101
1982,fuel,2026-01-25,Expenses - Fuel,6,,38462.49,Fuel fill-up 392.2L | TRK-101
1983,fuel,2026-01-28,Expenses - Fuel,6,,23145.03,Fuel fill-up 248.8L | TRK-101
1984,fuel,2026-01-30,Expenses - Fuel,6,,22158.88,Fuel fill-up 237.8L | TRK-101
1985,fuel,2026-02-04,Expenses - Fuel,6,,46885.24,Fuel fill-up 508.8L | TRK-101
1986,fuel,2026-02-05,Expenses - Fuel,6,,22502.92,Fuel fill-up 246.9L | TRK-101
1987,fuel,2026-02-09,Expenses - Fuel,6,,57650.18,Fuel fill-up 594.0L | TRK-101
1988,fuel,2026-02-10,Expenses - Fuel,6,,41473.16,Fuel fill-up 426.0L | TRK-101
1989,fuel,2026-02-11,Expenses - Fuel,6,,37638.34,Fuel fill-up 404.7L | TRK-101
1990,fuel,2026-02-14,Expenses - Fuel,6,,40040.84,Fuel fill-up 431.2L | TRK-101
1991,fuel,2026-02-16,Expenses - Fuel,6,,21636.94,Fuel fill-up 235.0L | TRK-101
1992,fuel,2026-02-19,Expenses - Fuel,6,,38592.03,Fuel fill-up 413.6L | TRK-101
1993,fuel,2026-02-22,Expenses - Fuel,6,,40241.42,Fuel fill-up 421.7L | TRK-101
1994,fuel,2026-02-27,Expenses - Fuel,6,,22480.26,Fuel fill-up 242.7L | TRK-101
1995,fuel,2026-03-02,Expenses - Fuel,6,,36092.28,Fuel fill-up 371.9L | TRK-101
1996,fuel,2026-03-05,Expenses - Fuel,6,,39055.11,Fuel fill-up 421.9L | TRK-101
1997,fuel,2026-03-08,Expenses - Fuel,6,,35223.42,Fuel fill-up 376.2L | TRK-101
1998,fuel,2026-03-10,Expenses - Fuel,6,,25752.17,Fuel fill-up 266.1L | TRK-101
1999,fuel,2026-03-12,Expenses - Fuel,6,,39926.74,Fuel fill-up 430.8L | TRK-101
2000,fuel,2026-03-13,Expenses - Fuel,6,,38987.88,Fuel fill-up 427.9L | TRK-101
2001,fuel,2026-03-16,Expenses - Fuel,6,,24680.16,Fuel fill-up 266.5L | TRK-101
2002,fuel,2026-03-17,Expenses - Fuel,6,,35787.06,Fuel fill-up 376.4L | TRK-101
2003,fuel,2026-03-18,Expenses - Fuel,6,,48300.3,Fuel fill-up 524.1L | TRK-101
2004,fuel,2026-03-22,Expenses - Fuel,6,,21925.69,Fuel fill-up 229.6L | TRK-101
2005,fuel,2026-03-23,Expenses - Fuel,6,,39042.85,Fuel fill-up 430.4L | TRK-101
2006,fuel,2026-03-26,Expenses - Fuel,6,,22638.71,Fuel fill-up 237.0L | TRK-101
2007,fuel,2026-03-28,Expenses - Fuel,6,,22223.9,Fuel fill-up 243.6L | TRK-101
2008,fuel,2026-03-31,Expenses - Fuel,6,,24907.66,Fuel fill-up 267.1L | TRK-101
2009,fuel,2026-04-02,Expenses - Fuel,6,,24229.01,Fuel fill-up 265.2L | TRK-101
2010,fuel,2026-04-04,Expenses - Fuel,6,,22250.96,Fuel fill-up 241.4L | TRK-101
2011,fuel,2026-04-05,Expenses - Fuel,6,,37016.22,Fuel fill-up 396.1L | TRK-101
2012,fuel,2026-04-07,Expenses - Fuel,6,,49036.41,Fuel fill-up 525.6L | TRK-101
2013,fuel,2026-04-12,Expenses - Fuel,6,,51173.99,Fuel fill-up 544.5L | TRK-101
2014,fuel,2026-04-14,Expenses - Fuel,6,,38567.26,Fuel fill-up 410.1L | TRK-101
2015,fuel,2026-04-17,Expenses - Fuel,6,,24196.22,Fuel fill-up 251.5L | TRK-101
2016,fuel,2026-04-19,Expenses - Fuel,6,,39151.11,Fuel fill-up 407.6L | TRK-101
2017,fuel,2026-04-21,Expenses - Fuel,6,,39279.15,Fuel fill-up 422.3L | TRK-101
2018,fuel,2026-04-24,Expenses - Fuel,6,,37246.35,Fuel fill-up 384.5L | TRK-101
2019,fuel,2026-04-26,Expenses - Fuel,6,,37161.96,Fuel fill-up 406.2L | TRK-101
2020,fuel,2026-04-29,Expenses - Fuel,6,,36526.63,Fuel fill-up 384.0L | TRK-101
2021,fuel,2026-05-03,Expenses - Fuel,6,,22294.21,Fuel fill-up 239.9L | TRK-101
2022,fuel,2026-05-04,Expenses - Fuel,6,,20494.53,Fuel fill-up 224.3L | TRK-101
2023,fuel,2026-05-08,Expenses - Fuel,6,,38613.31,Fuel fill-up 412.0L | TRK-101
2024,fuel,2026-05-10,Expenses - Fuel,6,,52489.32,Fuel fill-up 565.2L | TRK-101
2025,fuel,2026-05-12,Expenses - Fuel,6,,37394.39,Fuel fill-up 407.0L | TRK-101
2026,fuel,2026-05-14,Expenses - Fuel,6,,58224.52,Fuel fill-up 600.7L | TRK-101
2027,fuel,2026-05-17,Expenses - Fuel,6,,34492.53,Fuel fill-up 370.9L | TRK-101
2028,fuel,2026-05-18,Expenses - Fuel,6,,22238.72,Fuel fill-up 233.1L | TRK-101
2029,fuel,2026-05-25,Expenses - Fuel,6,,39525.69,Fuel fill-up 420.4L | TRK-101
2030,fuel,2026-05-26,Expenses - Fuel,6,,24285.99,Fuel fill-up 254.5L | TRK-101
2031,fuel,2026-05-28,Expenses - Fuel,6,,24130.38,Fuel fill-up 262.8L | TRK-101
2032,fuel,2026-05-30,Expenses - Fuel,6,,9937.04,Fuel fill-up 104.3L | TRK-101
2033,fuel,2026-06-02,Expenses - Fuel,6,,24603.12,Fuel fill-up 261.2L | TRK-101
2034,fuel,2026-06-03,Expenses - Fuel,6,,10479.2,Fuel fill-up 107.0L | TRK-101
2035,fuel,2026-06-04,Expenses - Fuel,6,,8869.63,Fuel fill-up 95.6L | TRK-101
2036,fuel,2026-06-07,Expenses - Fuel,6,,42714.21,Fuel fill-up 435.7L | TRK-101
2037,fuel,2026-06-09,Expenses - Fuel,6,,24472.66,Fuel fill-up 254.5L | TRK-101
2038,fuel,2026-06-14,Expenses - Fuel,6,,38349.09,Fuel fill-up 419.3L | TRK-101
2039,fuel,2026-06-16,Expenses - Fuel,6,,39792.59,Fuel fill-up 408.6L | TRK-101
2040,fuel,2026-06-18,Expenses - Fuel,6,,34875.4,Fuel fill-up 371.9L | TRK-101
2041,fuel,2026-06-19,Expenses - Fuel,6,,24717.79,Fuel fill-up 267.2L | TRK-101
2042,fuel,2026-06-24,Expenses - Fuel,6,,40179.08,Fuel fill-up 410.9L | TRK-101
2043,fuel,2026-06-26,Expenses - Fuel,6,,24041.17,Fuel fill-up 261.8L | TRK-101
2044,fuel,2026-06-29,Expenses - Fuel,6,,23980.47,Fuel fill-up 245.1L | TRK-101
2045,fuel,2026-07-01,Expenses - Fuel,6,,39998.6,Fuel fill-up 418.9L | TRK-101
2046,fuel,2026-07-03,Expenses - Fuel,6,,21736.92,Fuel fill-up 236.8L | TRK-101
2047,fuel,2026-07-07,Expenses - Fuel,6,,26048.59,Fuel fill-up 265.7L | TRK-101
2048,fuel,2026-07-09,Expenses - Fuel,6,,35673.41,Fuel fill-up 376.4L | TRK-101
2049,fuel,2026-07-10,Expenses - Fuel,6,,25656.91,Fuel fill-up 264.9L | TRK-101
2050,fuel,2026-07-11,Expenses - Fuel,6,,36737.36,Fuel fill-up 394.7L | TRK-101
2051,fuel,2026-07-14,Expenses - Fuel,6,,40847.3,Fuel fill-up 424.4L | TRK-101
2052,fuel,2026-07-19,Expenses - Fuel,6,,24473.21,Fuel fill-up 250.8L | TRK-101
2053,fuel,2026-07-24,Expenses - Fuel,6,,24865.74,Fuel fill-up 254.8L | TRK-101
2054,fuel,2026-07-25,Expenses - Fuel,6,,35431.75,Fuel fill-up 373.8L | TRK-101
2055,fuel,2026-07-26,Expenses - Fuel,6,,37820.23,Fuel fill-up 412.3L | TRK-101
2056,fuel,2026-07-30,Expenses - Fuel,6,,35760.95,Fuel fill-up 383.4L | TRK-101
2057,fuel,2026-07-31,Expenses - Fuel,6,,38345.4,Fuel fill-up 420.9L | TRK-101
2058,fuel,2026-08-03,Expenses - Fuel,6,,40395.55,Fuel fill-up 420.8L | TRK-101
2059,fuel,2026-08-06,Expenses - Fuel,6,,23803.04,Fuel fill-up 262.0L | TRK-101
2060,fuel,2026-08-08,Expenses - Fuel,6,,9564.11,Fuel fill-up 104.2L | TRK-101
2061,fuel,2026-08-09,Expenses - Fuel,6,,24540.29,Fuel fill-up 267.4L | TRK-101
2062,fuel,2026-08-11,Expenses - Fuel,6,,49254.85,Fuel fill-up 527.7L | TRK-101
2063,fuel,2026-08-14,Expenses - Fuel,6,,37010.67,Fuel fill-up 382.1L | TRK-101
2064,fuel,2025-08-23,Expenses - Fuel,7,,26060.45,Fuel fill-up 276.1L | TRK-102
2065,fuel,2025-08-24,Expenses - Fuel,7,,43829.57,Fuel fill-up 447.6L | TRK-102
2066,fuel,2025-08-26,Expenses - Fuel,7,,39974.63,Fuel fill-up 429.2L | TRK-102
2067,fuel,2025-08-27,Expenses - Fuel,7,,25249.52,Fuel fill-up 263.9L | TRK-102
2068,fuel,2025-08-29,Expenses - Fuel,7,,59210.86,Fuel fill-up 626.0L | TRK-102
2069,fuel,2025-09-03,Expenses - Fuel,7,,42135.76,Fuel fill-up 440.7L | TRK-102
2070,fuel,2025-09-07,Expenses - Fuel,7,,41832.53,Fuel fill-up 444.1L | TRK-102
2071,fuel,2025-09-10,Expenses - Fuel,7,,41131.36,Fuel fill-up 436.0L | TRK-102
2072,fuel,2025-09-14,Expenses - Fuel,7,,25471.34,Fuel fill-up 266.3L | TRK-102
2073,fuel,2025-09-18,Expenses - Fuel,7,,40160.49,Fuel fill-up 411.4L | TRK-102
2074,fuel,2025-09-21,Expenses - Fuel,7,,39368.99,Fuel fill-up 412.8L | TRK-102
2075,fuel,2025-09-24,Expenses - Fuel,7,,40588.15,Fuel fill-up 444.8L | TRK-102
2076,fuel,2025-10-03,Expenses - Fuel,7,,42206.73,Fuel fill-up 440.2L | TRK-102
2077,fuel,2025-10-05,Expenses - Fuel,7,,57960.62,Fuel fill-up 606.0L | TRK-102
2078,fuel,2025-10-07,Expenses - Fuel,7,,39794.99,Fuel fill-up 414.2L | TRK-102
2079,fuel,2025-10-08,Expenses - Fuel,7,,39587.81,Fuel fill-up 408.6L | TRK-102
2080,fuel,2025-10-13,Expenses - Fuel,7,,24531.98,Fuel fill-up 262.2L | TRK-102
2081,fuel,2025-10-14,Expenses - Fuel,7,,25109.06,Fuel fill-up 262.4L | TRK-102
2082,fuel,2025-10-15,Expenses - Fuel,7,,37789.42,Fuel fill-up 404.9L | TRK-102
2083,fuel,2025-10-18,Expenses - Fuel,7,,24866.35,Fuel fill-up 258.9L | TRK-102
2084,fuel,2025-10-21,Expenses - Fuel,7,,37356.35,Fuel fill-up 409.4L | TRK-102
2085,fuel,2025-10-23,Expenses - Fuel,7,,26912.12,Fuel fill-up 275.7L | TRK-102
2086,fuel,2025-10-28,Expenses - Fuel,7,,39912.5,Fuel fill-up 413.1L | TRK-102
2087,fuel,2025-10-29,Expenses - Fuel,7,,41012.99,Fuel fill-up 425.8L | TRK-102
2088,fuel,2025-11-01,Expenses - Fuel,7,,24779.58,Fuel fill-up 269.5L | TRK-102
2089,fuel,2025-11-08,Expenses - Fuel,7,,9940.41,Fuel fill-up 106.6L | TRK-102
2090,fuel,2025-11-10,Expenses - Fuel,7,,44290.27,Fuel fill-up 456.8L | TRK-102
2091,fuel,2025-11-15,Expenses - Fuel,7,,41704.23,Fuel fill-up 437.4L | TRK-102
2092,fuel,2025-11-16,Expenses - Fuel,7,,40478.12,Fuel fill-up 425.6L | TRK-102
2093,fuel,2025-11-18,Expenses - Fuel,7,,56538.7,Fuel fill-up 605.3L | TRK-102
2094,fuel,2025-11-25,Expenses - Fuel,7,,22956.98,Fuel fill-up 244.7L | TRK-102
2095,fuel,2025-11-29,Expenses - Fuel,7,,39633.76,Fuel fill-up 413.7L | TRK-102
2096,fuel,2025-12-01,Expenses - Fuel,7,,38249.19,Fuel fill-up 396.6L | TRK-102
2097,fuel,2025-12-03,Expenses - Fuel,7,,58406.5,Fuel fill-up 626.3L | TRK-102
2098,fuel,2025-12-07,Expenses - Fuel,7,,40170.73,Fuel fill-up 425.4L | TRK-102
2099,fuel,2025-12-09,Expenses - Fuel,7,,27404.58,Fuel fill-up 280.9L | TRK-102
2100,fuel,2025-12-12,Expenses - Fuel,7,,38419.83,Fuel fill-up 418.8L | TRK-102
2101,fuel,2025-12-14,Expenses - Fuel,7,,10605.71,Fuel fill-up 109.7L | TRK-102
2102,fuel,2025-12-17,Expenses - Fuel,7,,61591.24,Fuel fill-up 628.7L | TRK-102
2103,fuel,2025-12-18,Expenses - Fuel,7,,44287.79,Fuel fill-up 456.7L | TRK-102
2104,fuel,2025-12-20,Expenses - Fuel,7,,55478.04,Fuel fill-up 572.2L | TRK-102
2105,fuel,2025-12-21,Expenses - Fuel,7,,22790.75,Fuel fill-up 249.6L | TRK-102
2106,fuel,2025-12-24,Expenses - Fuel,7,,44672.16,Fuel fill-up 459.0L | TRK-102
2107,fuel,2025-12-27,Expenses - Fuel,7,,41922.74,Fuel fill-up 431.2L | TRK-102
2108,fuel,2025-12-28,Expenses - Fuel,7,,25875.3,Fuel fill-up 266.3L | TRK-102
2109,fuel,2026-01-01,Expenses - Fuel,7,,44641.57,Fuel fill-up 455.8L | TRK-102
2110,fuel,2026-01-05,Expenses - Fuel,7,,9063.75,Fuel fill-up 98.6L | TRK-102
2111,fuel,2026-01-06,Expenses - Fuel,7,,59323.99,Fuel fill-up 631.6L | TRK-102
2112,fuel,2026-01-13,Expenses - Fuel,7,,40510.29,Fuel fill-up 438.6L | TRK-102
2113,fuel,2026-01-17,Expenses - Fuel,7,,54664.44,Fuel fill-up 563.1L | TRK-102
2114,fuel,2026-01-19,Expenses - Fuel,7,,40117.39,Fuel fill-up 408.6L | TRK-102
2115,fuel,2026-01-21,Expenses - Fuel,7,,28113.29,Fuel fill-up 297.4L | TRK-102
2116,fuel,2026-01-25,Expenses - Fuel,7,,27179.85,Fuel fill-up 298.3L | TRK-102
2117,fuel,2026-01-26,Expenses - Fuel,7,,58651.66,Fuel fill-up 629.0L | TRK-102
2118,fuel,2026-01-29,Expenses - Fuel,7,,9989.25,Fuel fill-up 109.9L | TRK-102
2119,fuel,2026-02-01,Expenses - Fuel,7,,10557.19,Fuel fill-up 111.4L | TRK-102
2120,fuel,2026-02-07,Expenses - Fuel,7,,53754.33,Fuel fill-up 572.6L | TRK-102
2121,fuel,2026-02-09,Expenses - Fuel,7,,42232.55,Fuel fill-up 440.6L | TRK-102
2122,fuel,2026-02-11,Expenses - Fuel,7,,9475.89,Fuel fill-up 100.3L | TRK-102
2123,fuel,2026-02-16,Expenses - Fuel,7,,36893.7,Fuel fill-up 398.3L | TRK-102
2124,fuel,2026-02-21,Expenses - Fuel,7,,38929.25,Fuel fill-up 424.4L | TRK-102
2125,fuel,2026-02-22,Expenses - Fuel,7,,42269.07,Fuel fill-up 463.5L | TRK-102
2126,fuel,2026-02-25,Expenses - Fuel,7,,10074.04,Fuel fill-up 105.4L | TRK-102
2127,fuel,2026-03-01,Expenses - Fuel,7,,9042.48,Fuel fill-up 99.1L | TRK-102
2128,fuel,2026-03-05,Expenses - Fuel,7,,26721.46,Fuel fill-up 275.0L | TRK-102
2129,fuel,2026-03-05,Expenses - Fuel,7,,27700.39,Fuel fill-up 282.7L | TRK-102
2130,fuel,2026-03-07,Expenses - Fuel,7,,38580.01,Fuel fill-up 414.5L | TRK-102
2131,fuel,2026-03-10,Expenses - Fuel,7,,24379.13,Fuel fill-up 253.4L | TRK-102
2132,fuel,2026-03-13,Expenses - Fuel,7,,23311.53,Fuel fill-up 254.7L | TRK-102
2133,fuel,2026-03-18,Expenses - Fuel,7,,41251.12,Fuel fill-up 423.9L | TRK-102
2134,fuel,2026-03-20,Expenses - Fuel,7,,39841.22,Fuel fill-up 425.2L | TRK-102
2135,fuel,2026-03-21,Expenses - Fuel,7,,9042.65,Fuel fill-up 97.3L | TRK-102
2136,fuel,2026-03-22,Expenses - Fuel,7,,37954.41,Fuel fill-up 407.0L | TRK-102
2137,fuel,2026-03-27,Expenses - Fuel,7,,43358.99,Fuel fill-up 460.5L | TRK-102
2138,fuel,2026-03-29,Expenses - Fuel,7,,24460.95,Fuel fill-up 254.3L | TRK-102
2139,fuel,2026-03-31,Expenses - Fuel,7,,41801.47,Fuel fill-up 455.9L | TRK-102
2140,fuel,2026-04-03,Expenses - Fuel,7,,24986.52,Fuel fill-up 267.5L | TRK-102
2141,fuel,2026-04-09,Expenses - Fuel,7,,23733.57,Fuel fill-up 259.8L | TRK-102
2142,fuel,2026-04-14,Expenses - Fuel,7,,41341.5,Fuel fill-up 452.8L | TRK-102
2143,fuel,2026-04-17,Expenses - Fuel,7,,44544.83,Fuel fill-up 456.5L | TRK-102
2144,fuel,2026-04-21,Expenses - Fuel,7,,40634.21,Fuel fill-up 430.8L | TRK-102
2145,fuel,2026-04-26,Expenses - Fuel,7,,43376.42,Fuel fill-up 446.0L | TRK-102
2146,fuel,2026-04-27,Expenses - Fuel,7,,56175.16,Fuel fill-up 596.1L | TRK-102
2147,fuel,2026-04-30,Expenses - Fuel,7,,37699.91,Fuel fill-up 408.3L | TRK-102
2148,fuel,2026-05-01,Expenses - Fuel,7,,25321.13,Fuel fill-up 266.4L | TRK-102
2149,fuel,2026-05-04,Expenses - Fuel,7,,42997.02,Fuel fill-up 444.3L | TRK-102
2150,fuel,2026-05-06,Expenses - Fuel,7,,23835.88,Fuel fill-up 252.7L | TRK-102
2151,fuel,2026-05-09,Expenses - Fuel,7,,23657.27,Fuel fill-up 258.3L | TRK-102
2152,fuel,2026-05-13,Expenses - Fuel,7,,25431.04,Fuel fill-up 264.1L | TRK-102
2153,fuel,2026-05-16,Expenses - Fuel,7,,28574.13,Fuel fill-up 295.1L | TRK-102
2154,fuel,2026-05-20,Expenses - Fuel,7,,26078.18,Fuel fill-up 269.7L | TRK-102
2155,fuel,2026-05-22,Expenses - Fuel,7,,53834.76,Fuel fill-up 567.9L | TRK-102
2156,fuel,2026-05-29,Expenses - Fuel,7,,57751.29,Fuel fill-up 588.8L | TRK-102
2157,fuel,2026-06-01,Expenses - Fuel,7,,58289.86,Fuel fill-up 605.8L | TRK-102
2158,fuel,2026-06-05,Expenses - Fuel,7,,38966.1,Fuel fill-up 408.0L | TRK-102
2159,fuel,2026-06-08,Expenses - Fuel,7,,39239.03,Fuel fill-up 415.7L | TRK-102
2160,fuel,2026-06-10,Expenses - Fuel,7,,41069.65,Fuel fill-up 430.5L | TRK-102
2161,fuel,2026-06-12,Expenses - Fuel,7,,42621.09,Fuel fill-up 449.6L | TRK-102
2162,fuel,2026-06-15,Expenses - Fuel,7,,37535.78,Fuel fill-up 400.7L | TRK-102
2163,fuel,2026-06-16,Expenses - Fuel,7,,38740.98,Fuel fill-up 397.2L | TRK-102
2164,fuel,2026-06-24,Expenses - Fuel,7,,25582.3,Fuel fill-up 265.1L | TRK-102
2165,fuel,2026-06-30,Expenses - Fuel,7,,55515.0,Fuel fill-up 579.4L | TRK-102
2166,fuel,2026-07-02,Expenses - Fuel,7,,24799.33,Fuel fill-up 253.4L | TRK-102
2167,fuel,2026-07-03,Expenses - Fuel,7,,26469.91,Fuel fill-up 272.5L | TRK-102
2168,fuel,2026-07-05,Expenses - Fuel,7,,52491.26,Fuel fill-up 535.0L | TRK-102
2169,fuel,2026-07-07,Expenses - Fuel,7,,25991.56,Fuel fill-up 284.7L | TRK-102
2170,fuel,2026-07-10,Expenses - Fuel,7,,38506.69,Fuel fill-up 405.6L | TRK-102
2171,fuel,2026-07-13,Expenses - Fuel,7,,54581.52,Fuel fill-up 569.1L | TRK-102
2172,fuel,2026-07-13,Expenses - Fuel,7,,41188.61,Fuel fill-up 430.7L | TRK-102
2173,fuel,2026-07-15,Expenses - Fuel,7,,59437.06,Fuel fill-up 620.3L | TRK-102
2174,fuel,2026-07-19,Expenses - Fuel,7,,24736.4,Fuel fill-up 256.4L | TRK-102
2175,fuel,2026-07-23,Expenses - Fuel,7,,43316.59,Fuel fill-up 442.8L | TRK-102
2176,fuel,2026-07-27,Expenses - Fuel,7,,54950.69,Fuel fill-up 572.4L | TRK-102
2177,fuel,2026-07-28,Expenses - Fuel,7,,43985.67,Fuel fill-up 451.1L | TRK-102
2178,fuel,2026-08-01,Expenses - Fuel,7,,27357.19,Fuel fill-up 282.7L | TRK-102
2179,fuel,2026-08-02,Expenses - Fuel,7,,27086.1,Fuel fill-up 287.6L | TRK-102
2180,fuel,2026-08-06,Expenses - Fuel,7,,39082.06,Fuel fill-up 430.5L | TRK-102
2181,fuel,2026-08-10,Expenses - Fuel,7,,38522.85,Fuel fill-up 399.5L | TRK-102
2182,fuel,2026-08-12,Expenses - Fuel,7,,42724.85,Fuel fill-up 435.7L | TRK-102
2183,fuel,2026-08-15,Expenses - Fuel,7,,41501.04,Fuel fill-up 446.5L | TRK-102
2184,fuel,2025-08-28,Expenses - Fuel,8,,35809.04,Fuel fill-up 383.0L | TRK-103
2185,fuel,2025-08-31,Expenses - Fuel,8,,36396.45,Fuel fill-up 400.7L | TRK-103
2186,fuel,2025-09-03,Expenses - Fuel,8,,30446.53,Fuel fill-up 312.5L | TRK-103
2187,fuel,2025-09-06,Expenses - Fuel,8,,40445.0,Fuel fill-up 431.1L | TRK-103
2188,fuel,2025-09-09,Expenses - Fuel,8,,26540.51,Fuel fill-up 286.4L | TRK-103
2189,fuel,2025-09-10,Expenses - Fuel,8,,21373.72,Fuel fill-up 227.4L | TRK-103
2190,fuel,2025-09-13,Expenses - Fuel,8,,26524.89,Fuel fill-up 271.0L | TRK-103
2191,fuel,2025-09-15,Expenses - Fuel,8,,30625.52,Fuel fill-up 330.5L | TRK-103
2192,fuel,2025-09-18,Expenses - Fuel,8,,38177.42,Fuel fill-up 416.8L | TRK-103
2193,fuel,2025-09-23,Expenses - Fuel,8,,42788.69,Fuel fill-up 452.7L | TRK-103
2194,fuel,2025-09-26,Expenses - Fuel,8,,32191.57,Fuel fill-up 348.1L | TRK-103
2195,fuel,2025-09-29,Expenses - Fuel,8,,32694.23,Fuel fill-up 338.5L | TRK-103
2196,fuel,2025-10-04,Expenses - Fuel,8,,30806.7,Fuel fill-up 333.4L | TRK-103
2197,fuel,2025-10-07,Expenses - Fuel,8,,30898.63,Fuel fill-up 336.8L | TRK-103
2198,fuel,2025-10-10,Expenses - Fuel,8,,33827.21,Fuel fill-up 350.3L | TRK-103
2199,fuel,2025-10-14,Expenses - Fuel,8,,16030.76,Fuel fill-up 173.0L | TRK-103
2200,fuel,2025-10-15,Expenses - Fuel,8,,34575.93,Fuel fill-up 361.9L | TRK-103
2201,fuel,2025-10-18,Expenses - Fuel,8,,29534.04,Fuel fill-up 301.4L | TRK-103
2202,fuel,2025-10-20,Expenses - Fuel,8,,27092.24,Fuel fill-up 288.0L | TRK-103
2203,fuel,2025-10-21,Expenses - Fuel,8,,35635.81,Fuel fill-up 367.1L | TRK-103
2204,fuel,2025-10-23,Expenses - Fuel,8,,29520.67,Fuel fill-up 324.8L | TRK-103
2205,fuel,2025-10-26,Expenses - Fuel,8,,25301.8,Fuel fill-up 258.7L | TRK-103
2206,fuel,2025-11-03,Expenses - Fuel,8,,28672.46,Fuel fill-up 303.1L | TRK-103
2207,fuel,2025-11-06,Expenses - Fuel,8,,29376.4,Fuel fill-up 317.3L | TRK-103
2208,fuel,2025-11-07,Expenses - Fuel,8,,37922.72,Fuel fill-up 395.3L | TRK-103
2209,fuel,2025-11-13,Expenses - Fuel,8,,21214.35,Fuel fill-up 219.4L | TRK-103
2210,fuel,2025-11-15,Expenses - Fuel,8,,26306.35,Fuel fill-up 276.3L | TRK-103
2211,fuel,2025-11-18,Expenses - Fuel,8,,30813.34,Fuel fill-up 332.8L | TRK-103
2212,fuel,2025-11-22,Expenses - Fuel,8,,38381.54,Fuel fill-up 407.4L | TRK-103
2213,fuel,2025-11-24,Expenses - Fuel,8,,39720.44,Fuel fill-up 432.3L | TRK-103
2214,fuel,2025-11-28,Expenses - Fuel,8,,27202.91,Fuel fill-up 288.6L | TRK-103
2215,fuel,2025-12-01,Expenses - Fuel,8,,30501.28,Fuel fill-up 315.4L | TRK-103
2216,fuel,2025-12-02,Expenses - Fuel,8,,25316.8,Fuel fill-up 275.9L | TRK-103
2217,fuel,2025-12-06,Expenses - Fuel,8,,42405.8,Fuel fill-up 442.7L | TRK-103
2218,fuel,2025-12-12,Expenses - Fuel,8,,28399.09,Fuel fill-up 293.0L | TRK-103
2219,fuel,2025-12-13,Expenses - Fuel,8,,24703.68,Fuel fill-up 270.8L | TRK-103
2220,fuel,2025-12-14,Expenses - Fuel,8,,22008.92,Fuel fill-up 242.0L | TRK-103
2221,fuel,2025-12-21,Expenses - Fuel,8,,27884.01,Fuel fill-up 301.1L | TRK-103
2222,fuel,2025-12-22,Expenses - Fuel,8,,35786.77,Fuel fill-up 387.9L | TRK-103
2223,fuel,2025-12-26,Expenses - Fuel,8,,29019.14,Fuel fill-up 316.5L | TRK-103
2224,fuel,2025-12-28,Expenses - Fuel,8,,37688.37,Fuel fill-up 405.0L | TRK-103
2225,fuel,2025-12-30,Expenses - Fuel,8,,39129.64,Fuel fill-up 416.6L | TRK-103
2226,fuel,2026-01-08,Expenses - Fuel,8,,31040.81,Fuel fill-up 317.1L | TRK-103
2227,fuel,2026-01-12,Expenses - Fuel,8,,42462.42,Fuel fill-up 447.2L | TRK-103
2228,fuel,2026-01-15,Expenses - Fuel,8,,28181.3,Fuel fill-up 300.0L | TRK-103
2229,fuel,2026-01-17,Expenses - Fuel,8,,28502.38,Fuel fill-up 311.4L | TRK-103
2230,fuel,2026-01-19,Expenses - Fuel,8,,27306.04,Fuel fill-up 286.2L | TRK-103
2231,fuel,2026-01-21,Expenses - Fuel,8,,32308.73,Fuel fill-up 352.0L | TRK-103
2232,fuel,2026-01-23,Expenses - Fuel,8,,32687.23,Fuel fill-up 336.4L | TRK-103
2233,fuel,2026-01-29,Expenses - Fuel,8,,24290.65,Fuel fill-up 258.3L | TRK-103
2234,fuel,2026-01-30,Expenses - Fuel,8,,37256.29,Fuel fill-up 405.5L | TRK-103
2235,fuel,2026-02-03,Expenses - Fuel,8,,30456.75,Fuel fill-up 319.1L | TRK-103
2236,fuel,2026-02-04,Expenses - Fuel,8,,21612.13,Fuel fill-up 233.0L | TRK-103
2237,fuel,2026-02-11,Expenses - Fuel,8,,31265.97,Fuel fill-up 339.5L | TRK-103
2238,fuel,2026-02-14,Expenses - Fuel,8,,23654.04,Fuel fill-up 253.4L | TRK-103
2239,fuel,2026-02-16,Expenses - Fuel,8,,28281.34,Fuel fill-up 291.7L | TRK-103
2240,fuel,2026-02-19,Expenses - Fuel,8,,40031.18,Fuel fill-up 408.9L | TRK-103
2241,fuel,2026-02-21,Expenses - Fuel,8,,22793.3,Fuel fill-up 247.7L | TRK-103
2242,fuel,2026-02-24,Expenses - Fuel,8,,30267.69,Fuel fill-up 309.7L | TRK-103
2243,fuel,2026-02-28,Expenses - Fuel,8,,36984.54,Fuel fill-up 380.0L | TRK-103
2244,fuel,2026-03-02,Expenses - Fuel,8,,24324.09,Fuel fill-up 249.8L | TRK-103
2245,fuel,2026-03-03,Expenses - Fuel,8,,24054.8,Fuel fill-up 257.4L | TRK-103
2246,fuel,2026-03-07,Expenses - Fuel,8,,28749.26,Fuel fill-up 307.7L | TRK-103
2247,fuel,2026-03-08,Expenses - Fuel,8,,41893.3,Fuel fill-up 444.3L | TRK-103
2248,fuel,2026-03-15,Expenses - Fuel,8,,27577.48,Fuel fill-up 296.9L | TRK-103
2249,fuel,2026-03-22,Expenses - Fuel,8,,40881.57,Fuel fill-up 440.9L | TRK-103
2250,fuel,2026-03-25,Expenses - Fuel,8,,20616.97,Fuel fill-up 219.4L | TRK-103
2251,fuel,2026-03-29,Expenses - Fuel,8,,28760.78,Fuel fill-up 316.8L | TRK-103
2252,fuel,2026-04-02,Expenses - Fuel,8,,36525.52,Fuel fill-up 385.1L | TRK-103
2253,fuel,2026-04-03,Expenses - Fuel,8,,24538.39,Fuel fill-up 256.1L | TRK-103
2254,fuel,2026-04-06,Expenses - Fuel,8,,38596.57,Fuel fill-up 398.8L | TRK-103
2255,fuel,2026-04-09,Expenses - Fuel,8,,28038.56,Fuel fill-up 303.3L | TRK-103
2256,fuel,2026-04-12,Expenses - Fuel,8,,35009.05,Fuel fill-up 359.9L | TRK-103
2257,fuel,2026-04-13,Expenses - Fuel,8,,27249.04,Fuel fill-up 297.9L | TRK-103
2258,fuel,2026-04-21,Expenses - Fuel,8,,29693.31,Fuel fill-up 305.7L | TRK-103
2259,fuel,2026-04-24,Expenses - Fuel,8,,30710.62,Fuel fill-up 315.9L | TRK-103
2260,fuel,2026-04-26,Expenses - Fuel,8,,20124.1,Fuel fill-up 215.5L | TRK-103
2261,fuel,2026-04-30,Expenses - Fuel,8,,34202.2,Fuel fill-up 375.6L | TRK-103
2262,fuel,2026-05-02,Expenses - Fuel,8,,27231.04,Fuel fill-up 280.7L | TRK-103
2263,fuel,2026-05-04,Expenses - Fuel,8,,30203.85,Fuel fill-up 316.3L | TRK-103
2264,fuel,2026-05-07,Expenses - Fuel,8,,33730.18,Fuel fill-up 358.6L | TRK-103
2265,fuel,2026-05-11,Expenses - Fuel,8,,26088.5,Fuel fill-up 284.4L | TRK-103
2266,fuel,2026-05-15,Expenses - Fuel,8,,35139.27,Fuel fill-up 378.0L | TRK-103
2267,fuel,2026-05-17,Expenses - Fuel,8,,35601.65,Fuel fill-up 368.7L | TRK-103
2268,fuel,2026-05-21,Expenses - Fuel,8,,29866.81,Fuel fill-up 327.6L | TRK-103
2269,fuel,2026-05-27,Expenses - Fuel,8,,32495.41,Fuel fill-up 331.2L | TRK-103
2270,fuel,2026-05-28,Expenses - Fuel,8,,30898.47,Fuel fill-up 323.5L | TRK-103
2271,fuel,2026-06-03,Expenses - Fuel,8,,43708.64,Fuel fill-up 446.9L | TRK-103
2272,fuel,2026-06-09,Expenses - Fuel,8,,30933.55,Fuel fill-up 331.1L | TRK-103
2273,fuel,2026-06-11,Expenses - Fuel,8,,36833.84,Fuel fill-up 381.1L | TRK-103
2274,fuel,2026-06-12,Expenses - Fuel,8,,36727.64,Fuel fill-up 396.1L | TRK-103
2275,fuel,2026-06-13,Expenses - Fuel,8,,43303.87,Fuel fill-up 464.3L | TRK-103
2276,fuel,2026-06-16,Expenses - Fuel,8,,26501.06,Fuel fill-up 275.0L | TRK-103
2277,fuel,2026-06-17,Expenses - Fuel,8,,41238.47,Fuel fill-up 441.5L | TRK-103
2278,fuel,2026-06-18,Expenses - Fuel,8,,36803.93,Fuel fill-up 378.1L | TRK-103
2279,fuel,2026-06-24,Expenses - Fuel,8,,33445.91,Fuel fill-up 362.8L | TRK-103
2280,fuel,2026-06-27,Expenses - Fuel,8,,23148.41,Fuel fill-up 237.8L | TRK-103
2281,fuel,2026-06-30,Expenses - Fuel,8,,37204.6,Fuel fill-up 406.5L | TRK-103
2282,fuel,2026-07-02,Expenses - Fuel,8,,32157.76,Fuel fill-up 350.2L | TRK-103
2283,fuel,2026-07-04,Expenses - Fuel,8,,24822.26,Fuel fill-up 270.0L | TRK-103
2284,fuel,2026-07-08,Expenses - Fuel,8,,31476.76,Fuel fill-up 328.7L | TRK-103
2285,fuel,2026-07-14,Expenses - Fuel,8,,29716.29,Fuel fill-up 324.8L | TRK-103
2286,fuel,2026-07-17,Expenses - Fuel,8,,43800.28,Fuel fill-up 472.2L | TRK-103
2287,fuel,2026-07-20,Expenses - Fuel,8,,24151.53,Fuel fill-up 260.2L | TRK-103
2288,fuel,2026-07-21,Expenses - Fuel,8,,35395.89,Fuel fill-up 362.3L | TRK-103
2289,fuel,2026-07-24,Expenses - Fuel,8,,34484.02,Fuel fill-up 377.0L | TRK-103
2290,fuel,2026-07-28,Expenses - Fuel,8,,29993.04,Fuel fill-up 324.4L | TRK-103
2291,fuel,2026-08-01,Expenses - Fuel,8,,40854.47,Fuel fill-up 416.8L | TRK-103
2292,fuel,2026-08-04,Expenses - Fuel,8,,22615.79,Fuel fill-up 246.5L | TRK-103
2293,fuel,2026-08-07,Expenses - Fuel,8,,27746.85,Fuel fill-up 291.2L | TRK-103
2294,fuel,2026-08-08,Expenses - Fuel,8,,31880.62,Fuel fill-up 333.4L | TRK-103
2295,fuel,2026-08-13,Expenses - Fuel,8,,30634.62,Fuel fill-up 333.0L | TRK-103
2296,fuel,2025-08-24,Expenses - Fuel,9,,10580.65,Fuel fill-up 108.2L | VAN-101
2297,fuel,2025-08-26,Expenses - Fuel,9,,15916.98,Fuel fill-up 164.6L | VAN-101
2298,fuel,2025-08-27,Expenses - Fuel,9,,3750.08,Fuel fill-up 40.6L | VAN-101
2299,fuel,2025-08-29,Expenses - Fuel,9,,9857.08,Fuel fill-up 102.2L | VAN-101
2300,fuel,2025-09-01,Expenses - Fuel,9,,3846.31,Fuel fill-up 39.8L | VAN-101
2301,fuel,2025-09-01,Expenses - Fuel,9,,9518.98,Fuel fill-up 103.1L | VAN-101
2302,fuel,2025-09-03,Expenses - Fuel,9,,10894.69,Fuel fill-up 114.6L | VAN-101
2303,fuel,2025-09-08,Expenses - Fuel,9,,10277.74,Fuel fill-up 110.1L | VAN-101
2304,fuel,2025-09-12,Expenses - Fuel,9,,14839.23,Fuel fill-up 158.6L | VAN-101
2305,fuel,2025-09-13,Expenses - Fuel,9,,15514.86,Fuel fill-up 168.7L | VAN-101
2306,fuel,2025-09-14,Expenses - Fuel,9,,9797.47,Fuel fill-up 102.6L | VAN-101
2307,fuel,2025-09-16,Expenses - Fuel,9,,17205.68,Fuel fill-up 179.2L | VAN-101
2308,fuel,2025-09-19,Expenses - Fuel,9,,24481.74,Fuel fill-up 257.6L | VAN-101
2309,fuel,2025-09-22,Expenses - Fuel,9,,18159.95,Fuel fill-up 185.8L | VAN-101
2310,fuel,2025-09-23,Expenses - Fuel,9,,9457.16,Fuel fill-up 100.1L | VAN-101
2311,fuel,2025-09-25,Expenses - Fuel,9,,16754.91,Fuel fill-up 177.6L | VAN-101
2312,fuel,2025-09-27,Expenses - Fuel,9,,10493.56,Fuel fill-up 112.3L | VAN-101
2313,fuel,2025-09-28,Expenses - Fuel,9,,10511.44,Fuel fill-up 110.7L | VAN-101
2314,fuel,2025-09-29,Expenses - Fuel,9,,9829.76,Fuel fill-up 106.4L | VAN-101
2315,fuel,2025-10-02,Expenses - Fuel,9,,15275.15,Fuel fill-up 160.1L | VAN-101
2316,fuel,2025-10-04,Expenses - Fuel,9,,10522.08,Fuel fill-up 108.3L | VAN-101
2317,fuel,2025-10-05,Expenses - Fuel,9,,14384.64,Fuel fill-up 156.9L | VAN-101
2318,fuel,2025-10-06,Expenses - Fuel,9,,25296.37,Fuel fill-up 259.6L | VAN-101
2319,fuel,2025-10-09,Expenses - Fuel,9,,11118.66,Fuel fill-up 115.4L | VAN-101
2320,fuel,2025-10-13,Expenses - Fuel,9,,15630.31,Fuel fill-up 159.3L | VAN-101
2321,fuel,2025-10-17,Expenses - Fuel,9,,4019.3,Fuel fill-up 42.7L | VAN-101
2322,fuel,2025-10-21,Expenses - Fuel,9,,4234.18,Fuel fill-up 43.7L | VAN-101
2323,fuel,2025-10-24,Expenses - Fuel,9,,16108.44,Fuel fill-up 171.7L | VAN-101
2324,fuel,2025-10-27,Expenses - Fuel,9,,3509.97,Fuel fill-up 38.5L | VAN-101
2325,fuel,2025-10-29,Expenses - Fuel,9,,15235.48,Fuel fill-up 160.4L | VAN-101
2326,fuel,2025-11-02,Expenses - Fuel,9,,9399.59,Fuel fill-up 102.3L | VAN-101
2327,fuel,2025-11-03,Expenses - Fuel,9,,16605.16,Fuel fill-up 171.0L | VAN-101
2328,fuel,2025-11-04,Expenses - Fuel,9,,9824.1,Fuel fill-up 106.1L | VAN-101
2329,fuel,2025-11-08,Expenses - Fuel,9,,16850.67,Fuel fill-up 174.5L | VAN-101
2330,fuel,2025-11-10,Expenses - Fuel,9,,20989.12,Fuel fill-up 229.9L | VAN-101
2331,fuel,2025-11-10,Expenses - Fuel,9,,4376.07,Fuel fill-up 44.9L | VAN-101
2332,fuel,2025-11-11,Expenses - Fuel,9,,10337.83,Fuel fill-up 112.9L | VAN-101
2333,fuel,2025-11-11,Expenses - Fuel,9,,4065.26,Fuel fill-up 42.6L | VAN-101
2334,fuel,2025-11-15,Expenses - Fuel,9,,3644.34,Fuel fill-up 40.1L | VAN-101
2335,fuel,2025-11-17,Expenses - Fuel,9,,10562.2,Fuel fill-up 108.6L | VAN-101
2336,fuel,2025-11-20,Expenses - Fuel,9,,17712.62,Fuel fill-up 188.0L | VAN-101
2337,fuel,2025-11-23,Expenses - Fuel,9,,15725.35,Fuel fill-up 162.6L | VAN-101
2338,fuel,2025-11-26,Expenses - Fuel,9,,20318.58,Fuel fill-up 219.9L | VAN-101
2339,fuel,2025-11-28,Expenses - Fuel,9,,15451.42,Fuel fill-up 163.3L | VAN-101
2340,fuel,2025-11-29,Expenses - Fuel,9,,22609.78,Fuel fill-up 242.2L | VAN-101
2341,fuel,2025-12-02,Expenses - Fuel,9,,16288.73,Fuel fill-up 169.9L | VAN-101
2342,fuel,2025-12-03,Expenses - Fuel,9,,23113.77,Fuel fill-up 254.7L | VAN-101
2343,fuel,2025-12-04,Expenses - Fuel,9,,3925.05,Fuel fill-up 42.9L | VAN-101
2344,fuel,2025-12-07,Expenses - Fuel,9,,9403.13,Fuel fill-up 98.6L | VAN-101
2345,fuel,2025-12-11,Expenses - Fuel,9,,3811.98,Fuel fill-up 41.2L | VAN-101
2346,fuel,2025-12-14,Expenses - Fuel,9,,10096.75,Fuel fill-up 105.3L | VAN-101
2347,fuel,2025-12-15,Expenses - Fuel,9,,15963.19,Fuel fill-up 168.9L | VAN-101
2348,fuel,2025-12-17,Expenses - Fuel,9,,15993.41,Fuel fill-up 163.8L | VAN-101
2349,fuel,2025-12-20,Expenses - Fuel,9,,16666.19,Fuel fill-up 181.7L | VAN-101
2350,fuel,2025-12-21,Expenses - Fuel,9,,18027.92,Fuel fill-up 184.6L | VAN-101
2351,fuel,2025-12-25,Expenses - Fuel,9,,10451.67,Fuel fill-up 112.2L | VAN-101
2352,fuel,2025-12-26,Expenses - Fuel,9,,17114.32,Fuel fill-up 178.4L | VAN-101
2353,fuel,2025-12-28,Expenses - Fuel,9,,14854.08,Fuel fill-up 157.3L | VAN-101
2354,fuel,2025-12-31,Expenses - Fuel,9,,9206.49,Fuel fill-up 99.9L | VAN-101
2355,fuel,2026-01-02,Expenses - Fuel,9,,3995.34,Fuel fill-up 43.3L | VAN-101
2356,fuel,2026-01-03,Expenses - Fuel,9,,15144.16,Fuel fill-up 156.7L | VAN-101
2357,fuel,2026-01-05,Expenses - Fuel,9,,17187.37,Fuel fill-up 175.3L | VAN-101
2358,fuel,2026-01-07,Expenses - Fuel,9,,10397.61,Fuel fill-up 108.5L | VAN-101
2359,fuel,2026-01-09,Expenses - Fuel,9,,22439.93,Fuel fill-up 233.1L | VAN-101
2360,fuel,2026-01-12,Expenses - Fuel,9,,9951.87,Fuel fill-up 105.8L | VAN-101
2361,fuel,2026-01-16,Expenses - Fuel,9,,17225.34,Fuel fill-up 188.5L | VAN-101
2362,fuel,2026-01-18,Expenses - Fuel,9,,10844.39,Fuel fill-up 110.9L | VAN-101
2363,fuel,2026-01-21,Expenses - Fuel,9,,24212.36,Fuel fill-up 246.8L | VAN-101
2364,fuel,2026-01-24,Expenses - Fuel,9,,4418.02,Fuel fill-up 46.7L | VAN-101
2365,fuel,2026-01-25,Expenses - Fuel,9,,16878.58,Fuel fill-up 179.3L | VAN-101
2366,fuel,2026-01-27,Expenses - Fuel,9,,9403.07,Fuel fill-up 99.7L | VAN-101
2367,fuel,2026-01-30,Expenses - Fuel,9,,10807.72,Fuel fill-up 116.4L | VAN-101
2368,fuel,2026-01-31,Expenses - Fuel,9,,16812.52,Fuel fill-up 183.7L | VAN-101
2369,fuel,2026-02-03,Expenses - Fuel,9,,22092.96,Fuel fill-up 230.7L | VAN-101
2370,fuel,2026-02-03,Expenses - Fuel,9,,10804.8,Fuel fill-up 116.6L | VAN-101
2371,fuel,2026-02-06,Expenses - Fuel,9,,10753.4,Fuel fill-up 114.3L | VAN-101
2372,fuel,2026-02-09,Expenses - Fuel,9,,9738.02,Fuel fill-up 107.3L | VAN-101
2373,fuel,2026-02-10,Expenses - Fuel,9,,16427.1,Fuel fill-up 172.6L | VAN-101
2374,fuel,2026-02-12,Expenses - Fuel,9,,10127.75,Fuel fill-up 104.7L | VAN-101
2375,fuel,2026-02-16,Expenses - Fuel,9,,4023.6,Fuel fill-up 41.6L | VAN-101
2376,fuel,2026-02-19,Expenses - Fuel,9,,18365.0,Fuel fill-up 188.3L | VAN-101
2377,fuel,2026-02-24,Expenses - Fuel,9,,17437.19,Fuel fill-up 179.7L | VAN-101
2378,fuel,2026-02-27,Expenses - Fuel,9,,10919.03,Fuel fill-up 111.5L | VAN-101
2379,fuel,2026-03-01,Expenses - Fuel,9,,15808.09,Fuel fill-up 171.3L | VAN-101
2380,fuel,2026-03-03,Expenses - Fuel,9,,10492.62,Fuel fill-up 114.5L | VAN-101
2381,fuel,2026-03-07,Expenses - Fuel,9,,9764.26,Fuel fill-up 103.5L | VAN-101
2382,fuel,2026-03-08,Expenses - Fuel,9,,17548.68,Fuel fill-up 191.0L | VAN-101
2383,fuel,2026-03-10,Expenses - Fuel,9,,9207.29,Fuel fill-up 97.0L | VAN-101
2384,fuel,2026-03-11,Expenses - Fuel,9,,21513.67,Fuel fill-up 227.6L | VAN-101
2385,fuel,2026-03-13,Expenses - Fuel,9,,16449.46,Fuel fill-up 179.6L | VAN-101
2386,fuel,2026-03-14,Expenses - Fuel,9,,15415.07,Fuel fill-up 165.7L | VAN-101
2387,fuel,2026-03-15,Expenses - Fuel,9,,23382.32,Fuel fill-up 249.8L | VAN-101
2388,fuel,2026-03-17,Expenses - Fuel,9,,22454.78,Fuel fill-up 232.3L | VAN-101
2389,fuel,2026-03-19,Expenses - Fuel,9,,11015.9,Fuel fill-up 118.1L | VAN-101
2390,fuel,2026-03-21,Expenses - Fuel,9,,10180.04,Fuel fill-up 110.3L | VAN-101
2391,fuel,2026-03-25,Expenses - Fuel,9,,4019.9,Fuel fill-up 43.6L | VAN-101
2392,fuel,2026-03-28,Expenses - Fuel,9,,10877.45,Fuel fill-up 117.3L | VAN-101
2393,fuel,2026-04-01,Expenses - Fuel,9,,16807.91,Fuel fill-up 179.2L | VAN-101
2394,fuel,2026-04-04,Expenses - Fuel,9,,3769.4,Fuel fill-up 39.8L | VAN-101
2395,fuel,2026-04-07,Expenses - Fuel,9,,16563.2,Fuel fill-up 174.8L | VAN-101
2396,fuel,2026-04-09,Expenses - Fuel,9,,18337.02,Fuel fill-up 189.4L | VAN-101
2397,fuel,2026-04-09,Expenses - Fuel,9,,4298.73,Fuel fill-up 44.4L | VAN-101
2398,fuel,2026-04-11,Expenses - Fuel,9,,15532.85,Fuel fill-up 164.4L | VAN-101
2399,fuel,2026-04-13,Expenses - Fuel,9,,15385.24,Fuel fill-up 165.8L | VAN-101
2400,fuel,2026-04-14,Expenses - Fuel,9,,9876.27,Fuel fill-up 105.0L | VAN-101
2401,fuel,2026-04-16,Expenses - Fuel,9,,16968.29,Fuel fill-up 176.3L | VAN-101
2402,fuel,2026-04-20,Expenses - Fuel,9,,23665.62,Fuel fill-up 247.3L | VAN-101
2403,fuel,2026-04-22,Expenses - Fuel,9,,10922.13,Fuel fill-up 117.6L | VAN-101
2404,fuel,2026-04-24,Expenses - Fuel,9,,10130.76,Fuel fill-up 110.9L | VAN-101
2405,fuel,2026-04-27,Expenses - Fuel,9,,10004.53,Fuel fill-up 102.5L | VAN-101
2406,fuel,2026-04-28,Expenses - Fuel,9,,17159.21,Fuel fill-up 176.3L | VAN-101
2407,fuel,2026-05-01,Expenses - Fuel,9,,18081.01,Fuel fill-up 188.2L | VAN-101
2408,fuel,2026-05-02,Expenses - Fuel,9,,23230.37,Fuel fill-up 241.2L | VAN-101
2409,fuel,2026-05-03,Expenses - Fuel,9,,24590.98,Fuel fill-up 253.5L | VAN-101
2410,fuel,2026-05-04,Expenses - Fuel,9,,16739.88,Fuel fill-up 176.8L | VAN-101
2411,fuel,2026-05-05,Expenses - Fuel,9,,11019.5,Fuel fill-up 114.5L | VAN-101
2412,fuel,2026-05-08,Expenses - Fuel,9,,14846.57,Fuel fill-up 161.4L | VAN-101
2413,fuel,2026-05-13,Expenses - Fuel,9,,17886.88,Fuel fill-up 187.4L | VAN-101
2414,fuel,2026-05-16,Expenses - Fuel,9,,20924.55,Fuel fill-up 217.3L | VAN-101
2415,fuel,2026-05-16,Expenses - Fuel,9,,20642.24,Fuel fill-up 223.7L | VAN-101
2416,fuel,2026-05-20,Expenses - Fuel,9,,15866.4,Fuel fill-up 172.4L | VAN-101
2417,fuel,2026-05-22,Expenses - Fuel,9,,9427.39,Fuel fill-up 98.1L | VAN-101
2418,fuel,2026-05-25,Expenses - Fuel,9,,9708.86,Fuel fill-up 102.2L | VAN-101
2419,fuel,2026-05-26,Expenses - Fuel,9,,9403.1,Fuel fill-up 98.0L | VAN-101
2420,fuel,2026-05-29,Expenses - Fuel,9,,16448.43,Fuel fill-up 167.8L | VAN-101
2421,fuel,2026-05-30,Expenses - Fuel,9,,3879.26,Fuel fill-up 41.8L | VAN-101
2422,fuel,2026-06-01,Expenses - Fuel,9,,10966.33,Fuel fill-up 117.4L | VAN-101
2423,fuel,2026-06-03,Expenses - Fuel,9,,17551.93,Fuel fill-up 186.0L | VAN-101
2424,fuel,2026-06-04,Expenses - Fuel,9,,17359.82,Fuel fill-up 181.3L | VAN-101
2425,fuel,2026-06-07,Expenses - Fuel,9,,16565.58,Fuel fill-up 175.8L | VAN-101
2426,fuel,2026-06-08,Expenses - Fuel,9,,15881.1,Fuel fill-up 170.8L | VAN-101
2427,fuel,2026-06-12,Expenses - Fuel,9,,10853.03,Fuel fill-up 111.8L | VAN-101
2428,fuel,2026-06-15,Expenses - Fuel,9,,4098.43,Fuel fill-up 43.7L | VAN-101
2429,fuel,2026-06-20,Expenses - Fuel,9,,22214.42,Fuel fill-up 232.2L | VAN-101
2430,fuel,2026-06-22,Expenses - Fuel,9,,18022.44,Fuel fill-up 186.0L | VAN-101
2431,fuel,2026-06-24,Expenses - Fuel,9,,16637.39,Fuel fill-up 177.5L | VAN-101
2432,fuel,2026-06-26,Expenses - Fuel,9,,17163.27,Fuel fill-up 178.5L | VAN-101
2433,fuel,2026-06-28,Expenses - Fuel,9,,9644.95,Fuel fill-up 104.1L | VAN-101
2434,fuel,2026-06-30,Expenses - Fuel,9,,15143.03,Fuel fill-up 162.2L | VAN-101
2435,fuel,2026-07-05,Expenses - Fuel,9,,15957.75,Fuel fill-up 165.7L | VAN-101
2436,fuel,2026-07-06,Expenses - Fuel,9,,10696.48,Fuel fill-up 116.5L | VAN-101
2437,fuel,2026-07-08,Expenses - Fuel,9,,10362.04,Fuel fill-up 106.4L | VAN-101
2438,fuel,2026-07-11,Expenses - Fuel,9,,9334.07,Fuel fill-up 99.9L | VAN-101
2439,fuel,2026-07-13,Expenses - Fuel,9,,3935.24,Fuel fill-up 41.5L | VAN-101
2440,fuel,2026-07-14,Expenses - Fuel,9,,22218.21,Fuel fill-up 233.4L | VAN-101
2441,fuel,2026-07-16,Expenses - Fuel,9,,10879.35,Fuel fill-up 115.4L | VAN-101
2442,fuel,2026-07-17,Expenses - Fuel,9,,9853.6,Fuel fill-up 107.3L | VAN-101
2443,fuel,2026-07-18,Expenses - Fuel,9,,3977.64,Fuel fill-up 41.5L | VAN-101
2444,fuel,2026-07-20,Expenses - Fuel,9,,22994.46,Fuel fill-up 245.0L | VAN-101
2445,fuel,2026-07-23,Expenses - Fuel,9,,16654.92,Fuel fill-up 175.7L | VAN-101
2446,fuel,2026-07-24,Expenses - Fuel,9,,10566.81,Fuel fill-up 112.4L | VAN-101
2447,fuel,2026-07-25,Expenses - Fuel,9,,14655.19,Fuel fill-up 156.6L | VAN-101
2448,fuel,2026-07-26,Expenses - Fuel,9,,15447.69,Fuel fill-up 164.6L | VAN-101
2449,fuel,2026-07-27,Expenses - Fuel,9,,20268.37,Fuel fill-up 222.7L | VAN-101
2450,fuel,2026-08-02,Expenses - Fuel,9,,16897.66,Fuel fill-up 184.9L | VAN-101
2451,fuel,2026-08-04,Expenses - Fuel,9,,14685.91,Fuel fill-up 160.7L | VAN-101
2452,fuel,2026-08-06,Expenses - Fuel,9,,17796.95,Fuel fill-up 183.6L | VAN-101
2453,fuel,2026-08-08,Expenses - Fuel,9,,20572.66,Fuel fill-up 226.4L | VAN-101
2454,fuel,2026-08-11,Expenses - Fuel,9,,20157.25,Fuel fill-up 220.1L | VAN-101
2455,fuel,2026-08-15,Expenses - Fuel,9,,23146.67,Fuel fill-up 246.9L | VAN-101
2456,fuel,2025-08-23,Expenses - Fuel,10,,6982.68,Fuel fill-up 75.0L | VAN-102
2457,fuel,2025-08-25,Expenses - Fuel,10,,7098.52,Fuel fill-up 77.4L | VAN-102
2458,fuel,2025-08-27,Expenses - Fuel,10,,7384.58,Fuel fill-up 77.7L | VAN-102
2459,fuel,2025-09-02,Expenses - Fuel,10,,7357.21,Fuel fill-up 79.3L | VAN-102
2460,fuel,2025-09-04,Expenses - Fuel,10,,7590.33,Fuel fill-up 77.6L | VAN-102
2461,fuel,2025-09-07,Expenses - Fuel,10,,7372.01,Fuel fill-up 75.3L | VAN-102
2462,fuel,2025-09-13,Expenses - Fuel,10,,7182.24,Fuel fill-up 73.4L | VAN-102
2463,fuel,2025-09-17,Expenses - Fuel,10,,7832.64,Fuel fill-up 83.2L | VAN-102
2464,fuel,2025-09-23,Expenses - Fuel,10,,7012.31,Fuel fill-up 75.2L | VAN-102
2465,fuel,2025-09-25,Expenses - Fuel,10,,9162.61,Fuel fill-up 93.8L | VAN-102
2466,fuel,2025-09-27,Expenses - Fuel,10,,7945.92,Fuel fill-up 85.8L | VAN-102
2467,fuel,2025-09-28,Expenses - Fuel,10,,8516.82,Fuel fill-up 89.8L | VAN-102
2468,fuel,2025-10-02,Expenses - Fuel,10,,7073.29,Fuel fill-up 73.4L | VAN-102
2469,fuel,2025-10-05,Expenses - Fuel,10,,7568.16,Fuel fill-up 83.0L | VAN-102
2470,fuel,2025-10-09,Expenses - Fuel,10,,7078.53,Fuel fill-up 73.8L | VAN-102
2471,fuel,2025-10-15,Expenses - Fuel,10,,7973.42,Fuel fill-up 83.7L | VAN-102
2472,fuel,2025-10-20,Expenses - Fuel,10,,8907.35,Fuel fill-up 91.2L | VAN-102
2473,fuel,2025-10-22,Expenses - Fuel,10,,7332.2,Fuel fill-up 75.4L | VAN-102
2474,fuel,2025-10-25,Expenses - Fuel,10,,8014.57,Fuel fill-up 85.3L | VAN-102
2475,fuel,2025-10-29,Expenses - Fuel,10,,7431.09,Fuel fill-up 79.3L | VAN-102
2476,fuel,2025-11-01,Expenses - Fuel,10,,6293.84,Fuel fill-up 66.5L | VAN-102
2477,fuel,2025-11-03,Expenses - Fuel,10,,8001.28,Fuel fill-up 84.8L | VAN-102
2478,fuel,2025-11-08,Expenses - Fuel,10,,7793.64,Fuel fill-up 82.6L | VAN-102
2479,fuel,2025-11-10,Expenses - Fuel,10,,6881.7,Fuel fill-up 70.7L | VAN-102
2480,fuel,2025-11-18,Expenses - Fuel,10,,7574.75,Fuel fill-up 77.5L | VAN-102
2481,fuel,2025-11-21,Expenses - Fuel,10,,7495.99,Fuel fill-up 78.7L | VAN-102
2482,fuel,2025-11-23,Expenses - Fuel,10,,7632.61,Fuel fill-up 77.7L | VAN-102
2483,fuel,2025-11-24,Expenses - Fuel,10,,8461.75,Fuel fill-up 87.8L | VAN-102
2484,fuel,2025-11-25,Expenses - Fuel,10,,8234.01,Fuel fill-up 89.4L | VAN-102
2485,fuel,2025-11-28,Expenses - Fuel,10,,7040.89,Fuel fill-up 72.1L | VAN-102
2486,fuel,2025-11-30,Expenses - Fuel,10,,7493.31,Fuel fill-up 77.4L | VAN-102
2487,fuel,2025-12-12,Expenses - Fuel,10,,7487.64,Fuel fill-up 78.4L | VAN-102
2488,fuel,2025-12-16,Expenses - Fuel,10,,7815.39,Fuel fill-up 83.5L | VAN-102
2489,fuel,2025-12-23,Expenses - Fuel,10,,7549.32,Fuel fill-up 78.5L | VAN-102
2490,fuel,2025-12-26,Expenses - Fuel,10,,7156.16,Fuel fill-up 77.9L | VAN-102
2491,fuel,2025-12-29,Expenses - Fuel,10,,7081.86,Fuel fill-up 75.4L | VAN-102
2492,fuel,2025-12-31,Expenses - Fuel,10,,7616.48,Fuel fill-up 82.3L | VAN-102
2493,fuel,2026-01-02,Expenses - Fuel,10,,7597.31,Fuel fill-up 81.3L | VAN-102
2494,fuel,2026-01-06,Expenses - Fuel,10,,6608.7,Fuel fill-up 68.7L | VAN-102
2495,fuel,2026-01-08,Expenses - Fuel,10,,6845.51,Fuel fill-up 74.0L | VAN-102
2496,fuel,2026-01-13,Expenses - Fuel,10,,6893.91,Fuel fill-up 75.9L | VAN-102
2497,fuel,2026-01-19,Expenses - Fuel,10,,7230.37,Fuel fill-up 77.7L | VAN-102
2498,fuel,2026-01-26,Expenses - Fuel,10,,7098.29,Fuel fill-up 76.5L | VAN-102
2499,fuel,2026-01-30,Expenses - Fuel,10,,6732.45,Fuel fill-up 69.1L | VAN-102
2500,fuel,2026-02-02,Expenses - Fuel,10,,7177.27,Fuel fill-up 73.3L | VAN-102
2501,fuel,2026-02-03,Expenses - Fuel,10,,8311.95,Fuel fill-up 88.9L | VAN-102
2502,fuel,2026-02-11,Expenses - Fuel,10,,6829.25,Fuel fill-up 73.8L | VAN-102
2503,fuel,2026-02-12,Expenses - Fuel,10,,8641.95,Fuel fill-up 88.9L | VAN-102
2504,fuel,2026-02-14,Expenses - Fuel,10,,6880.55,Fuel fill-up 74.2L | VAN-102
2505,fuel,2026-02-16,Expenses - Fuel,10,,7647.93,Fuel fill-up 79.1L | VAN-102
2506,fuel,2026-02-20,Expenses - Fuel,10,,7011.62,Fuel fill-up 73.5L | VAN-102
2507,fuel,2026-02-22,Expenses - Fuel,10,,7700.54,Fuel fill-up 80.4L | VAN-102
2508,fuel,2026-02-24,Expenses - Fuel,10,,6694.58,Fuel fill-up 71.8L | VAN-102
2509,fuel,2026-02-25,Expenses - Fuel,10,,7483.17,Fuel fill-up 81.6L | VAN-102
2510,fuel,2026-03-01,Expenses - Fuel,10,,7228.01,Fuel fill-up 75.6L | VAN-102
2511,fuel,2026-03-08,Expenses - Fuel,10,,7107.09,Fuel fill-up 76.2L | VAN-102
2512,fuel,2026-03-10,Expenses - Fuel,10,,6983.07,Fuel fill-up 74.3L | VAN-102
2513,fuel,2026-03-13,Expenses - Fuel,10,,7960.52,Fuel fill-up 81.3L | VAN-102
2514,fuel,2026-03-20,Expenses - Fuel,10,,7363.42,Fuel fill-up 77.6L | VAN-102
2515,fuel,2026-03-28,Expenses - Fuel,10,,7058.96,Fuel fill-up 72.2L | VAN-102
2516,fuel,2026-03-30,Expenses - Fuel,10,,8422.78,Fuel fill-up 89.8L | VAN-102
2517,fuel,2026-03-31,Expenses - Fuel,10,,7126.04,Fuel fill-up 74.3L | VAN-102
2518,fuel,2026-04-01,Expenses - Fuel,10,,7499.41,Fuel fill-up 78.9L | VAN-102
2519,fuel,2026-04-02,Expenses - Fuel,10,,7556.39,Fuel fill-up 82.1L | VAN-102
2520,fuel,2026-04-05,Expenses - Fuel,10,,8448.72,Fuel fill-up 86.2L | VAN-102
2521,fuel,2026-04-16,Expenses - Fuel,10,,7075.22,Fuel fill-up 74.0L | VAN-102
2522,fuel,2026-04-19,Expenses - Fuel,10,,8394.08,Fuel fill-up 86.5L | VAN-102
2523,fuel,2026-04-22,Expenses - Fuel,10,,7832.51,Fuel fill-up 82.4L | VAN-102
2524,fuel,2026-04-26,Expenses - Fuel,10,,7982.92,Fuel fill-up 83.7L | VAN-102
2525,fuel,2026-04-27,Expenses - Fuel,10,,8236.06,Fuel fill-up 84.5L | VAN-102
2526,fuel,2026-04-29,Expenses - Fuel,10,,7768.87,Fuel fill-up 84.1L | VAN-102
2527,fuel,2026-05-04,Expenses - Fuel,10,,7645.56,Fuel fill-up 80.2L | VAN-102
2528,fuel,2026-05-11,Expenses - Fuel,10,,7592.24,Fuel fill-up 77.7L | VAN-102
2529,fuel,2026-05-14,Expenses - Fuel,10,,7668.83,Fuel fill-up 81.5L | VAN-102
2530,fuel,2026-05-16,Expenses - Fuel,10,,7954.84,Fuel fill-up 82.3L | VAN-102
2531,fuel,2026-05-25,Expenses - Fuel,10,,7724.9,Fuel fill-up 79.1L | VAN-102
2532,fuel,2026-05-27,Expenses - Fuel,10,,7983.29,Fuel fill-up 87.4L | VAN-102
2533,fuel,2026-05-28,Expenses - Fuel,10,,7954.62,Fuel fill-up 83.0L | VAN-102
2534,fuel,2026-06-02,Expenses - Fuel,10,,7721.54,Fuel fill-up 79.0L | VAN-102
2535,fuel,2026-06-07,Expenses - Fuel,10,,8439.82,Fuel fill-up 87.8L | VAN-102
2536,fuel,2026-06-12,Expenses - Fuel,10,,7237.28,Fuel fill-up 79.5L | VAN-102
2537,fuel,2026-06-15,Expenses - Fuel,10,,7501.93,Fuel fill-up 81.4L | VAN-102
2538,fuel,2026-06-16,Expenses - Fuel,10,,7781.2,Fuel fill-up 83.1L | VAN-102
2539,fuel,2026-06-19,Expenses - Fuel,10,,7072.53,Fuel fill-up 73.0L | VAN-102
2540,fuel,2026-06-24,Expenses - Fuel,10,,6973.58,Fuel fill-up 75.3L | VAN-102
2541,fuel,2026-06-26,Expenses - Fuel,10,,8192.52,Fuel fill-up 83.5L | VAN-102
2542,fuel,2026-06-28,Expenses - Fuel,10,,7215.47,Fuel fill-up 76.6L | VAN-102
2543,fuel,2026-07-02,Expenses - Fuel,10,,7680.75,Fuel fill-up 78.8L | VAN-102
2544,fuel,2026-07-03,Expenses - Fuel,10,,7268.83,Fuel fill-up 76.9L | VAN-102
2545,fuel,2026-07-07,Expenses - Fuel,10,,7001.62,Fuel fill-up 74.0L | VAN-102
2546,fuel,2026-07-08,Expenses - Fuel,10,,7487.0,Fuel fill-up 80.4L | VAN-102
2547,fuel,2026-07-19,Expenses - Fuel,10,,7423.88,Fuel fill-up 77.9L | VAN-102
2548,fuel,2026-07-21,Expenses - Fuel,10,,6341.07,Fuel fill-up 65.8L | VAN-102
2549,fuel,2026-07-24,Expenses - Fuel,10,,6575.15,Fuel fill-up 72.2L | VAN-102
2550,fuel,2026-07-27,Expenses - Fuel,10,,7614.46,Fuel fill-up 79.5L | VAN-102
2551,fuel,2026-08-01,Expenses - Fuel,10,,7905.79,Fuel fill-up 86.1L | VAN-102
2552,fuel,2026-08-05,Expenses - Fuel,10,,7796.74,Fuel fill-up 82.7L | VAN-102
2553,fuel,2026-08-10,Expenses - Fuel,10,,7556.52,Fuel fill-up 81.4L | VAN-102
2554,fuel,2026-08-11,Expenses - Fuel,10,,7753.92,Fuel fill-up 84.6L | VAN-102
2555,fuel,2026-08-14,Expenses - Fuel,10,,7174.11,Fuel fill-up 77.1L | VAN-102
2556,maintenance,2026-03-24,Expenses - Maintenance,1,,32755.77,Breakdown maintenance | BUS-101
2557,maintenance,2026-02-18,Expenses - Maintenance,1,,19094.57,Scheduled maintenance | BUS-101
2558,maintenance,2025-09-23,Expenses - Maintenance,1,,26798.6,Tyre maintenance | BUS-101
2559,maintenance,2025-10-21,Expenses - Maintenance,1,,14234.72,Scheduled maintenance | BUS-101
2560,maintenance,2025-09-24,Expenses - Maintenance,1,,10894.81,Scheduled maintenance | BUS-101
2561,maintenance,2026-05-03,Expenses - Maintenance,1,,20319.87,Scheduled maintenance | BUS-101
2562,maintenance,2026-06-06,Expenses - Maintenance,2,,50971.62,Breakdown maintenance | BUS-102
2563,maintenance,2025-08-27,Expenses - Maintenance,2,,107189.8,Engine maintenance | BUS-102
2564,maintenance,2025-12-16,Expenses - Maintenance,2,,36596.69,Tyre maintenance | BUS-102
2565,maintenance,2026-03-11,Expenses - Maintenance,2,,45886.19,Breakdown maintenance | BUS-102
2566,maintenance,2026-06-05,Expenses - Maintenance,2,,68729.88,Breakdown maintenance | BUS-102
2567,maintenance,2026-01-03,Expenses - Maintenance,2,,27239.27,Scheduled maintenance | BUS-102
2568,maintenance,2025-11-30,Expenses - Maintenance,2,,27851.25,Scheduled maintenance | BUS-102
2569,maintenance,2025-09-13,Expenses - Maintenance,2,,39873.54,Breakdown maintenance | BUS-102
2570,maintenance,2025-12-08,Expenses - Maintenance,3,,9402.0,Scheduled maintenance | BUS-103
2571,maintenance,2025-09-29,Expenses - Maintenance,3,,20147.69,Scheduled maintenance | BUS-103
2572,maintenance,2026-06-19,Expenses - Maintenance,3,,16993.25,Tyre maintenance | BUS-103
2573,maintenance,2026-02-22,Expenses - Maintenance,3,,7446.96,Scheduled maintenance | BUS-103
2574,maintenance,2025-11-07,Expenses - Maintenance,3,,22177.79,Scheduled maintenance | BUS-103
2575,maintenance,2026-07-31,Expenses - Maintenance,4,,44264.68,Breakdown maintenance | BUS-104
2576,maintenance,2025-09-03,Expenses - Maintenance,4,,24425.19,Scheduled maintenance | BUS-104
2577,maintenance,2026-07-28,Expenses - Maintenance,4,,33517.87,Tyre maintenance | BUS-104
2578,maintenance,2025-09-17,Expenses - Maintenance,4,,20951.08,Tyre maintenance | BUS-104
2579,maintenance,2026-07-23,Expenses - Maintenance,4,,25068.9,Scheduled maintenance | BUS-104
2580,maintenance,2026-08-07,Expenses - Maintenance,4,,26325.45,Tyre maintenance | BUS-104
2581,maintenance,2025-11-08,Expenses - Maintenance,4,,25373.28,Scheduled maintenance | BUS-104
2582,maintenance,2026-06-28,Expenses - Maintenance,5,,15019.49,Scheduled maintenance | BUS-105
2583,maintenance,2025-08-23,Expenses - Maintenance,5,,32652.48,Breakdown maintenance | BUS-105
2584,maintenance,2025-11-10,Expenses - Maintenance,5,,31969.26,Breakdown maintenance | BUS-105
2585,maintenance,2026-02-04,Expenses - Maintenance,5,,15101.8,Tyre maintenance | BUS-105
2586,maintenance,2025-11-13,Expenses - Maintenance,5,,13407.74,Scheduled maintenance | BUS-105
2587,maintenance,2025-11-03,Expenses - Maintenance,5,,10911.47,Scheduled maintenance | BUS-105
2588,maintenance,2026-02-04,Expenses - Maintenance,6,,31695.41,Tyre maintenance | TRK-101
2589,maintenance,2026-01-23,Expenses - Maintenance,6,,27167.95,Breakdown maintenance | TRK-101
2590,maintenance,2026-06-27,Expenses - Maintenance,6,,32660.87,Tyre maintenance | TRK-101
2591,maintenance,2026-04-17,Expenses - Maintenance,6,,8217.89,Scheduled maintenance | TRK-101
2592,maintenance,2026-07-13,Expenses - Maintenance,6,,17869.67,Scheduled maintenance | TRK-101
2593,maintenance,2026-03-22,Expenses - Maintenance,6,,36297.24,Tyre maintenance | TRK-101
2594,maintenance,2026-01-20,Expenses - Maintenance,7,,14008.45,Scheduled maintenance | TRK-102
2595,maintenance,2026-03-02,Expenses - Maintenance,7,,43180.11,Breakdown maintenance | TRK-102
2596,maintenance,2026-05-14,Expenses - Maintenance,7,,16536.61,Scheduled maintenance | TRK-102
2597,maintenance,2025-11-15,Expenses - Maintenance,7,,144264.66,Engine maintenance | TRK-102
2598,maintenance,2025-08-30,Expenses - Maintenance,7,,110407.09,Engine maintenance | TRK-102
2599,maintenance,2026-07-05,Expenses - Maintenance,7,,67778.84,Breakdown maintenance | TRK-102
2600,maintenance,2026-02-02,Expenses - Maintenance,7,,24270.3,Scheduled maintenance | TRK-102
2601,maintenance,2025-09-14,Expenses - Maintenance,8,,89004.85,Engine maintenance | TRK-103
2602,maintenance,2025-10-11,Expenses - Maintenance,8,,88798.69,Engine maintenance | TRK-103
2603,maintenance,2025-11-26,Expenses - Maintenance,8,,10333.65,Scheduled maintenance | TRK-103
2604,maintenance,2026-07-17,Expenses - Maintenance,8,,67267.16,Breakdown maintenance | TRK-103
2605,maintenance,2025-12-25,Expenses - Maintenance,8,,60548.71,Breakdown maintenance | TRK-103
2606,maintenance,2025-11-09,Expenses - Maintenance,8,,24572.64,Breakdown maintenance | TRK-103
2607,maintenance,2025-10-09,Expenses - Maintenance,8,,64391.96,Engine maintenance | TRK-103
2608,maintenance,2025-08-24,Expenses - Maintenance,8,,23801.61,Tyre maintenance | TRK-103
2609,maintenance,2025-09-27,Expenses - Maintenance,8,,11821.68,Scheduled maintenance | TRK-103
2610,maintenance,2026-08-07,Expenses - Maintenance,8,,26890.62,Scheduled maintenance | TRK-103
2611,maintenance,2026-05-31,Expenses - Maintenance,8,,45707.7,Breakdown maintenance | TRK-103
2612,maintenance,2025-10-22,Expenses - Maintenance,8,,19819.61,Scheduled maintenance | TRK-103
2613,maintenance,2025-10-17,Expenses - Maintenance,9,,14182.13,Scheduled maintenance | VAN-101
2614,maintenance,2025-12-24,Expenses - Maintenance,9,,52325.25,Breakdown maintenance | VAN-101
2615,maintenance,2026-03-13,Expenses - Maintenance,9,,44072.67,Breakdown maintenance | VAN-101
2616,maintenance,2026-08-09,Expenses - Maintenance,9,,19366.76,Breakdown maintenance | VAN-101
2617,maintenance,2025-09-30,Expenses - Maintenance,10,,59497.88,Breakdown maintenance | VAN-102
2618,maintenance,2025-12-07,Expenses - Maintenance,10,,14103.35,Scheduled maintenance | VAN-102
2619,maintenance,2026-05-19,Expenses - Maintenance,10,,36973.37,Tyre maintenance | VAN-102
2620,maintenance,2026-04-24,Expenses - Maintenance,10,,11952.58,Scheduled maintenance | VAN-102
2621,maintenance,2026-04-30,Expenses - Maintenance,10,,9421.15,Scheduled maintenance | VAN-102
2622,salary,2025-08-28,Expenses - Driver Salary,,,38000.0,Monthly salary | Rajesh Sharma | Aug 2025
2623,salary,2025-09-28,Expenses - Driver Salary,,,38000.0,Monthly salary | Rajesh Sharma | Sep 2025
2624,salary,2025-10-28,Expenses - Driver Salary,,,38000.0,Monthly salary | Rajesh Sharma | Oct 2025
2625,salary,2025-11-28,Expenses - Driver Salary,,,38000.0,Monthly salary | Rajesh Sharma | Nov 2025
2626,salary,2025-12-28,Expenses - Driver Salary,,,38000.0,Monthly salary | Rajesh Sharma | Dec 2025
2627,salary,2026-01-28,Expenses - Driver Salary,,,38000.0,Monthly salary | Rajesh Sharma | Jan 2026
2628,salary,2026-02-28,Expenses - Driver Salary,,,38000.0,Monthly salary | Rajesh Sharma | Feb 2026
2629,salary,2026-03-28,Expenses - Driver Salary,,,38000.0,Monthly salary | Rajesh Sharma | Mar 2026
2630,salary,2026-04-28,Expenses - Driver Salary,,,38000.0,Monthly salary | Rajesh Sharma | Apr 2026
2631,salary,2026-05-28,Expenses - Driver Salary,,,38000.0,Monthly salary | Rajesh Sharma | May 2026
2632,salary,2026-06-28,Expenses - Driver Salary,,,38000.0,Monthly salary | Rajesh Sharma | Jun 2026
2633,salary,2026-07-28,Expenses - Driver Salary,,,38000.0,Monthly salary | Rajesh Sharma | Jul 2026
2634,salary,2025-08-28,Expenses - Driver Salary,,,35000.0,Monthly salary | Mahesh Patel | Aug 2025
2635,salary,2025-09-28,Expenses - Driver Salary,,,35000.0,Monthly salary | Mahesh Patel | Sep 2025
2636,salary,2025-10-28,Expenses - Driver Salary,,,35000.0,Monthly salary | Mahesh Patel | Oct 2025
2637,salary,2025-11-28,Expenses - Driver Salary,,,35000.0,Monthly salary | Mahesh Patel | Nov 2025
2638,salary,2025-12-28,Expenses - Driver Salary,,,35000.0,Monthly salary | Mahesh Patel | Dec 2025
2639,salary,2026-01-28,Expenses - Driver Salary,,,35000.0,Monthly salary | Mahesh Patel | Jan 2026
2640,salary,2026-02-28,Expenses - Driver Salary,,,35000.0,Monthly salary | Mahesh Patel | Feb 2026
2641,salary,2026-03-28,Expenses - Driver Salary,,,35000.0,Monthly salary | Mahesh Patel | Mar 2026
2642,salary,2026-04-28,Expenses - Driver Salary,,,35000.0,Monthly salary | Mahesh Patel | Apr 2026
2643,salary,2026-05-28,Expenses - Driver Salary,,,35000.0,Monthly salary | Mahesh Patel | May 2026
2644,salary,2026-06-28,Expenses - Driver Salary,,,35000.0,Monthly salary | Mahesh Patel | Jun 2026
2645,salary,2026-07-28,Expenses - Driver Salary,,,35000.0,Monthly salary | Mahesh Patel | Jul 2026
2646,salary,2025-08-28,Expenses - Driver Salary,,,32000.0,Monthly salary | Suresh Kumar | Aug 2025
2647,salary,2025-09-28,Expenses - Driver Salary,,,32000.0,Monthly salary | Suresh Kumar | Sep 2025
2648,salary,2025-10-28,Expenses - Driver Salary,,,32000.0,Monthly salary | Suresh Kumar | Oct 2025
2649,salary,2025-11-28,Expenses - Driver Salary,,,32000.0,Monthly salary | Suresh Kumar | Nov 2025
2650,salary,2025-12-28,Expenses - Driver Salary,,,32000.0,Monthly salary | Suresh Kumar | Dec 2025
2651,salary,2026-01-28,Expenses - Driver Salary,,,32000.0,Monthly salary | Suresh Kumar | Jan 2026
2652,salary,2026-02-28,Expenses - Driver Salary,,,32000.0,Monthly salary | Suresh Kumar | Feb 2026
2653,salary,2026-03-28,Expenses - Driver Salary,,,32000.0,Monthly salary | Suresh Kumar | Mar 2026
2654,salary,2026-04-28,Expenses - Driver Salary,,,32000.0,Monthly salary | Suresh Kumar | Apr 2026
2655,salary,2026-05-28,Expenses - Driver Salary,,,32000.0,Monthly salary | Suresh Kumar | May 2026
2656,salary,2026-06-28,Expenses - Driver Salary,,,32000.0,Monthly salary | Suresh Kumar | Jun 2026
2657,salary,2026-07-28,Expenses - Driver Salary,,,32000.0,Monthly salary | Suresh Kumar | Jul 2026
2658,salary,2025-08-28,Expenses - Driver Salary,,,40000.0,Monthly salary | Dinesh Singh | Aug 2025
2659,salary,2025-09-28,Expenses - Driver Salary,,,40000.0,Monthly salary | Dinesh Singh | Sep 2025
2660,salary,2025-10-28,Expenses - Driver Salary,,,40000.0,Monthly salary | Dinesh Singh | Oct 2025
2661,salary,2025-11-28,Expenses - Driver Salary,,,40000.0,Monthly salary | Dinesh Singh | Nov 2025
2662,salary,2025-12-28,Expenses - Driver Salary,,,40000.0,Monthly salary | Dinesh Singh | Dec 2025
2663,salary,2026-01-28,Expenses - Driver Salary,,,40000.0,Monthly salary | Dinesh Singh | Jan 2026
2664,salary,2026-02-28,Expenses - Driver Salary,,,40000.0,Monthly salary | Dinesh Singh | Feb 2026
2665,salary,2026-03-28,Expenses - Driver Salary,,,40000.0,Monthly salary | Dinesh Singh | Mar 2026
2666,salary,2026-04-28,Expenses - Driver Salary,,,40000.0,Monthly salary | Dinesh Singh | Apr 2026
2667,salary,2026-05-28,Expenses - Driver Salary,,,40000.0,Monthly salary | Dinesh Singh | May 2026
2668,salary,2026-06-28,Expenses - Driver Salary,,,40000.0,Monthly salary | Dinesh Singh | Jun 2026
2669,salary,2026-07-28,Expenses - Driver Salary,,,40000.0,Monthly salary | Dinesh Singh | Jul 2026
2670,salary,2025-08-28,Expenses - Driver Salary,,,30000.0,Monthly salary | Ramesh Verma | Aug 2025
2671,salary,2025-09-28,Expenses - Driver Salary,,,30000.0,Monthly salary | Ramesh Verma | Sep 2025
2672,salary,2025-10-28,Expenses - Driver Salary,,,30000.0,Monthly salary | Ramesh Verma | Oct 2025
2673,salary,2025-11-28,Expenses - Driver Salary,,,30000.0,Monthly salary | Ramesh Verma | Nov 2025
2674,salary,2025-12-28,Expenses - Driver Salary,,,30000.0,Monthly salary | Ramesh Verma | Dec 2025
2675,salary,2026-01-28,Expenses - Driver Salary,,,30000.0,Monthly salary | Ramesh Verma | Jan 2026
2676,salary,2026-02-28,Expenses - Driver Salary,,,30000.0,Monthly salary | Ramesh Verma | Feb 2026
2677,salary,2026-03-28,Expenses - Driver Salary,,,30000.0,Monthly salary | Ramesh Verma | Mar 2026
2678,salary,2026-04-28,Expenses - Driver Salary,,,30000.0,Monthly salary | Ramesh Verma | Apr 2026
2679,salary,2026-05-28,Expenses - Driver Salary,,,30000.0,Monthly salary | Ramesh Verma | May 2026
2680,salary,2026-06-28,Expenses - Driver Salary,,,30000.0,Monthly salary | Ramesh Verma | Jun 2026
2681,salary,2026-07-28,Expenses - Driver Salary,,,30000.0,Monthly salary | Ramesh Verma | Jul 2026
2682,salary,2025-08-28,Expenses - Driver Salary,,,37000.0,Monthly salary | Anil Gupta | Aug 2025
2683,salary,2025-09-28,Expenses - Driver Salary,,,37000.0,Monthly salary | Anil Gupta | Sep 2025
2684,salary,2025-10-28,Expenses - Driver Salary,,,37000.0,Monthly salary | Anil Gupta | Oct 2025
2685,salary,2025-11-28,Expenses - Driver Salary,,,37000.0,Monthly salary | Anil Gupta | Nov 2025
2686,salary,2025-12-28,Expenses - Driver Salary,,,37000.0,Monthly salary | Anil Gupta | Dec 2025
2687,salary,2026-01-28,Expenses - Driver Salary,,,37000.0,Monthly salary | Anil Gupta | Jan 2026
2688,salary,2026-02-28,Expenses - Driver Salary,,,37000.0,Monthly salary | Anil Gupta | Feb 2026
2689,salary,2026-03-28,Expenses - Driver Salary,,,37000.0,Monthly salary | Anil Gupta | Mar 2026
2690,salary,2026-04-28,Expenses - Driver Salary,,,37000.0,Monthly salary | Anil Gupta | Apr 2026
2691,salary,2026-05-28,Expenses - Driver Salary,,,37000.0,Monthly salary | Anil Gupta | May 2026
2692,salary,2026-06-28,Expenses - Driver Salary,,,37000.0,Monthly salary | Anil Gupta | Jun 2026
2693,salary,2026-07-28,Expenses - Driver Salary,,,37000.0,Monthly salary | Anil Gupta | Jul 2026
2694,salary,2025-08-28,Expenses - Driver Salary,,,34000.0,Monthly salary | Vikram Yadav | Aug 2025
2695,salary,2025-09-28,Expenses - Driver Salary,,,34000.0,Monthly salary | Vikram Yadav | Sep 2025
2696,salary,2025-10-28,Expenses - Driver Salary,,,34000.0,Monthly salary | Vikram Yadav | Oct 2025
2697,salary,2025-11-28,Expenses - Driver Salary,,,34000.0,Monthly salary | Vikram Yadav | Nov 2025
2698,salary,2025-12-28,Expenses - Driver Salary,,,34000.0,Monthly salary | Vikram Yadav | Dec 2025
2699,salary,2026-01-28,Expenses - Driver Salary,,,34000.0,Monthly salary | Vikram Yadav | Jan 2026
2700,salary,2026-02-28,Expenses - Driver Salary,,,34000.0,Monthly salary | Vikram Yadav | Feb 2026
2701,salary,2026-03-28,Expenses - Driver Salary,,,34000.0,Monthly salary | Vikram Yadav | Mar 2026
2702,salary,2026-04-28,Expenses - Driver Salary,,,34000.0,Monthly salary | Vikram Yadav | Apr 2026
2703,salary,2026-05-28,Expenses - Driver Salary,,,34000.0,Monthly salary | Vikram Yadav | May 2026
2704,salary,2026-06-28,Expenses - Driver Salary,,,34000.0,Monthly salary | Vikram Yadav | Jun 2026
2705,salary,2026-07-28,Expenses - Driver Salary,,,34000.0,Monthly salary | Vikram Yadav | Jul 2026
2706,salary,2025-08-28,Expenses - Driver Salary,,,33000.0,Monthly salary | Prakash Mishra | Aug 2025
2707,salary,2025-09-28,Expenses - Driver Salary,,,33000.0,Monthly salary | Prakash Mishra | Sep 2025
2708,salary,2025-10-28,Expenses - Driver Salary,,,33000.0,Monthly salary | Prakash Mishra | Oct 2025
2709,salary,2025-11-28,Expenses - Driver Salary,,,33000.0,Monthly salary | Prakash Mishra | Nov 2025
2710,salary,2025-12-28,Expenses - Driver Salary,,,33000.0,Monthly salary | Prakash Mishra | Dec 2025
2711,salary,2026-01-28,Expenses - Driver Salary,,,33000.0,Monthly salary | Prakash Mishra | Jan 2026
2712,salary,2026-02-28,Expenses - Driver Salary,,,33000.0,Monthly salary | Prakash Mishra | Feb 2026
2713,salary,2026-03-28,Expenses - Driver Salary,,,33000.0,Monthly salary | Prakash Mishra | Mar 2026
2714,salary,2026-04-28,Expenses - Driver Salary,,,33000.0,Monthly salary | Prakash Mishra | Apr 2026
2715,salary,2026-05-28,Expenses - Driver Salary,,,33000.0,Monthly salary | Prakash Mishra | May 2026
2716,salary,2026-06-28,Expenses - Driver Salary,,,33000.0,Monthly salary | Prakash Mishra | Jun 2026
2717,salary,2026-07-28,Expenses - Driver Salary,,,33000.0,Monthly salary | Prakash Mishra | Jul 2026
2718,salary,2025-08-28,Expenses - Driver Salary,,,42000.0,Monthly salary | Santosh Tiwari | Aug 2025
2719,salary,2025-09-28,Expenses - Driver Salary,,,42000.0,Monthly salary | Santosh Tiwari | Sep 2025
2720,salary,2025-10-28,Expenses - Driver Salary,,,42000.0,Monthly salary | Santosh Tiwari | Oct 2025
2721,salary,2025-11-28,Expenses - Driver Salary,,,42000.0,Monthly salary | Santosh Tiwari | Nov 2025
2722,salary,2025-12-28,Expenses - Driver Salary,,,42000.0,Monthly salary | Santosh Tiwari | Dec 2025
2723,salary,2026-01-28,Expenses - Driver Salary,,,42000.0,Monthly salary | Santosh Tiwari | Jan 2026
2724,salary,2026-02-28,Expenses - Driver Salary,,,42000.0,Monthly salary | Santosh Tiwari | Feb 2026
2725,salary,2026-03-28,Expenses - Driver Salary,,,42000.0,Monthly salary | Santosh Tiwari | Mar 2026
2726,salary,2026-04-28,Expenses - Driver Salary,,,42000.0,Monthly salary | Santosh Tiwari | Apr 2026
2727,salary,2026-05-28,Expenses - Driver Salary,,,42000.0,Monthly salary | Santosh Tiwari | May 2026
2728,salary,2026-06-28,Expenses - Driver Salary,,,42000.0,Monthly salary | Santosh Tiwari | Jun 2026
2729,salary,2026-07-28,Expenses - Driver Salary,,,42000.0,Monthly salary | Santosh Tiwari | Jul 2026
2730,salary,2025-08-28,Expenses - Driver Salary,,,36000.0,Monthly salary | Mohan Lal | Aug 2025
2731,salary,2025-09-28,Expenses - Driver Salary,,,36000.0,Monthly salary | Mohan Lal | Sep 2025
2732,salary,2025-10-28,Expenses - Driver Salary,,,36000.0,Monthly salary | Mohan Lal | Oct 2025
2733,salary,2025-11-28,Expenses - Driver Salary,,,36000.0,Monthly salary | Mohan Lal | Nov 2025
2734,salary,2025-12-28,Expenses - Driver Salary,,,36000.0,Monthly salary | Mohan Lal | Dec 2025
2735,salary,2026-01-28,Expenses - Driver Salary,,,36000.0,Monthly salary | Mohan Lal | Jan 2026
2736,salary,2026-02-28,Expenses - Driver Salary,,,36000.0,Monthly salary | Mohan Lal | Feb 2026
2737,salary,2026-03-28,Expenses - Driver Salary,,,36000.0,Monthly salary | Mohan Lal | Mar 2026
2738,salary,2026-04-28,Expenses - Driver Salary,,,36000.0,Monthly salary | Mohan Lal | Apr 2026
2739,salary,2026-05-28,Expenses - Driver Salary,,,36000.0,Monthly salary | Mohan Lal | May 2026
2740,salary,2026-06-28,Expenses - Driver Salary,,,36000.0,Monthly salary | Mohan Lal | Jun 2026
2741,salary,2026-07-28,Expenses - Driver Salary,,,36000.0,Monthly salary | Mohan Lal | Jul 2026
2742,salary,2025-08-28,Expenses - Driver Salary,,,33000.0,Monthly salary | Sanjay Reddy | Aug 2025
2743,salary,2025-09-28,Expenses - Driver Salary,,,33000.0,Monthly salary | Sanjay Reddy | Sep 2025
2744,salary,2025-10-28,Expenses - Driver Salary,,,33000.0,Monthly salary | Sanjay Reddy | Oct 2025
2745,salary,2025-11-28,Expenses - Driver Salary,,,33000.0,Monthly salary | Sanjay Reddy | Nov 2025
2746,salary,2025-12-28,Expenses - Driver Salary,,,33000.0,Monthly salary | Sanjay Reddy | Dec 2025
2747,salary,2026-01-28,Expenses - Driver Salary,,,33000.0,Monthly salary | Sanjay Reddy | Jan 2026
2748,salary,2026-02-28,Expenses - Driver Salary,,,33000.0,Monthly salary | Sanjay Reddy | Feb 2026
2749,salary,2026-03-28,Expenses - Driver Salary,,,33000.0,Monthly salary | Sanjay Reddy | Mar 2026
2750,salary,2026-04-28,Expenses - Driver Salary,,,33000.0,Monthly salary | Sanjay Reddy | Apr 2026
2751,salary,2026-05-28,Expenses - Driver Salary,,,33000.0,Monthly salary | Sanjay Reddy | May 2026
2752,salary,2026-06-28,Expenses - Driver Salary,,,33000.0,Monthly salary | Sanjay Reddy | Jun 2026
2753,salary,2026-07-28,Expenses - Driver Salary,,,33000.0,Monthly salary | Sanjay Reddy | Jul 2026
2754,salary,2025-08-28,Expenses - Driver Salary,,,29000.0,Monthly salary | Ravi Krishnan | Aug 2025
2755,salary,2025-09-28,Expenses - Driver Salary,,,29000.0,Monthly salary | Ravi Krishnan | Sep 2025
2756,salary,2025-10-28,Expenses - Driver Salary,,,29000.0,Monthly salary | Ravi Krishnan | Oct 2025
2757,salary,2025-11-28,Expenses - Driver Salary,,,29000.0,Monthly salary | Ravi Krishnan | Nov 2025
2758,salary,2025-12-28,Expenses - Driver Salary,,,29000.0,Monthly salary | Ravi Krishnan | Dec 2025
2759,salary,2026-01-28,Expenses - Driver Salary,,,29000.0,Monthly salary | Ravi Krishnan | Jan 2026
2760,salary,2026-02-28,Expenses - Driver Salary,,,29000.0,Monthly salary | Ravi Krishnan | Feb 2026
2761,salary,2026-03-28,Expenses - Driver Salary,,,29000.0,Monthly salary | Ravi Krishnan | Mar 2026
2762,salary,2026-04-28,Expenses - Driver Salary,,,29000.0,Monthly salary | Ravi Krishnan | Apr 2026
2763,salary,2026-05-28,Expenses - Driver Salary,,,29000.0,Monthly salary | Ravi Krishnan | May 2026
2764,salary,2026-06-28,Expenses - Driver Salary,,,29000.0,Monthly salary | Ravi Krishnan | Jun 2026
2765,salary,2026-07-28,Expenses - Driver Salary,,,29000.0,Monthly salary | Ravi Krishnan | Jul 2026
2766,salary,2025-08-28,Expenses - Driver Salary,,,38000.0,Monthly salary | Praveen Nair | Aug 2025
2767,salary,2025-09-28,Expenses - Driver Salary,,,38000.0,Monthly salary | Praveen Nair | Sep 2025
2768,salary,2025-10-28,Expenses - Driver Salary,,,38000.0,Monthly salary | Praveen Nair | Oct 2025
2769,salary,2025-11-28,Expenses - Driver Salary,,,38000.0,Monthly salary | Praveen Nair | Nov 2025
2770,salary,2025-12-28,Expenses - Driver Salary,,,38000.0,Monthly salary | Praveen Nair | Dec 2025
2771,salary,2026-01-28,Expenses - Driver Salary,,,38000.0,Monthly salary | Praveen Nair | Jan 2026
2772,salary,2026-02-28,Expenses - Driver Salary,,,38000.0,Monthly salary | Praveen Nair | Feb 2026
2773,salary,2026-03-28,Expenses - Driver Salary,,,38000.0,Monthly salary | Praveen Nair | Mar 2026
2774,salary,2026-04-28,Expenses - Driver Salary,,,38000.0,Monthly salary | Praveen Nair | Apr 2026
2775,salary,2026-05-28,Expenses - Driver Salary,,,38000.0,Monthly salary | Praveen Nair | May 2026
2776,salary,2026-06-28,Expenses - Driver Salary,,,38000.0,Monthly salary | Praveen Nair | Jun 2026
2777,salary,2026-07-28,Expenses - Driver Salary,,,38000.0,Monthly salary | Praveen Nair | Jul 2026
2778,salary,2025-08-28,Expenses - Driver Salary,,,28000.0,Monthly salary | Sunil Pillai | Aug 2025
2779,salary,2025-09-28,Expenses - Driver Salary,,,28000.0,Monthly salary | Sunil Pillai | Sep 2025
2780,salary,2025-10-28,Expenses - Driver Salary,,,28000.0,Monthly salary | Sunil Pillai | Oct 2025
2781,salary,2025-11-28,Expenses - Driver Salary,,,28000.0,Monthly salary | Sunil Pillai | Nov 2025
2782,salary,2025-12-28,Expenses - Driver Salary,,,28000.0,Monthly salary | Sunil Pillai | Dec 2025
2783,salary,2026-01-28,Expenses - Driver Salary,,,28000.0,Monthly salary | Sunil Pillai | Jan 2026
2784,salary,2026-02-28,Expenses - Driver Salary,,,28000.0,Monthly salary | Sunil Pillai | Feb 2026
2785,salary,2026-03-28,Expenses - Driver Salary,,,28000.0,Monthly salary | Sunil Pillai | Mar 2026
2786,salary,2026-04-28,Expenses - Driver Salary,,,28000.0,Monthly salary | Sunil Pillai | Apr 2026
2787,salary,2026-05-28,Expenses - Driver Salary,,,28000.0,Monthly salary | Sunil Pillai | May 2026
2788,salary,2026-06-28,Expenses - Driver Salary,,,28000.0,Monthly salary | Sunil Pillai | Jun 2026
2789,salary,2026-07-28,Expenses - Driver Salary,,,28000.0,Monthly salary | Sunil Pillai | Jul 2026
2790,salary,2025-08-28,Expenses - Driver Salary,,,31000.0,Monthly salary | Deepak Joshi | Aug 2025
2791,salary,2025-09-28,Expenses - Driver Salary,,,31000.0,Monthly salary | Deepak Joshi | Sep 2025
2792,salary,2025-10-28,Expenses - Driver Salary,,,31000.0,Monthly salary | Deepak Joshi | Oct 2025
2793,salary,2025-11-28,Expenses - Driver Salary,,,31000.0,Monthly salary | Deepak Joshi | Nov 2025
2794,salary,2025-12-28,Expenses - Driver Salary,,,31000.0,Monthly salary | Deepak Joshi | Dec 2025
2795,salary,2026-01-28,Expenses - Driver Salary,,,31000.0,Monthly salary | Deepak Joshi | Jan 2026
2796,salary,2026-02-28,Expenses - Driver Salary,,,31000.0,Monthly salary | Deepak Joshi | Feb 2026
2797,salary,2026-03-28,Expenses - Driver Salary,,,31000.0,Monthly salary | Deepak Joshi | Mar 2026
2798,salary,2026-04-28,Expenses - Driver Salary,,,31000.0,Monthly salary | Deepak Joshi | Apr 2026
2799,salary,2026-05-28,Expenses - Driver Salary,,,31000.0,Monthly salary | Deepak Joshi | May 2026
2800,salary,2026-06-28,Expenses - Driver Salary,,,31000.0,Monthly salary | Deepak Joshi | Jun 2026
2801,salary,2026-07-28,Expenses - Driver Salary,,,31000.0,Monthly salary | Deepak Joshi | Jul 2026
2802,insurance,2025-04-01,Expenses - Insurance,1,,123536.32,Annual insurance | BUS-101
2803,insurance,2025-04-01,Expenses - Insurance,2,,91526.89,Annual insurance | BUS-102
2804,insurance,2025-04-01,Expenses - Insurance,3,,126519.61,Annual insurance | BUS-103
2805,insurance,2025-04-01,Expenses - Insurance,4,,142635.61,Annual insurance | BUS-104
2806,insurance,2025-04-01,Expenses - Insurance,5,,169790.93,Annual insurance | BUS-105
2807,insurance,2025-04-01,Expenses - Insurance,6,,148995.03,Annual insurance | TRK-101
2808,insurance,2025-04-01,Expenses - Insurance,7,,125219.61,Annual insurance | TRK-102
2809,insurance,2025-04-01,Expenses - Insurance,8,,93337.43,Annual insurance | TRK-103
2810,insurance,2025-04-01,Expenses - Insurance,9,,94063.16,Annual insurance | VAN-101
2811,insurance,2025-04-01,Expenses - Insurance,10,,176736.23,Annual insurance | VAN-102
2812,toll,2025-10-22,Expenses - Toll & Road Tax,1,,17464.89,Toll charges | BUS-101 | Oct 2025
2813,toll,2026-01-24,Expenses - Toll & Road Tax,1,,22391.4,Toll charges | BUS-101 | Jan 2026
2814,toll,2026-02-19,Expenses - Toll & Road Tax,1,,17541.99,Toll charges | BUS-101 | Feb 2026
2815,toll,2026-04-04,Expenses - Toll & Road Tax,1,,9097.9,Toll charges | BUS-101 | Apr 2026
2816,toll,2026-05-01,Expenses - Toll & Road Tax,1,,18625.26,Toll charges | BUS-101 | May 2026
2817,toll,2026-06-23,Expenses - Toll & Road Tax,1,,17006.07,Toll charges | BUS-101 | Jun 2026
2818,toll,2026-07-03,Expenses - Toll & Road Tax,1,,10305.97,Toll charges | BUS-101 | Jul 2026
2819,toll,2025-08-24,Expenses - Toll & Road Tax,2,,7776.65,Toll charges | BUS-102 | Aug 2025
2820,toll,2025-10-06,Expenses - Toll & Road Tax,2,,14017.36,Toll charges | BUS-102 | Oct 2025
2821,toll,2025-11-02,Expenses - Toll & Road Tax,2,,18110.81,Toll charges | BUS-102 | Nov 2025
2822,toll,2026-01-14,Expenses - Toll & Road Tax,2,,7234.06,Toll charges | BUS-102 | Jan 2026
2823,toll,2026-02-10,Expenses - Toll & Road Tax,2,,11926.45,Toll charges | BUS-102 | Feb 2026
2824,toll,2026-03-24,Expenses - Toll & Road Tax,2,,24091.36,Toll charges | BUS-102 | Mar 2026
2825,toll,2026-04-16,Expenses - Toll & Road Tax,2,,22810.75,Toll charges | BUS-102 | Apr 2026
2826,toll,2026-06-13,Expenses - Toll & Road Tax,2,,20149.16,Toll charges | BUS-102 | Jun 2026
2827,toll,2026-07-26,Expenses - Toll & Road Tax,2,,7216.33,Toll charges | BUS-102 | Jul 2026
2828,toll,2025-08-26,Expenses - Toll & Road Tax,3,,23460.14,Toll charges | BUS-103 | Aug 2025
2829,toll,2025-10-20,Expenses - Toll & Road Tax,3,,19737.1,Toll charges | BUS-103 | Oct 2025
2830,toll,2025-11-11,Expenses - Toll & Road Tax,3,,11397.17,Toll charges | BUS-103 | Nov 2025
2831,toll,2025-12-09,Expenses - Toll & Road Tax,3,,12939.54,Toll charges | BUS-103 | Dec 2025
2832,toll,2026-02-01,Expenses - Toll & Road Tax,3,,9677.24,Toll charges | BUS-103 | Feb 2026
2833,toll,2026-03-19,Expenses - Toll & Road Tax,3,,5815.92,Toll charges | BUS-103 | Mar 2026
2834,toll,2026-04-26,Expenses - Toll & Road Tax,3,,14666.55,Toll charges | BUS-103 | Apr 2026
2835,toll,2026-06-01,Expenses - Toll & Road Tax,3,,17814.33,Toll charges | BUS-103 | Jun 2026
2836,toll,2026-07-12,Expenses - Toll & Road Tax,3,,18474.18,Toll charges | BUS-103 | Jul 2026
2837,toll,2025-09-25,Expenses - Toll & Road Tax,4,,15438.12,Toll charges | BUS-104 | Sep 2025
2838,toll,2025-10-01,Expenses - Toll & Road Tax,4,,18294.87,Toll charges | BUS-104 | Oct 2025
2839,toll,2025-11-01,Expenses - Toll & Road Tax,4,,20907.31,Toll charges | BUS-104 | Nov 2025
2840,toll,2025-12-06,Expenses - Toll & Road Tax,4,,15036.01,Toll charges | BUS-104 | Dec 2025
2841,toll,2026-01-16,Expenses - Toll & Road Tax,4,,13257.21,Toll charges | BUS-104 | Jan 2026
2842,toll,2026-02-16,Expenses - Toll & Road Tax,4,,9653.7,Toll charges | BUS-104 | Feb 2026
2843,toll,2026-03-20,Expenses - Toll & Road Tax,4,,13723.28,Toll charges | BUS-104 | Mar 2026
2844,toll,2026-04-18,Expenses - Toll & Road Tax,4,,19676.73,Toll charges | BUS-104 | Apr 2026
2845,toll,2026-06-15,Expenses - Toll & Road Tax,4,,5473.93,Toll charges | BUS-104 | Jun 2026
2846,toll,2026-07-27,Expenses - Toll & Road Tax,4,,18197.59,Toll charges | BUS-104 | Jul 2026
2847,toll,2025-08-08,Expenses - Toll & Road Tax,5,,23675.28,Toll charges | BUS-105 | Aug 2025
2848,toll,2025-09-01,Expenses - Toll & Road Tax,5,,19357.72,Toll charges | BUS-105 | Sep 2025
2849,toll,2025-10-15,Expenses - Toll & Road Tax,5,,23055.4,Toll charges | BUS-105 | Oct 2025
2850,toll,2025-11-15,Expenses - Toll & Road Tax,5,,17824.82,Toll charges | BUS-105 | Nov 2025
2851,toll,2025-12-18,Expenses - Toll & Road Tax,5,,19501.69,Toll charges | BUS-105 | Dec 2025
2852,toll,2026-01-28,Expenses - Toll & Road Tax,5,,5515.97,Toll charges | BUS-105 | Jan 2026
2853,toll,2026-04-03,Expenses - Toll & Road Tax,5,,12220.13,Toll charges | BUS-105 | Apr 2026
2854,toll,2026-06-01,Expenses - Toll & Road Tax,5,,8865.55,Toll charges | BUS-105 | Jun 2026
2855,toll,2026-07-13,Expenses - Toll & Road Tax,5,,8908.94,Toll charges | BUS-105 | Jul 2026
2856,toll,2025-08-20,Expenses - Toll & Road Tax,6,,6459.92,Toll charges | TRK-101 | Aug 2025
2857,toll,2025-09-06,Expenses - Toll & Road Tax,6,,12277.53,Toll charges | TRK-101 | Sep 2025
2858,toll,2025-10-03,Expenses - Toll & Road Tax,6,,13024.59,Toll charges | TRK-101 | Oct 2025
2859,toll,2025-11-23,Expenses - Toll & Road Tax,6,,14381.27,Toll charges | TRK-101 | Nov 2025
2860,toll,2026-02-03,Expenses - Toll & Road Tax,6,,6552.8,Toll charges | TRK-101 | Feb 2026
2861,toll,2026-03-09,Expenses - Toll & Road Tax,6,,18365.87,Toll charges | TRK-101 | Mar 2026
2862,toll,2026-04-28,Expenses - Toll & Road Tax,6,,23783.21,Toll charges | TRK-101 | Apr 2026
2863,toll,2026-05-17,Expenses - Toll & Road Tax,6,,13712.6,Toll charges | TRK-101 | May 2026
2864,toll,2026-06-21,Expenses - Toll & Road Tax,6,,24042.57,Toll charges | TRK-101 | Jun 2026
2865,toll,2025-08-26,Expenses - Toll & Road Tax,7,,24106.53,Toll charges | TRK-102 | Aug 2025
2866,toll,2025-09-24,Expenses - Toll & Road Tax,7,,6120.21,Toll charges | TRK-102 | Sep 2025
2867,toll,2025-11-18,Expenses - Toll & Road Tax,7,,17694.4,Toll charges | TRK-102 | Nov 2025
2868,toll,2026-02-04,Expenses - Toll & Road Tax,7,,18152.88,Toll charges | TRK-102 | Feb 2026
2869,toll,2026-03-04,Expenses - Toll & Road Tax,7,,23278.28,Toll charges | TRK-102 | Mar 2026
2870,toll,2026-06-23,Expenses - Toll & Road Tax,7,,23175.71,Toll charges | TRK-102 | Jun 2026
2871,toll,2026-07-13,Expenses - Toll & Road Tax,7,,20914.57,Toll charges | TRK-102 | Jul 2026
2872,toll,2025-08-03,Expenses - Toll & Road Tax,8,,13321.86,Toll charges | TRK-103 | Aug 2025
2873,toll,2025-09-09,Expenses - Toll & Road Tax,8,,11766.56,Toll charges | TRK-103 | Sep 2025
2874,toll,2025-10-04,Expenses - Toll & Road Tax,8,,19755.87,Toll charges | TRK-103 | Oct 2025
2875,toll,2025-11-26,Expenses - Toll & Road Tax,8,,16364.89,Toll charges | TRK-103 | Nov 2025
2876,toll,2025-12-11,Expenses - Toll & Road Tax,8,,13443.31,Toll charges | TRK-103 | Dec 2025
2877,toll,2026-01-28,Expenses - Toll & Road Tax,8,,22989.93,Toll charges | TRK-103 | Jan 2026
2878,toll,2026-04-22,Expenses - Toll & Road Tax,8,,22686.2,Toll charges | TRK-103 | Apr 2026
2879,toll,2026-05-23,Expenses - Toll & Road Tax,8,,5083.93,Toll charges | TRK-103 | May 2026
2880,toll,2025-08-06,Expenses - Toll & Road Tax,9,,15096.03,Toll charges | VAN-101 | Aug 2025
2881,toll,2025-09-11,Expenses - Toll & Road Tax,9,,18142.37,Toll charges | VAN-101 | Sep 2025
2882,toll,2025-12-21,Expenses - Toll & Road Tax,9,,23348.12,Toll charges | VAN-101 | Dec 2025
2883,toll,2026-01-18,Expenses - Toll & Road Tax,9,,18794.41,Toll charges | VAN-101 | Jan 2026
2884,toll,2026-02-16,Expenses - Toll & Road Tax,9,,16280.57,Toll charges | VAN-101 | Feb 2026
2885,toll,2026-04-06,Expenses - Toll & Road Tax,9,,15040.63,Toll charges | VAN-101 | Apr 2026
2886,toll,2025-09-11,Expenses - Toll & Road Tax,10,,17572.41,Toll charges | VAN-102 | Sep 2025
2887,toll,2026-01-01,Expenses - Toll & Road Tax,10,,23022.83,Toll charges | VAN-102 | Jan 2026
2888,toll,2026-04-14,Expenses - Toll & Road Tax,10,,13017.68,Toll charges | VAN-102 | Apr 2026
2889,toll,2026-05-17,Expenses - Toll & Road Tax,10,,17128.53,Toll charges | VAN-102 | May 2026
2890,toll,2026-06-18,Expenses - Toll & Road Tax,10,,12682.48,Toll charges | VAN-102 | Jun 2026
2891,toll,2026-07-15,Expenses - Toll & Road Tax,10,,7706.3,Toll charges | VAN-102 | Jul 2026
2892,other_operating_cost,2025-08-18,Expenses - Other Operating,1,,4325.19,Misc operating cost | BUS-101
2893,other_operating_cost,2025-10-22,Expenses - Other Operating,1,,5468.03,Misc operating cost | BUS-101
2894,other_operating_cost,2025-12-18,Expenses - Other Operating,1,,9330.43,Misc operating cost | BUS-101
2895,other_operating_cost,2026-01-15,Expenses - Other Operating,1,,6052.61,Misc operating cost | BUS-101
2896,other_operating_cost,2026-03-08,Expenses - Other Operating,1,,5334.9,Misc operating cost | BUS-101
2897,other_operating_cost,2026-05-08,Expenses - Other Operating,1,,10568.88,Misc operating cost | BUS-101
2898,other_operating_cost,2025-08-02,Expenses - Other Operating,2,,10521.0,Misc operating cost | BUS-102
2899,other_operating_cost,2025-09-07,Expenses - Other Operating,2,,4458.43,Misc operating cost | BUS-102
2900,other_operating_cost,2025-11-23,Expenses - Other Operating,2,,10775.27,Misc operating cost | BUS-102
2901,other_operating_cost,2025-12-13,Expenses - Other Operating,2,,8897.13,Misc operating cost | BUS-102
2902,other_operating_cost,2026-01-23,Expenses - Other Operating,2,,11849.49,Misc operating cost | BUS-102
2903,other_operating_cost,2026-02-28,Expenses - Other Operating,2,,6156.02,Misc operating cost | BUS-102
2904,other_operating_cost,2026-03-26,Expenses - Other Operating,2,,10687.42,Misc operating cost | BUS-102
2905,other_operating_cost,2026-04-06,Expenses - Other Operating,2,,10868.94,Misc operating cost | BUS-102
2906,other_operating_cost,2026-05-15,Expenses - Other Operating,2,,2321.55,Misc operating cost | BUS-102
2907,other_operating_cost,2026-06-12,Expenses - Other Operating,2,,5630.7,Misc operating cost | BUS-102
2908,other_operating_cost,2025-11-28,Expenses - Other Operating,3,,4904.9,Misc operating cost | BUS-103
2909,other_operating_cost,2025-12-03,Expenses - Other Operating,3,,3052.53,Misc operating cost | BUS-103
2910,other_operating_cost,2026-01-19,Expenses - Other Operating,3,,4649.77,Misc operating cost | BUS-103
2911,other_operating_cost,2026-03-21,Expenses - Other Operating,3,,4888.19,Misc operating cost | BUS-103
2912,other_operating_cost,2026-05-18,Expenses - Other Operating,3,,7314.79,Misc operating cost | BUS-103
2913,other_operating_cost,2026-06-28,Expenses - Other Operating,3,,8254.6,Misc operating cost | BUS-103
2914,other_operating_cost,2026-07-08,Expenses - Other Operating,3,,7056.67,Misc operating cost | BUS-103
2915,other_operating_cost,2025-09-20,Expenses - Other Operating,4,,3112.43,Misc operating cost | BUS-104
2916,other_operating_cost,2025-11-25,Expenses - Other Operating,4,,6911.19,Misc operating cost | BUS-104
2917,other_operating_cost,2025-12-09,Expenses - Other Operating,4,,8606.28,Misc operating cost | BUS-104
2918,other_operating_cost,2026-01-19,Expenses - Other Operating,4,,7962.32,Misc operating cost | BUS-104
2919,other_operating_cost,2026-02-15,Expenses - Other Operating,4,,3735.29,Misc operating cost | BUS-104
2920,other_operating_cost,2026-03-07,Expenses - Other Operating,4,,5232.09,Misc operating cost | BUS-104
2921,other_operating_cost,2026-04-20,Expenses - Other Operating,4,,8183.21,Misc operating cost | BUS-104
2922,other_operating_cost,2026-06-21,Expenses - Other Operating,4,,7699.19,Misc operating cost | BUS-104
2923,other_operating_cost,2026-07-08,Expenses - Other Operating,4,,10540.67,Misc operating cost | BUS-104
2924,other_operating_cost,2025-08-11,Expenses - Other Operating,5,,10095.21,Misc operating cost | BUS-105
2925,other_operating_cost,2025-09-21,Expenses - Other Operating,5,,2752.94,Misc operating cost | BUS-105
2926,other_operating_cost,2025-10-28,Expenses - Other Operating,5,,4779.59,Misc operating cost | BUS-105
2927,other_operating_cost,2025-12-22,Expenses - Other Operating,5,,10976.85,Misc operating cost | BUS-105
2928,other_operating_cost,2026-01-15,Expenses - Other Operating,5,,10127.67,Misc operating cost | BUS-105
2929,other_operating_cost,2026-02-09,Expenses - Other Operating,5,,5242.82,Misc operating cost | BUS-105
2930,other_operating_cost,2026-03-03,Expenses - Other Operating,5,,2257.11,Misc operating cost | BUS-105
2931,other_operating_cost,2026-04-05,Expenses - Other Operating,5,,4509.94,Misc operating cost | BUS-105
2932,other_operating_cost,2026-07-16,Expenses - Other Operating,5,,7350.73,Misc operating cost | BUS-105
2933,other_operating_cost,2025-08-13,Expenses - Other Operating,6,,11397.7,Misc operating cost | TRK-101
2934,other_operating_cost,2025-09-24,Expenses - Other Operating,6,,2474.46,Misc operating cost | TRK-101
2935,other_operating_cost,2025-11-09,Expenses - Other Operating,6,,8319.04,Misc operating cost | TRK-101
2936,other_operating_cost,2025-12-14,Expenses - Other Operating,6,,9363.81,Misc operating cost | TRK-101
2937,other_operating_cost,2026-01-04,Expenses - Other Operating,6,,9253.94,Misc operating cost | TRK-101
2938,other_operating_cost,2026-02-28,Expenses - Other Operating,6,,7949.33,Misc operating cost | TRK-101
2939,other_operating_cost,2026-03-24,Expenses - Other Operating,6,,6458.74,Misc operating cost | TRK-101
2940,other_operating_cost,2026-04-04,Expenses - Other Operating,6,,10809.52,Misc operating cost | TRK-101
2941,other_operating_cost,2026-05-28,Expenses - Other Operating,6,,9958.01,Misc operating cost | TRK-101
2942,other_operating_cost,2026-06-16,Expenses - Other Operating,6,,7977.21,Misc operating cost | TRK-101
2943,other_operating_cost,2025-08-11,Expenses - Other Operating,7,,2089.54,Misc operating cost | TRK-102
2944,other_operating_cost,2025-09-25,Expenses - Other Operating,7,,4662.6,Misc operating cost | TRK-102
2945,other_operating_cost,2025-10-19,Expenses - Other Operating,7,,2089.89,Misc operating cost | TRK-102
2946,other_operating_cost,2025-11-06,Expenses - Other Operating,7,,5184.21,Misc operating cost | TRK-102
2947,other_operating_cost,2025-12-07,Expenses - Other Operating,7,,2813.97,Misc operating cost | TRK-102
2948,other_operating_cost,2026-01-09,Expenses - Other Operating,7,,9615.4,Misc operating cost | TRK-102
2949,other_operating_cost,2026-02-16,Expenses - Other Operating,7,,3650.57,Misc operating cost | TRK-102
2950,other_operating_cost,2026-04-14,Expenses - Other Operating,7,,9892.03,Misc operating cost | TRK-102
2951,other_operating_cost,2026-06-08,Expenses - Other Operating,7,,8388.72,Misc operating cost | TRK-102
2952,other_operating_cost,2026-07-06,Expenses - Other Operating,7,,2600.78,Misc operating cost | TRK-102
2953,other_operating_cost,2025-08-03,Expenses - Other Operating,8,,4642.73,Misc operating cost | TRK-103
2954,other_operating_cost,2025-10-05,Expenses - Other Operating,8,,5719.26,Misc operating cost | TRK-103
2955,other_operating_cost,2025-12-25,Expenses - Other Operating,8,,5807.27,Misc operating cost | TRK-103
2956,other_operating_cost,2026-01-21,Expenses - Other Operating,8,,9524.52,Misc operating cost | TRK-103
2957,other_operating_cost,2026-02-09,Expenses - Other Operating,8,,3639.27,Misc operating cost | TRK-103
2958,other_operating_cost,2026-04-10,Expenses - Other Operating,8,,2847.77,Misc operating cost | TRK-103
2959,other_operating_cost,2026-06-13,Expenses - Other Operating,8,,2138.4,Misc operating cost | TRK-103
2960,other_operating_cost,2026-07-27,Expenses - Other Operating,8,,6883.38,Misc operating cost | TRK-103
2961,other_operating_cost,2025-08-28,Expenses - Other Operating,9,,7332.6,Misc operating cost | VAN-101
2962,other_operating_cost,2025-09-23,Expenses - Other Operating,9,,11797.56,Misc operating cost | VAN-101
2963,other_operating_cost,2025-10-06,Expenses - Other Operating,9,,7188.19,Misc operating cost | VAN-101
2964,other_operating_cost,2025-12-20,Expenses - Other Operating,9,,9086.88,Misc operating cost | VAN-101
2965,other_operating_cost,2026-01-15,Expenses - Other Operating,9,,11752.86,Misc operating cost | VAN-101
2966,other_operating_cost,2026-02-23,Expenses - Other Operating,9,,6368.17,Misc operating cost | VAN-101
2967,other_operating_cost,2026-06-06,Expenses - Other Operating,9,,7930.33,Misc operating cost | VAN-101
2968,other_operating_cost,2026-07-11,Expenses - Other Operating,9,,6989.12,Misc operating cost | VAN-101
2969,other_operating_cost,2025-08-22,Expenses - Other Operating,10,,10207.95,Misc operating cost | VAN-102
2970,other_operating_cost,2025-09-28,Expenses - Other Operating,10,,10318.16,Misc operating cost | VAN-102
2971,other_operating_cost,2025-10-14,Expenses - Other Operating,10,,2158.69,Misc operating cost | VAN-102
2972,other_operating_cost,2025-11-21,Expenses - Other Operating,10,,2997.05,Misc operating cost | VAN-102
2973,other_operating_cost,2025-12-07,Expenses - Other Operating,10,,8052.44,Misc operating cost | VAN-102
2974,other_operating_cost,2026-02-11,Expenses - Other Operating,10,,2044.42,Misc operating cost | VAN-102
2975,other_operating_cost,2026-03-28,Expenses - Other Operating,10,,4298.85,Misc operating cost | VAN-102
2976,other_operating_cost,2026-04-08,Expenses - Other Operating,10,,5410.0,Misc operating cost | VAN-102
