id,vehicle_id,driver_id,route_id,customer_id,trip_date,distance_km,service_hours,revenue,status
1,1,14,1,1,2025-08-29,142.7,3.24,20668.75,completed
2,1,1,1,7,2025-08-21,144.0,3.68,16008.11,completed
3,1,2,1,7,2025-09-04,152.6,3.16,17735.07,completed
4,1,3,1,7,2025-08-29,154.8,3.44,16223.41,completed
5,1,1,1,7,2025-09-01,149.5,3.86,18634.95,completed
6,1,4,2,2,2025-08-23,857.3,14.76,46013.99,completed
7,1,14,2,4,2025-08-23,807.4,13.61,51754.21,completed
8,1,1,1,4,2025-09-02,150.0,3.47,21758.89,completed
9,1,2,2,6,2025-09-11,866.2,14.87,47193.08,completed
10,1,2,1,4,2025-09-04,155.2,3.71,22221.04,completed
11,1,1,1,6,2025-08-28,152.5,3.5,21074.34,completed
12,1,5,1,4,2025-09-18,143.7,3.59,23762.38,completed
13,1,3,2,3,2025-08-25,835.1,13.52,49341.19,completed
14,1,3,2,7,2025-08-28,800.0,14.33,47892.7,completed
15,1,2,1,2,2025-09-10,150.7,3.67,16977.25,completed
16,1,5,2,7,2025-09-04,869.1,15.61,43813.64,completed
17,1,14,1,2,2025-09-18,144.5,3.71,18350.69,completed
18,1,4,1,5,2025-08-26,154.7,3.92,16674.23,completed
19,1,5,2,3,2025-09-19,840.4,15.55,47883.64,completed
20,1,3,1,3,2025-09-14,154.7,3.96,19382.72,completed
21,1,4,1,6,2025-08-21,146.0,4.01,18263.0,completed
22,1,1,2,4,2025-08-28,867.1,12.9,61228.64,completed
23,1,5,2,2,2025-09-14,843.3,15.91,42131.43,completed
24,1,5,1,5,2025-09-17,154.9,3.96,17188.8,completed
25,1,4,1,5,2025-09-11,147.1,3.6,17334.49,completed
26,1,2,1,4,2025-08-23,149.3,3.35,22032.64,completed
27,1,1,1,1,2025-09-12,144.0,3.94,22351.08,completed
28,1,5,2,2,2025-08-28,828.8,14.49,43522.37,completed
29,1,4,2,4,2025-09-15,796.3,14.91,55866.88,completed
30,1,4,2,7,2025-09-04,793.0,14.89,46729.75,completed
31,1,4,1,1,2025-09-13,153.4,3.37,21080.0,completed
32,1,2,1,8,2025-09-03,147.4,3.92,20030.34,completed
33,1,5,1,8,2025-08-24,155.4,3.88,19461.96,completed
34,1,2,1,4,2025-09-03,143.8,3.5,22704.61,completed
35,1,4,1,3,2025-08-21,144.5,3.84,22807.91,completed
36,1,4,2,5,2025-09-12,871.1,14.55,45923.33,completed
37,1,2,2,3,2025-08-30,793.4,15.18,49040.5,completed
38,1,1,1,6,2025-08-22,148.0,3.9,20133.34,completed
39,1,5,1,1,2025-08-23,141.6,3.21,23310.45,completed
40,1,1,1,7,2025-09-18,149.2,3.18,17666.8,completed
41,1,14,1,7,2025-09-08,145.3,3.38,17651.3,completed
42,1,3,2,4,2025-09-02,842.1,14.2,52722.55,completed
43,1,4,1,1,2025-09-09,155.3,3.21,23951.27,completed
44,1,2,1,5,2025-09-19,141.6,3.36,16321.76,completed
45,1,4,2,3,2025-09-16,813.6,16.04,52424.25,completed
46,1,14,1,5,2025-08-24,142.6,3.25,18307.44,completed
47,1,3,1,3,2025-08-30,151.2,3.33,21225.88,completed
48,1,3,2,8,2025-09-18,792.7,14.82,57824.04,completed
49,1,1,2,1,2025-08-31,841.4,13.52,57402.49,completed
50,1,5,2,7,2025-08-21,866.9,15.02,40178.65,completed
51,1,3,1,1,2025-10-08,147.0,3.19,22008.8,completed
52,1,3,2,1,2025-09-26,843.9,13.84,56432.71,completed
53,1,2,2,3,2025-10-17,854.9,13.22,48466.71,completed
54,1,2,2,1,2025-10-13,853.4,14.04,59072.67,completed
55,1,2,1,5,2025-10-15,146.3,3.18,17507.5,completed
56,1,2,2,4,2025-10-16,817.5,15.47,61689.07,completed
57,1,1,1,4,2025-10-11,145.5,3.91,21372.51,completed
58,1,14,2,6,2025-10-06,869.9,14.48,48506.82,completed
59,1,3,1,2,2025-09-25,155.2,3.18,18509.6,completed
60,1,14,2,6,2025-10-15,838.8,14.39,47655.41,completed
61,1,3,2,4,2025-09-21,788.6,15.84,59302.02,completed
62,1,4,1,6,2025-09-22,154.2,3.7,21577.54,completed
63,1,5,1,5,2025-09-29,145.4,3.76,17391.76,completed
64,1,4,1,4,2025-10-11,150.6,3.94,24775.42,completed
65,1,5,2,7,2025-10-16,812.3,14.1,39207.54,completed
66,1,4,2,8,2025-10-04,830.9,15.38,55337.81,completed
67,1,3,1,2,2025-10-06,149.8,3.23,18812.95,completed
68,1,2,1,5,2025-10-15,141.0,3.36,15817.27,completed
69,1,4,2,2,2025-10-03,836.3,15.11,49056.93,completed
70,1,4,2,8,2025-09-27,845.6,15.72,49691.83,completed
71,1,2,1,7,2025-09-25,150.9,3.56,18483.76,completed
72,1,4,1,2,2025-09-24,150.5,4.01,19314.12,completed
73,1,5,2,8,2025-10-16,830.4,15.51,55804.48,completed
74,1,14,2,3,2025-10-17,810.0,13.47,51711.74,completed
75,1,14,2,8,2025-09-27,794.9,13.6,51050.0,completed
76,1,3,2,6,2025-10-18,800.0,13.41,49897.51,completed
77,1,1,1,4,2025-10-03,148.6,3.51,22349.21,completed
78,1,4,1,7,2025-10-18,154.6,3.17,18364.18,completed
79,1,1,2,8,2025-10-01,820.9,15.72,51306.77,completed
80,1,4,2,4,2025-09-27,828.8,13.96,54339.87,completed
81,1,4,2,3,2025-10-19,840.1,12.69,48104.19,completed
82,1,1,2,1,2025-10-10,860.4,13.24,53672.59,completed
83,1,3,2,7,2025-09-26,816.5,15.68,43165.34,completed
84,1,3,2,7,2025-10-16,790.1,14.49,39917.57,completed
85,1,14,2,4,2025-09-22,842.6,15.24,60126.84,completed
86,1,1,1,4,2025-10-09,142.5,3.74,21186.95,completed
87,1,14,1,8,2025-09-28,143.1,3.68,22525.47,completed
88,1,3,1,3,2025-09-23,154.3,3.65,21117.17,completed
89,1,14,2,7,2025-09-26,845.8,14.8,39866.08,completed
90,1,14,1,5,2025-10-09,152.4,3.65,17858.41,completed
91,1,5,1,6,2025-10-03,141.6,3.72,20439.62,completed
92,1,4,1,7,2025-09-23,146.0,3.93,17192.34,completed
93,1,4,2,3,2025-09-25,868.6,13.55,54405.3,completed
94,1,4,2,8,2025-10-16,810.8,15.58,55930.13,completed
95,1,4,1,5,2025-09-27,149.0,3.73,17673.1,completed
96,1,4,2,1,2025-10-17,829.0,13.84,52544.4,completed
97,1,3,2,6,2025-10-18,861.5,14.55,50451.93,completed
98,1,2,1,2,2025-10-13,148.8,3.36,17875.1,completed
99,1,4,2,8,2025-10-15,812.9,14.02,48298.36,completed
100,1,14,1,5,2025-10-08,148.8,3.45,16389.12,completed
101,1,14,2,6,2025-11-03,809.4,13.02,47232.07,completed
102,1,1,1,6,2025-11-12,151.9,3.31,19942.02,completed
103,1,3,1,8,2025-11-12,151.9,3.67,21767.15,completed
104,1,3,1,4,2025-10-27,145.1,3.77,22136.45,completed
105,1,1,1,5,2025-10-21,150.9,3.26,17009.61,completed
106,1,1,2,2,2025-11-07,828.2,13.79,43575.76,completed
107,1,4,1,5,2025-10-23,146.5,3.21,17914.24,completed
108,1,2,1,3,2025-11-14,145.1,4.02,21051.29,completed
109,1,5,1,7,2025-11-08,143.9,3.61,18437.17,completed
110,1,3,2,8,2025-11-16,824.1,14.59,54406.51,completed
111,1,2,1,2,2025-11-09,150.4,3.29,17163.21,completed
112,1,2,1,2,2025-10-20,150.8,3.56,17882.71,completed
113,1,3,1,4,2025-11-11,153.3,3.21,21780.5,completed
114,1,14,1,5,2025-11-07,154.4,3.52,17372.54,completed
115,1,3,1,3,2025-11-15,141.5,3.84,19302.42,completed
116,1,1,2,8,2025-11-03,846.6,15.9,55477.35,completed
117,1,1,2,8,2025-11-08,824.4,13.73,48540.19,completed
118,1,1,2,1,2025-10-27,857.9,14.61,59480.21,completed
119,1,5,1,5,2025-10-21,143.2,3.6,17715.62,completed
120,1,2,2,5,2025-11-07,856.1,15.99,41535.47,completed
121,1,4,2,6,2025-10-30,797.2,13.16,47728.48,completed
122,1,3,2,8,2025-11-10,856.0,14.53,58220.01,completed
123,1,3,2,2,2025-10-28,869.0,14.01,43930.38,completed
124,1,4,1,8,2025-10-21,146.0,3.81,20047.85,completed
125,1,2,2,1,2025-10-28,865.5,14.13,54986.0,completed
126,1,1,2,2,2025-11-09,808.4,13.15,46531.6,completed
127,1,1,1,7,2025-10-27,154.1,3.55,19139.42,completed
128,1,4,1,3,2025-11-18,148.1,3.39,21690.64,completed
129,1,2,2,8,2025-11-03,820.3,15.83,54008.13,completed
130,1,3,1,2,2025-11-13,146.7,3.97,19272.55,completed
131,1,3,2,1,2025-11-12,837.2,16.1,52256.27,completed
132,1,4,2,3,2025-11-06,816.1,15.27,51812.23,completed
133,1,3,2,8,2025-11-16,846.4,14.6,50131.07,completed
134,1,1,1,7,2025-10-30,151.0,3.86,18276.75,completed
135,1,4,2,3,2025-10-21,868.6,13.76,48089.83,completed
136,1,1,1,8,2025-11-05,140.8,3.28,23139.38,completed
137,1,4,1,2,2025-11-14,145.6,3.76,19925.4,completed
138,1,14,1,6,2025-11-16,154.7,3.7,19933.14,completed
139,1,5,2,1,2025-10-22,845.3,13.61,51561.65,completed
140,1,4,1,2,2025-10-23,151.0,3.24,19164.58,completed
141,1,1,1,5,2025-10-21,141.4,3.46,16238.85,completed
142,1,2,2,3,2025-11-05,845.1,13.23,51060.78,completed
143,1,5,1,2,2025-11-16,150.7,3.59,17788.09,completed
144,1,4,1,4,2025-11-09,144.4,3.16,21649.61,completed
145,1,14,2,5,2025-11-06,825.2,13.81,39196.86,completed
146,1,14,2,7,2025-10-28,813.6,16.1,43183.95,completed
147,1,2,2,2,2025-11-01,836.2,16.07,46195.07,completed
148,1,14,2,1,2025-11-01,835.5,15.0,51994.09,completed
149,1,3,1,8,2025-11-13,149.6,3.46,22662.16,completed
150,1,14,1,5,2025-11-13,150.4,3.88,17573.64,completed
151,1,3,1,1,2025-12-14,149.2,3.79,21522.23,completed
152,1,3,1,5,2025-12-12,143.6,3.84,16545.58,completed
153,1,2,2,5,2025-11-27,866.9,15.99,45559.22,completed
154,1,1,2,6,2025-12-03,800.2,15.98,54082.64,completed
155,1,1,2,6,2025-12-14,810.5,13.03,48456.29,completed
156,1,5,2,5,2025-12-01,866.5,12.98,44788.14,completed
157,1,1,1,8,2025-12-08,148.9,3.95,23027.3,completed
158,1,14,1,2,2025-12-15,151.0,3.72,18085.82,completed
159,1,1,1,3,2025-11-20,147.9,3.24,19976.55,completed
160,1,4,1,7,2025-11-30,151.6,3.98,18018.11,completed
161,1,4,2,3,2025-12-09,829.1,14.03,47806.83,completed
162,1,14,2,1,2025-11-30,825.4,13.43,51371.07,completed
163,1,14,2,2,2025-11-30,869.7,13.86,45945.0,completed
164,1,2,2,5,2025-11-22,856.9,12.92,45853.43,completed
165,1,1,1,1,2025-12-14,155.2,3.84,21054.77,completed
166,1,5,1,2,2025-11-25,152.6,3.35,18530.71,completed
167,1,3,1,1,2025-12-16,155.2,3.62,23888.43,completed
168,1,14,1,2,2025-12-16,140.8,3.84,16488.32,completed
169,1,1,1,6,2025-11-24,142.5,3.52,18870.86,completed
170,1,4,1,2,2025-12-03,148.2,3.25,19228.87,completed
171,1,14,1,1,2025-12-14,150.4,3.41,23560.52,completed
172,1,4,1,1,2025-12-16,150.8,3.58,21351.44,completed
173,1,1,2,2,2025-11-29,794.0,13.56,46526.37,completed
174,1,5,2,7,2025-12-05,830.5,14.11,41773.15,completed
175,1,4,1,4,2025-12-03,146.7,3.87,24537.37,completed
176,1,14,2,7,2025-11-22,814.4,13.49,41926.92,completed
177,1,1,1,8,2025-11-21,142.0,3.23,22802.92,completed
178,1,5,2,3,2025-11-20,835.1,13.75,52873.8,completed
179,1,3,1,7,2025-12-16,151.7,3.91,18000.18,completed
180,1,5,1,5,2025-11-28,149.2,3.34,16330.64,completed
181,1,1,2,4,2025-11-30,819.0,15.27,60857.08,completed
182,1,5,1,7,2025-12-13,149.7,3.71,18533.65,completed
183,1,1,1,5,2025-11-24,151.9,3.96,16066.83,completed
184,1,2,2,1,2025-12-16,843.1,12.84,50565.01,completed
185,1,14,1,2,2025-12-05,146.8,3.45,17178.17,completed
186,1,14,2,5,2025-11-29,835.6,12.9,44404.57,completed
187,1,2,1,3,2025-12-13,150.6,3.39,21279.97,completed
188,1,5,2,8,2025-12-03,806.4,14.39,52542.45,completed
189,1,1,2,7,2025-11-28,837.7,14.44,45112.63,completed
190,1,2,2,1,2025-12-01,793.0,13.32,59725.61,completed
191,1,3,1,3,2025-11-28,140.7,3.8,20075.33,completed
192,1,4,1,3,2025-12-06,148.0,3.88,21636.87,completed
193,1,4,2,2,2025-12-16,824.7,14.21,47744.51,completed
194,1,5,1,6,2025-12-02,151.1,3.52,20090.66,completed
195,1,1,1,7,2025-11-29,154.6,3.55,16280.54,completed
196,1,4,2,2,2025-12-16,824.7,14.0,41950.2,completed
197,1,3,1,7,2025-12-12,145.5,3.3,16864.74,completed
198,1,3,1,4,2025-11-30,152.7,3.86,23805.48,completed
199,1,2,1,2,2025-11-27,149.5,3.82,17113.1,completed
200,1,14,1,3,2025-12-04,148.9,3.66,20640.12,completed
201,1,2,2,6,2026-01-02,825.2,13.66,45226.03,completed
202,1,3,2,1,2026-01-04,826.8,12.73,49812.94,completed
203,1,1,2,5,2026-01-08,859.5,14.75,45140.16,completed
204,1,5,2,8,2026-01-05,849.8,12.74,58316.64,completed
205,1,5,1,6,2026-01-03,154.8,3.54,19805.41,completed
206,1,5,2,2,2026-01-08,809.1,14.13,42557.67,completed
207,1,3,2,3,2025-12-30,820.7,15.31,56319.45,completed
208,1,1,1,6,2025-12-29,150.6,3.4,18194.24,completed
209,1,1,1,6,2026-01-06,154.2,3.42,20447.9,completed
210,1,5,2,3,2026-01-10,814.2,13.92,56528.03,completed
211,1,14,2,3,2026-01-10,849.8,15.0,55394.53,completed
212,1,5,1,7,2025-12-30,145.2,3.98,15745.13,completed
213,1,2,2,8,2025-12-26,801.4,13.64,58805.75,completed
214,1,14,1,1,2025-12-29,149.7,3.67,23419.57,completed
215,1,2,1,3,2026-01-14,149.8,3.94,21591.85,completed
216,1,4,2,1,2025-12-30,808.2,14.15,56370.59,completed
217,1,2,2,8,2026-01-05,868.6,15.35,50671.19,completed
218,1,14,1,6,2026-01-06,147.4,3.4,21718.38,completed
219,1,2,2,7,2026-01-14,838.7,15.66,40943.77,completed
220,1,3,1,8,2026-01-05,151.1,3.6,23241.39,completed
221,1,1,1,5,2026-01-12,147.2,3.6,15686.61,completed
222,1,2,2,2,2026-01-14,817.5,12.69,45094.87,completed
223,1,5,1,7,2025-12-30,155.3,3.48,16503.24,completed
224,1,1,1,6,2026-01-14,145.6,3.28,20650.23,completed
225,1,4,1,5,2026-01-10,151.8,3.56,17944.52,completed
226,1,1,1,2,2025-12-27,142.8,3.97,17180.07,completed
227,1,3,2,2,2025-12-26,792.5,14.07,43728.89,completed
228,1,1,2,2,2026-01-14,838.0,12.66,49230.08,completed
229,1,3,1,3,2026-01-01,145.8,3.65,18717.5,completed
230,1,5,1,2,2025-12-30,148.4,3.59,16640.97,completed
231,1,4,1,7,2025-12-20,155.1,3.37,17896.79,completed
232,1,1,1,6,2025-12-30,150.3,3.24,18774.86,completed
233,1,1,2,3,2025-12-30,856.0,13.21,52453.31,completed
234,1,14,2,8,2025-12-24,793.7,15.32,56790.53,completed
235,1,3,2,1,2025-12-25,805.1,12.75,49482.05,completed
236,1,5,2,7,2026-01-03,851.0,13.27,41410.87,completed
237,1,14,2,1,2025-12-29,854.8,14.13,51980.33,completed
238,1,4,2,8,2025-12-29,829.7,14.34,58525.05,completed
239,1,14,2,2,2026-01-01,838.5,15.48,41704.87,completed
240,1,1,2,6,2025-12-21,813.0,14.16,47796.41,completed
241,1,14,2,3,2026-01-02,792.0,15.65,50431.83,completed
242,1,3,2,7,2026-01-08,867.2,12.86,47742.0,completed
243,1,5,2,6,2026-01-13,801.8,12.71,51973.99,completed
244,1,2,2,1,2025-12-21,842.0,13.87,51574.99,completed
245,1,14,1,3,2026-01-02,146.1,3.82,22656.21,completed
246,1,4,1,6,2025-12-29,144.3,3.25,20392.26,completed
247,1,5,1,8,2025-12-31,142.3,3.83,23152.64,completed
248,1,5,2,4,2025-12-28,871.4,13.3,59133.47,completed
249,1,4,1,2,2025-12-24,147.2,3.23,19668.47,completed
250,1,14,2,6,2025-12-21,812.6,13.65,49994.97,completed
251,1,3,1,3,2026-02-03,155.2,3.84,19643.4,completed
252,1,1,1,8,2026-01-29,146.1,3.85,21615.04,completed
253,1,1,1,2,2026-01-27,151.2,3.57,17844.98,completed
254,1,5,2,7,2026-01-20,814.8,12.86,40295.85,completed
255,1,2,2,6,2026-02-15,834.3,14.66,52757.63,completed
256,1,5,1,7,2026-02-16,152.9,3.6,18707.14,completed
257,1,2,2,3,2026-01-28,807.2,15.92,56494.1,completed
258,1,3,2,2,2026-01-24,834.2,13.04,46770.1,completed
259,1,5,2,2,2026-02-07,866.7,13.14,42521.94,completed
260,1,1,2,1,2026-01-20,841.7,14.62,49500.08,completed
261,1,5,1,7,2026-02-07,153.8,3.63,15787.14,completed
262,1,2,2,8,2026-02-12,822.2,14.19,56746.18,completed
263,1,4,1,3,2026-01-31,143.6,3.68,20724.52,completed
264,1,14,2,6,2026-02-14,821.6,15.26,47969.17,completed
265,1,2,1,6,2026-02-01,147.3,3.27,18305.19,completed
266,1,4,1,5,2026-02-14,144.3,3.91,17218.36,completed
267,1,5,1,6,2026-02-10,151.9,3.59,19058.35,completed
268,1,3,2,8,2026-02-02,867.0,14.37,48361.8,completed
269,1,5,1,4,2026-01-29,144.8,3.67,20714.59,completed
270,1,5,2,5,2026-01-18,824.3,15.69,44996.46,completed
271,1,3,2,7,2026-01-19,835.8,13.28,42693.87,completed
272,1,4,2,2,2026-02-03,834.1,15.49,45087.83,completed
273,1,1,1,3,2026-01-30,155.2,3.64,20262.76,completed
274,1,2,2,3,2026-02-06,830.0,12.76,52069.83,completed
275,1,4,1,6,2026-02-03,149.6,3.6,19629.67,completed
276,1,2,2,6,2026-01-30,849.9,13.65,54357.1,completed
277,1,14,2,8,2026-02-05,856.2,13.89,51319.36,completed
278,1,5,1,7,2026-01-27,151.3,3.75,18458.13,completed
279,1,3,1,8,2026-02-07,152.1,3.66,22593.92,completed
280,1,2,1,8,2026-02-03,149.8,3.89,21935.82,completed
281,1,1,1,4,2026-02-05,142.2,3.17,24811.13,completed
282,1,2,2,7,2026-01-31,822.6,15.31,45219.64,completed
283,1,14,2,1,2026-01-22,835.1,16.09,54653.46,completed
284,1,3,2,7,2026-01-23,832.7,14.51,43208.59,completed
285,1,2,2,8,2026-01-25,813.3,15.9,51097.14,completed
286,1,14,2,5,2026-01-24,829.1,14.28,43675.87,completed
287,1,1,2,5,2026-02-05,820.0,16.03,43561.28,completed
288,1,3,2,3,2026-01-19,847.8,13.81,49767.42,completed
289,1,14,2,5,2026-02-02,857.2,13.55,39668.2,completed
290,1,1,2,3,2026-02-06,808.4,12.78,54479.06,completed
291,1,1,1,4,2026-01-21,151.2,3.24,22375.17,completed
292,1,5,1,1,2026-02-16,150.3,3.92,20289.99,completed
293,1,14,2,8,2026-01-24,812.3,13.6,56196.2,completed
294,1,14,1,2,2026-02-05,151.5,3.89,17240.42,completed
295,1,4,1,3,2026-02-15,154.4,3.18,22193.76,completed
296,1,2,2,8,2026-02-16,860.9,13.61,56122.34,completed
297,1,3,1,1,2026-02-05,154.3,3.44,22227.72,completed
298,1,2,2,8,2026-02-14,811.1,15.43,53505.04,completed
299,1,14,2,3,2026-02-01,848.1,12.65,53516.43,completed
300,1,5,2,5,2026-02-08,803.1,15.6,44240.03,completed
301,1,5,2,7,2026-02-27,844.0,13.25,39959.66,completed
302,1,3,1,8,2026-03-18,144.5,3.36,20306.45,completed
303,1,3,2,6,2026-03-07,789.4,14.89,51706.54,completed
304,1,14,1,1,2026-02-20,143.0,3.75,21629.26,completed
305,1,14,2,2,2026-03-18,819.0,13.37,49553.31,completed
306,1,2,1,8,2026-03-03,149.6,3.51,22443.51,completed
307,1,2,2,4,2026-03-10,861.0,12.89,59825.21,completed
308,1,1,2,6,2026-03-18,793.6,14.52,50135.27,completed
309,1,2,1,3,2026-02-27,147.1,3.75,22263.95,completed
310,1,5,2,2,2026-03-03,826.1,14.4,48351.57,completed
311,1,5,2,1,2026-03-03,814.1,12.68,56331.44,completed
312,1,14,2,1,2026-02-23,792.3,13.81,55302.81,completed
313,1,1,1,1,2026-03-18,144.8,3.31,21658.34,completed
314,1,3,1,7,2026-03-17,153.5,3.94,17014.46,completed
315,1,14,2,2,2026-03-10,799.5,15.61,48951.44,completed
316,1,5,1,3,2026-03-01,151.4,3.34,20909.93,completed
317,1,3,1,1,2026-03-03,148.7,3.62,22535.77,completed
318,1,4,1,4,2026-02-28,143.4,3.92,21199.42,completed
319,1,14,1,1,2026-03-02,154.5,3.93,22280.61,completed
320,1,1,1,4,2026-02-20,147.2,3.74,23197.82,completed
321,1,14,1,4,2026-02-18,144.1,3.34,22324.92,completed
322,1,5,1,3,2026-02-26,154.2,3.65,19684.64,completed
323,1,3,2,4,2026-03-17,843.3,13.37,52863.52,completed
324,1,1,2,5,2026-03-06,861.5,15.79,45849.3,completed
325,1,1,2,8,2026-02-28,844.2,15.35,58181.44,completed
326,1,4,2,7,2026-02-21,803.8,14.48,41816.63,completed
327,1,3,1,4,2026-03-16,152.5,3.95,23715.3,completed
328,1,5,2,7,2026-03-05,808.7,13.31,40372.22,completed
329,1,3,1,8,2026-02-19,152.9,3.2,21536.41,completed
330,1,1,2,1,2026-02-23,837.3,14.95,57767.65,completed
331,1,2,1,8,2026-03-16,145.1,3.95,23124.8,completed
332,1,14,1,4,2026-02-20,151.8,3.95,23894.29,completed
333,1,2,1,7,2026-03-06,144.8,3.56,16802.36,completed
334,1,3,2,5,2026-02-28,829.8,12.95,42182.85,completed
335,1,2,2,6,2026-02-28,792.3,15.62,47647.93,completed
336,1,3,1,1,2026-03-06,149.2,3.52,23673.81,completed
337,1,3,1,4,2026-02-24,152.9,3.59,22222.79,completed
338,1,4,2,5,2026-03-12,829.2,13.19,43267.36,completed
339,1,2,2,3,2026-03-12,803.8,15.71,52458.85,completed
340,1,1,1,1,2026-03-15,151.9,3.51,22512.75,completed
341,1,14,1,2,2026-02-21,148.1,3.48,16427.7,completed
342,1,1,2,8,2026-02-17,822.6,12.66,53804.42,completed
343,1,1,2,5,2026-03-05,844.4,15.42,44710.22,completed
344,1,1,1,2,2026-03-05,143.4,3.61,16936.86,completed
345,1,4,2,5,2026-02-19,822.2,14.58,41006.73,completed
346,1,14,1,5,2026-03-15,150.3,3.9,18000.92,completed
347,1,4,1,2,2026-03-01,147.6,3.71,17768.5,completed
348,1,4,1,2,2026-03-16,152.2,3.65,17975.22,completed
349,1,2,1,1,2026-02-23,150.8,3.65,23527.95,completed
350,1,1,2,1,2026-03-10,863.1,14.57,59084.62,completed
351,1,3,1,3,2026-03-19,149.3,3.81,22708.79,completed
352,1,3,2,2,2026-03-24,835.5,15.57,46122.53,completed
353,1,14,2,7,2026-03-23,845.7,12.87,46090.82,completed
354,1,1,2,1,2026-04-01,794.8,14.72,51533.05,completed
355,1,1,2,6,2026-04-08,870.9,14.32,47255.94,completed
356,1,4,2,7,2026-03-24,843.3,12.9,45125.5,completed
357,1,14,2,4,2026-03-21,801.3,15.09,52166.5,completed
358,1,3,1,7,2026-03-30,140.7,3.42,16052.91,completed
359,1,1,2,5,2026-03-23,824.3,14.55,38602.11,completed
360,1,1,2,2,2026-03-21,796.2,14.69,44209.45,completed
361,1,1,2,7,2026-03-28,853.2,15.14,42809.11,completed
362,1,14,1,3,2026-03-31,144.6,3.38,19415.79,completed
363,1,2,1,2,2026-04-01,145.0,3.83,17399.78,completed
364,1,2,2,5,2026-04-11,837.8,13.28,43127.16,completed
365,1,3,1,3,2026-03-19,145.5,3.69,22656.21,completed
366,1,3,2,8,2026-04-01,859.8,16.01,56833.06,completed
367,1,3,1,5,2026-04-07,143.6,3.42,18335.54,completed
368,1,3,2,6,2026-04-11,829.3,14.62,51430.08,completed
369,1,4,1,6,2026-03-27,146.4,3.25,21053.32,completed
370,1,14,1,3,2026-04-12,154.7,3.55,20998.31,completed
371,1,3,1,8,2026-04-14,152.7,3.85,22208.72,completed
372,1,2,2,8,2026-04-08,809.5,13.14,51351.89,completed
373,1,1,2,7,2026-04-02,828.3,14.0,47834.98,completed
374,1,3,2,1,2026-04-10,833.1,14.83,58757.01,completed
375,1,2,1,2,2026-04-09,143.1,3.69,18816.01,completed
376,1,4,2,6,2026-03-22,810.0,14.39,44654.42,completed
377,1,3,1,8,2026-03-31,150.7,3.75,21226.03,completed
378,1,1,1,6,2026-04-03,146.8,3.99,18234.02,completed
379,1,3,1,3,2026-03-28,152.2,3.61,20137.47,completed
380,1,1,2,8,2026-04-02,826.1,12.84,55833.56,completed
381,1,1,1,2,2026-04-15,142.2,3.85,17644.3,completed
382,1,5,1,3,2026-03-24,146.9,3.55,20087.25,completed
383,1,2,2,3,2026-04-08,821.3,15.18,53610.22,completed
384,1,5,1,8,2026-04-01,151.0,3.33,20908.57,completed
385,1,5,1,2,2026-03-24,143.5,3.25,17727.06,completed
386,1,5,2,6,2026-03-31,837.2,13.82,50601.95,completed
387,1,14,2,3,2026-04-10,864.8,14.67,55099.88,completed
388,1,1,1,6,2026-03-26,143.3,3.76,19029.3,completed
389,1,5,2,7,2026-03-23,823.6,14.3,44211.71,completed
390,1,4,1,3,2026-03-28,145.3,3.54,19294.35,completed
391,1,1,1,6,2026-04-03,152.7,3.99,18360.68,completed
392,1,14,2,7,2026-04-03,858.2,14.31,42824.97,completed
393,1,2,1,1,2026-03-28,143.9,3.4,19744.42,completed
394,1,5,2,8,2026-04-04,798.0,15.31,49324.45,completed
395,1,14,2,1,2026-04-02,870.7,12.96,54954.79,completed
396,1,1,1,5,2026-04-02,153.4,3.23,16031.64,completed
397,1,2,1,4,2026-04-13,150.8,3.9,23852.09,completed
398,1,5,2,3,2026-03-23,856.0,15.42,54936.01,completed
399,1,5,2,5,2026-04-05,869.8,13.62,39284.4,completed
400,1,2,2,2,2026-04-12,864.8,16.07,48142.07,completed
401,1,2,1,3,2026-04-22,152.9,3.82,21668.98,completed
402,1,2,2,8,2026-05-06,840.6,13.91,54875.64,completed
403,1,4,1,2,2026-05-04,150.9,3.92,19126.08,completed
404,1,3,2,8,2026-05-06,852.8,15.16,48140.44,completed
405,1,1,2,6,2026-05-13,806.6,14.1,49840.8,completed
406,1,3,1,8,2026-04-28,145.6,3.66,22788.26,completed
407,1,14,2,6,2026-05-12,796.8,15.34,45029.25,completed
408,1,1,2,1,2026-05-17,825.1,12.6,58344.83,completed
409,1,14,2,4,2026-05-17,842.4,13.16,52734.33,completed
410,1,14,2,2,2026-04-29,819.4,15.76,43266.55,completed
411,1,4,1,1,2026-05-08,151.0,3.35,20932.8,completed
412,1,1,1,2,2026-04-24,142.6,3.35,18131.5,completed
413,1,1,2,1,2026-05-10,798.5,15.61,52746.52,completed
414,1,1,1,8,2026-04-25,151.4,3.24,20883.91,completed
415,1,3,2,6,2026-04-22,856.0,15.66,48338.94,completed
416,1,5,1,2,2026-05-06,150.2,3.54,16425.28,completed
417,1,4,1,3,2026-05-07,153.3,3.23,21565.74,completed
418,1,1,1,3,2026-05-06,145.8,3.53,21746.38,completed
419,1,3,1,4,2026-05-08,148.8,3.68,20876.67,completed
420,1,14,2,1,2026-05-16,831.5,14.38,52289.96,completed
421,1,14,2,5,2026-04-19,854.4,13.44,44463.19,completed
422,1,2,2,2,2026-05-03,794.4,15.71,46797.65,completed
423,1,3,1,6,2026-04-22,153.0,3.52,19351.88,completed
424,1,1,1,8,2026-04-18,140.8,3.34,21757.64,completed
425,1,5,1,7,2026-04-27,148.0,3.51,17872.04,completed
426,1,14,2,2,2026-05-05,801.2,12.89,45882.97,completed
427,1,2,1,4,2026-05-05,149.3,3.82,21981.02,completed
428,1,14,1,5,2026-05-01,153.1,3.2,17604.04,completed
429,1,1,1,7,2026-05-02,141.4,3.73,17815.33,completed
430,1,1,1,2,2026-05-10,140.8,3.58,16894.29,completed
431,1,2,2,5,2026-04-29,853.3,13.54,38935.62,completed
432,1,3,1,1,2026-05-13,148.4,3.38,21472.14,completed
433,1,4,1,8,2026-05-04,148.0,3.65,20785.78,completed
434,1,3,2,3,2026-05-12,836.1,15.13,47847.2,completed
435,1,1,1,1,2026-05-15,144.2,3.56,23360.92,completed
436,1,2,2,3,2026-05-17,791.4,15.41,56760.26,completed
437,1,3,2,4,2026-04-25,848.3,13.55,55971.58,completed
438,1,1,1,6,2026-05-04,141.4,3.35,20486.37,completed
439,1,1,1,7,2026-05-16,144.8,3.89,17302.36,completed
440,1,5,2,2,2026-05-02,805.2,14.57,41058.58,completed
441,1,4,2,4,2026-04-29,829.4,15.3,57968.9,completed
442,1,2,1,4,2026-04-18,141.0,3.62,24739.14,completed
443,1,1,1,6,2026-05-12,153.2,3.79,20422.92,completed
444,1,5,1,4,2026-04-25,154.8,4.0,22404.84,completed
445,1,1,1,5,2026-04-19,153.9,3.6,18248.01,completed
446,1,14,2,8,2026-04-20,830.5,14.83,54323.6,completed
447,1,5,2,2,2026-05-06,843.5,13.06,41553.27,completed
448,1,3,2,5,2026-05-17,846.7,15.17,44606.37,completed
449,1,3,2,8,2026-04-25,805.3,15.33,48912.56,completed
450,1,1,1,3,2026-04-23,145.2,3.26,20580.3,completed
451,1,4,2,4,2026-05-27,859.3,12.92,56507.7,completed
452,1,2,2,1,2026-06-13,800.8,15.09,58333.08,completed
453,1,5,2,7,2026-05-19,810.1,16.07,45103.62,completed
454,1,4,1,7,2026-06-04,144.3,3.55,18288.5,completed
455,1,1,1,2,2026-05-19,155.1,3.26,19419.61,completed
456,1,14,2,6,2026-06-07,795.5,14.65,53831.99,completed
457,1,1,1,1,2026-05-24,147.2,3.26,23533.27,completed
458,1,1,2,2,2026-06-01,865.2,14.12,41447.21,completed
459,1,1,2,8,2026-05-30,802.8,13.35,55418.91,completed
460,1,3,1,5,2026-06-01,141.1,3.69,18120.6,completed
461,1,4,1,5,2026-05-31,147.7,3.23,18118.43,completed
462,1,4,2,3,2026-05-24,854.7,13.47,53457.87,completed
463,1,14,1,7,2026-05-29,152.2,3.45,17353.2,completed
464,1,3,2,7,2026-05-23,838.1,12.7,39431.06,completed
465,1,4,2,1,2026-06-03,837.0,13.41,52897.44,completed
466,1,2,1,2,2026-06-08,148.5,3.84,17272.97,completed
467,1,5,1,4,2026-06-14,146.3,3.97,24968.05,completed
468,1,2,1,3,2026-06-05,151.5,3.46,20033.26,completed
469,1,5,1,6,2026-06-05,154.6,3.88,18382.73,completed
470,1,2,2,5,2026-06-02,793.2,14.71,38186.96,completed
471,1,1,1,8,2026-05-28,143.6,3.26,23171.26,completed
472,1,1,1,6,2026-05-18,151.0,3.27,18404.94,completed
473,1,1,1,6,2026-05-29,150.4,3.66,20609.97,completed
474,1,3,2,5,2026-05-22,849.3,14.13,46079.37,completed
475,1,2,2,6,2026-06-09,846.1,15.85,54140.55,completed
476,1,14,2,4,2026-06-05,819.9,15.17,60505.06,completed
477,1,2,2,3,2026-06-10,846.8,14.6,46796.19,completed
478,1,5,1,3,2026-05-28,154.9,3.34,22540.68,completed
479,1,2,1,8,2026-05-28,144.1,4.01,22433.28,completed
480,1,14,1,2,2026-06-08,153.7,3.54,18722.78,completed
481,1,2,2,4,2026-06-09,809.8,12.98,52004.34,completed
482,1,4,1,1,2026-06-01,154.9,3.92,22793.14,completed
483,1,3,2,7,2026-06-04,857.3,15.36,42474.03,completed
484,1,4,1,3,2026-05-20,141.1,3.17,22034.05,completed
485,1,1,2,2,2026-05-28,819.7,15.16,42535.32,completed
486,1,5,1,6,2026-06-06,151.0,3.53,21357.18,completed
487,1,2,1,7,2026-05-19,143.6,3.32,16034.46,completed
488,1,3,2,5,2026-05-25,821.1,14.52,38674.63,completed
489,1,1,2,3,2026-05-29,795.8,15.48,46817.16,completed
490,1,1,2,4,2026-05-18,841.5,16.02,53588.66,completed
491,1,3,2,2,2026-06-12,829.1,14.91,44606.13,completed
492,1,2,1,7,2026-05-29,146.1,3.54,18767.36,completed
493,1,4,2,8,2026-05-26,810.8,12.82,50532.98,completed
494,1,14,1,2,2026-05-29,146.7,3.81,19338.76,completed
495,1,4,1,1,2026-06-13,154.9,3.75,21878.37,completed
496,1,4,2,4,2026-05-27,863.4,15.1,52131.4,completed
497,1,4,1,2,2026-05-23,143.1,3.34,19852.02,completed
498,1,1,1,3,2026-05-31,150.7,3.33,19036.86,completed
499,1,3,1,5,2026-06-16,152.5,3.23,17594.43,completed
500,1,3,2,6,2026-06-03,861.0,15.35,49085.76,completed
501,1,4,2,2,2026-06-21,837.3,15.25,42335.8,completed
502,1,5,1,2,2026-07-11,144.8,3.62,16762.33,completed
503,1,3,2,7,2026-06-29,836.0,14.26,44908.51,completed
504,1,4,1,5,2026-06-21,150.7,3.5,17228.01,completed
505,1,14,2,6,2026-06-24,827.9,13.54,45037.98,completed
506,1,3,2,1,2026-07-13,814.3,15.55,57647.87,completed
507,1,2,1,4,2026-06-26,147.2,3.87,24929.6,completed
508,1,5,2,7,2026-07-07,825.2,15.8,39981.87,completed
509,1,5,2,8,2026-07-14,793.2,15.37,52111.85,completed
510,1,14,1,5,2026-07-03,152.2,3.61,16504.79,completed
511,1,2,1,3,2026-07-15,153.0,3.37,22174.32,completed
512,1,3,2,1,2026-07-09,819.1,14.22,51173.31,completed
513,1,14,2,2,2026-06-17,829.1,14.16,43189.57,completed
514,1,3,2,6,2026-06-22,810.0,15.51,52842.77,completed
515,1,1,1,5,2026-06-29,153.2,3.83,15314.13,completed
516,1,14,1,4,2026-06-24,144.6,3.51,23579.22,completed
517,1,4,1,1,2026-07-16,143.2,3.85,20178.36,completed
518,1,5,1,5,2026-07-12,151.1,3.77,18321.15,completed
519,1,4,2,7,2026-07-14,809.4,14.23,42241.95,completed
520,1,1,2,2,2026-07-03,868.7,15.54,50088.8,completed
521,1,14,2,5,2026-06-20,816.4,13.57,41921.33,completed
522,1,3,2,5,2026-07-07,862.6,13.65,43851.35,completed
523,1,1,1,4,2026-07-12,152.6,3.5,24397.21,completed
524,1,14,2,3,2026-06-17,871.3,13.51,53590.39,completed
525,1,4,2,7,2026-07-10,847.3,14.6,39511.7,completed
526,1,14,1,6,2026-07-09,148.5,3.84,18700.56,completed
527,1,2,2,5,2026-07-13,834.8,13.63,43401.33,completed
528,1,14,2,3,2026-06-25,834.9,15.79,54315.82,completed
529,1,2,2,2,2026-06-28,860.8,14.07,43020.07,completed
530,1,3,2,6,2026-07-05,859.2,14.25,47461.11,completed
531,1,2,1,8,2026-07-03,150.7,3.61,19758.03,completed
532,1,2,2,1,2026-06-21,816.9,16.06,59811.67,completed
533,1,3,2,3,2026-07-14,853.2,14.31,54216.87,completed
534,1,14,1,6,2026-06-18,144.6,3.82,17838.67,completed
535,1,4,1,3,2026-07-12,141.9,3.69,21885.92,completed
536,1,4,2,7,2026-07-02,791.6,13.3,42543.45,completed
537,1,3,2,1,2026-07-11,804.3,14.97,58078.86,completed
538,1,14,1,4,2026-07-15,142.5,3.49,22061.17,completed
539,1,1,2,3,2026-07-13,867.2,14.2,47252.74,completed
540,1,14,2,7,2026-06-21,863.3,13.86,42189.89,completed
541,1,4,1,3,2026-06-17,151.4,3.26,19660.76,completed
542,1,1,1,3,2026-06-28,152.3,3.48,21667.8,completed
543,1,5,2,1,2026-06-18,842.7,12.67,56213.85,completed
544,1,4,1,7,2026-06-29,144.3,3.76,16112.3,completed
545,1,3,1,1,2026-06-30,150.4,3.39,22484.21,completed
546,1,1,1,7,2026-07-03,142.3,3.25,18186.36,completed
547,1,2,1,8,2026-07-06,144.5,3.61,20099.89,completed
548,1,14,1,6,2026-06-30,141.2,3.58,18989.59,completed
549,1,3,1,8,2026-06-24,150.5,3.94,19257.31,completed
550,1,1,2,3,2026-07-11,848.6,12.95,52096.68,completed
551,1,4,2,4,2026-07-26,792.7,15.45,54239.56,completed
552,1,3,1,5,2026-08-11,146.9,3.25,17425.0,completed
553,1,2,1,1,2026-08-07,145.5,3.93,22421.2,completed
554,1,3,2,2,2026-08-12,797.9,14.0,44107.52,completed
555,1,4,2,5,2026-08-08,854.9,14.87,45025.9,completed
556,1,2,1,2,2026-08-08,155.1,3.89,19040.86,completed
557,1,5,1,7,2026-08-01,150.6,3.31,18477.33,completed
558,1,5,2,6,2026-07-17,861.5,15.15,53089.5,completed
559,1,4,1,8,2026-07-20,147.1,3.21,23041.66,completed
560,1,14,2,1,2026-08-13,852.2,14.62,56387.65,completed
561,1,5,1,6,2026-08-02,149.7,3.53,20545.44,completed
562,1,3,1,8,2026-08-07,146.3,3.88,22137.98,completed
563,1,14,1,1,2026-08-15,153.2,3.9,20285.58,completed
564,1,4,1,2,2026-07-27,155.0,3.19,17272.02,completed
565,1,4,1,7,2026-08-12,147.4,3.85,16500.53,completed
566,1,4,2,2,2026-07-31,869.9,15.21,43864.69,completed
567,1,4,1,2,2026-07-30,148.7,3.87,16524.94,completed
568,1,14,2,4,2026-08-07,816.8,15.49,56426.43,completed
569,1,3,1,8,2026-08-03,149.5,3.78,22527.69,completed
570,1,1,2,8,2026-07-20,806.9,13.79,56232.65,completed
571,1,14,2,6,2026-07-20,802.1,13.09,45003.2,completed
572,1,3,2,2,2026-08-05,798.5,15.58,42770.45,completed
573,1,2,1,8,2026-08-08,151.8,3.19,20690.87,completed
574,1,4,1,8,2026-08-07,148.1,3.99,21765.99,completed
575,1,5,1,1,2026-08-15,149.3,3.96,21487.32,completed
576,1,14,1,3,2026-08-12,146.3,3.68,19244.81,completed
577,1,4,2,7,2026-08-05,851.8,13.56,47183.41,completed
578,1,4,2,5,2026-08-11,822.8,15.05,38989.82,completed
579,1,14,2,6,2026-08-09,841.0,13.3,53811.57,completed
580,1,14,2,6,2026-07-21,842.5,15.95,54265.22,completed
581,1,3,2,2,2026-08-03,835.9,14.94,45361.21,completed
582,1,4,2,5,2026-08-11,797.3,13.93,37974.96,completed
583,1,2,1,1,2026-07-25,143.0,3.4,22869.81,completed
584,1,1,2,3,2026-08-08,805.4,14.49,54930.9,completed
585,1,1,2,8,2026-08-05,849.9,15.63,57395.03,completed
586,1,5,2,4,2026-08-11,846.3,15.03,60304.45,completed
587,1,4,1,7,2026-07-30,155.0,3.42,19015.52,completed
588,1,14,1,1,2026-07-25,153.5,3.9,20486.65,completed
589,1,14,2,4,2026-08-08,819.0,14.66,59310.67,completed
590,1,3,1,4,2026-07-31,150.7,3.31,21301.0,completed
591,1,4,1,2,2026-07-18,148.8,3.26,17955.54,completed
592,1,3,2,1,2026-07-31,801.3,13.14,56733.52,completed
593,1,14,2,1,2026-08-05,813.5,15.36,58186.79,completed
594,1,14,2,2,2026-07-27,867.9,14.42,45771.3,completed
595,1,5,1,7,2026-08-03,145.8,3.92,17087.43,completed
596,1,3,2,6,2026-07-26,851.0,14.46,46712.61,completed
597,1,14,1,2,2026-07-28,154.0,3.69,18018.05,completed
598,1,14,1,1,2026-08-14,154.2,3.98,21000.0,completed
599,1,5,2,5,2026-08-09,864.1,15.48,40247.51,completed
600,1,4,2,8,2026-07-18,842.6,13.72,51283.47,completed
601,2,2,1,2,2025-09-14,140.7,3.21,14683.48,completed
602,2,1,1,7,2025-08-27,151.0,4.0,14044.45,completed
603,2,14,2,2,2025-09-11,826.6,13.76,33909.12,completed
604,2,1,1,2,2025-08-26,148.9,3.65,15430.31,completed
605,2,4,1,5,2025-09-02,146.6,3.43,13332.39,completed
606,2,5,2,2,2025-08-21,839.8,15.25,37462.46,completed
607,2,3,1,2,2025-09-19,144.9,3.75,14581.07,completed
608,2,4,1,5,2025-09-02,150.4,3.56,13181.56,completed
609,2,14,1,3,2025-09-02,153.2,3.41,17619.18,completed
610,2,14,1,5,2025-09-18,152.4,3.79,14579.27,completed
611,2,5,2,1,2025-09-17,798.7,12.62,44039.77,completed
612,2,3,2,2,2025-08-27,863.5,13.8,38241.19,completed
613,2,2,2,3,2025-08-26,857.8,13.28,39258.07,completed
614,2,5,1,1,2025-09-04,141.7,3.74,17928.16,completed
615,2,2,2,2,2025-09-13,867.5,13.85,37019.25,completed
616,2,3,1,2,2025-09-09,143.5,3.58,13318.98,completed
617,2,14,2,5,2025-09-08,835.5,15.43,31319.92,completed
618,2,1,2,3,2025-08-31,806.9,15.19,39469.19,completed
619,2,3,2,5,2025-08-25,816.0,14.28,34868.93,completed
620,2,3,2,6,2025-09-05,803.1,14.72,40009.24,completed
621,2,5,2,3,2025-08-27,862.1,12.87,39611.06,completed
622,2,5,1,1,2025-09-10,149.2,3.5,15790.31,completed
623,2,5,1,1,2025-08-29,155.4,3.56,17575.48,completed
624,2,4,1,6,2025-08-28,149.3,3.9,17080.07,completed
625,2,5,1,8,2025-09-06,146.0,3.16,15706.31,completed
626,2,5,1,3,2025-08-25,143.3,3.98,16453.11,completed
627,2,3,1,8,2025-08-22,147.8,3.21,16145.16,completed
628,2,1,2,4,2025-09-11,863.8,13.86,42869.3,completed
629,2,1,2,8,2025-08-22,815.4,15.06,46878.77,completed
630,2,5,2,5,2025-09-07,819.8,13.92,34132.32,completed
631,2,4,1,5,2025-09-19,146.6,3.87,12717.82,completed
632,2,4,2,8,2025-09-18,830.2,13.09,43659.38,completed
633,2,1,1,4,2025-09-06,143.7,3.31,18738.72,completed
634,2,14,2,2,2025-08-28,815.9,13.0,35809.84,completed
635,2,2,2,8,2025-09-08,857.7,12.68,39870.44,completed
636,2,5,1,3,2025-09-08,149.9,3.18,15504.78,completed
637,2,2,1,1,2025-08-29,148.2,3.5,18896.14,completed
638,2,1,1,5,2025-08-27,155.3,3.91,13327.21,completed
639,2,4,1,4,2025-09-09,149.2,3.82,16914.33,completed
640,2,14,2,3,2025-09-11,826.1,14.67,40271.65,completed
641,2,4,1,7,2025-08-25,143.6,3.9,12847.96,completed
642,2,5,2,3,2025-08-24,863.3,14.7,38897.44,completed
643,2,4,1,2,2025-10-11,149.5,3.87,13495.37,completed
644,2,3,2,7,2025-10-17,832.5,13.4,31665.95,completed
645,2,3,2,7,2025-10-08,863.9,15.53,36971.09,completed
646,2,2,1,7,2025-09-28,144.0,3.9,13875.47,completed
647,2,3,2,7,2025-09-26,850.2,12.62,31401.32,completed
648,2,4,1,1,2025-10-10,152.5,3.51,16397.44,completed
649,2,4,1,3,2025-10-10,144.5,3.62,16915.98,completed
650,2,14,2,5,2025-10-02,822.8,15.34,35376.47,completed
651,2,3,2,3,2025-10-07,809.6,13.67,42036.64,completed
652,2,14,2,7,2025-09-24,843.2,15.22,37322.2,completed
653,2,1,2,3,2025-09-26,853.7,15.4,41649.38,completed
654,2,4,1,3,2025-10-10,141.9,3.28,14986.4,completed
655,2,1,2,2,2025-09-28,795.1,12.73,34404.71,completed
656,2,5,2,7,2025-10-10,847.6,14.69,34994.4,completed
657,2,4,1,8,2025-09-20,150.3,3.85,16086.61,completed
658,2,1,2,4,2025-10-15,831.3,13.41,46446.38,completed
659,2,3,1,1,2025-09-27,155.0,3.23,17964.21,completed
660,2,3,2,7,2025-10-11,837.1,14.41,34117.19,completed
661,2,5,1,2,2025-09-29,148.9,3.66,15231.89,completed
662,2,2,2,5,2025-10-09,826.2,14.01,36777.3,completed
663,2,2,1,5,2025-10-03,148.9,3.59,13480.8,completed
664,2,5,2,2,2025-09-28,856.0,14.61,39172.51,completed
665,2,5,2,7,2025-10-05,851.4,15.96,36729.56,completed
666,2,5,2,8,2025-10-17,798.2,12.84,38725.15,completed
667,2,3,1,4,2025-10-03,148.2,3.16,19875.28,completed
668,2,3,2,4,2025-09-22,850.6,13.8,44619.46,completed
669,2,3,1,8,2025-10-01,149.1,3.31,16144.29,completed
670,2,14,1,8,2025-09-26,144.2,3.38,16200.04,completed
671,2,2,1,4,2025-10-16,142.9,3.24,18648.07,completed
672,2,5,1,8,2025-09-20,148.6,3.19,18011.3,completed
673,2,5,2,6,2025-09-30,870.3,15.74,39539.34,completed
674,2,2,2,8,2025-10-14,811.8,13.38,46326.36,completed
675,2,5,1,1,2025-10-15,154.5,3.18,17156.28,completed
676,2,14,2,7,2025-10-14,869.6,15.04,32581.49,completed
677,2,14,2,6,2025-09-20,806.0,14.63,35733.61,completed
678,2,5,2,6,2025-10-17,834.0,13.43,37696.83,completed
679,2,3,2,6,2025-09-25,806.0,15.05,39590.26,completed
680,2,4,2,6,2025-09-28,835.9,16.03,39209.77,completed
681,2,14,1,2,2025-09-28,148.8,3.9,15459.08,completed
682,2,14,1,3,2025-09-24,140.7,3.52,16542.14,completed
683,2,4,1,6,2025-09-29,153.3,3.19,15051.09,completed
684,2,1,1,3,2025-09-26,147.7,3.7,17675.88,completed
685,2,3,2,6,2025-10-31,834.8,15.44,38493.63,completed
686,2,4,2,1,2025-10-23,844.9,14.72,42262.7,completed
687,2,3,1,5,2025-10-30,147.8,3.79,13930.37,completed
688,2,5,1,7,2025-10-29,154.8,3.91,13838.15,completed
689,2,14,2,7,2025-11-08,859.0,12.85,35347.29,completed
690,2,2,1,6,2025-10-30,144.9,3.38,15259.87,completed
691,2,4,2,5,2025-11-13,818.6,14.65,36102.41,completed
692,2,2,2,7,2025-10-25,798.9,13.42,37316.71,completed
693,2,2,2,2,2025-10-25,796.4,15.88,35681.83,completed
694,2,1,2,1,2025-11-13,852.0,12.89,42662.77,completed
695,2,1,2,3,2025-11-09,820.9,13.4,45169.1,completed
696,2,14,2,8,2025-10-24,858.1,12.7,39614.09,completed
697,2,4,2,6,2025-11-03,833.4,13.55,43361.85,completed
698,2,14,2,3,2025-11-06,838.1,14.81,38894.24,completed
699,2,3,2,5,2025-11-04,855.3,14.15,33927.05,completed
700,2,3,2,7,2025-10-24,788.5,15.45,33478.98,completed
701,2,3,1,6,2025-11-04,150.8,3.58,15951.19,completed
702,2,1,2,5,2025-11-13,812.8,13.41,33191.69,completed
703,2,2,1,6,2025-11-02,147.1,3.37,17050.69,completed
704,2,2,2,7,2025-10-28,840.4,14.41,31915.26,completed
705,2,14,2,5,2025-11-12,810.8,13.26,33875.05,completed
706,2,2,1,3,2025-10-29,147.3,3.55,15335.89,completed
707,2,3,2,4,2025-10-20,869.0,12.68,42371.78,completed
708,2,3,1,5,2025-10-24,151.4,3.35,14043.48,completed
709,2,4,1,1,2025-10-26,145.2,3.85,16873.1,completed
710,2,14,2,8,2025-11-14,795.2,15.23,38762.67,completed
711,2,3,1,1,2025-11-13,148.6,3.31,17049.11,completed
712,2,1,2,7,2025-10-23,847.8,13.95,38155.76,completed
713,2,14,2,4,2025-10-21,849.5,12.93,42800.13,completed
714,2,4,1,8,2025-11-10,154.5,3.29,18685.22,completed
715,2,3,1,2,2025-11-04,143.5,3.93,14976.52,completed
716,2,2,1,2,2025-11-09,140.8,3.85,14380.91,completed
717,2,2,1,7,2025-10-20,149.2,3.75,15246.24,completed
718,2,1,1,6,2025-10-27,142.0,3.69,14755.59,completed
719,2,3,1,1,2025-11-09,148.5,3.24,16217.97,completed
720,2,3,2,4,2025-11-06,851.3,15.42,48168.22,completed
721,2,1,2,4,2025-11-11,848.6,13.48,44426.72,completed
722,2,14,1,8,2025-11-03,148.6,3.58,17309.15,completed
723,2,3,1,6,2025-11-12,153.4,3.67,15739.87,completed
724,2,5,1,2,2025-10-24,152.7,3.62,14425.28,completed
725,2,14,2,1,2025-11-05,803.9,12.67,42506.23,completed
726,2,3,2,4,2025-11-12,868.8,15.47,41562.92,completed
727,2,5,1,8,2025-11-23,145.4,3.71,17493.96,completed
728,2,5,1,2,2025-12-10,153.0,3.26,13309.86,completed
729,2,1,1,4,2025-12-04,141.1,3.71,17092.5,completed
730,2,5,2,8,2025-12-08,809.7,13.88,44489.96,completed
731,2,2,1,1,2025-12-09,153.8,3.22,17394.05,completed
732,2,5,1,6,2025-12-12,146.8,3.47,17228.36,completed
733,2,5,1,5,2025-11-20,152.9,3.22,14094.92,completed
734,2,1,1,2,2025-12-12,146.3,3.32,13788.84,completed
735,2,5,1,3,2025-12-12,151.6,3.82,16825.4,completed
736,2,14,2,8,2025-12-10,797.1,15.37,42144.23,completed
737,2,14,2,6,2025-11-24,838.3,15.87,39868.49,completed
738,2,3,2,6,2025-12-02,824.2,15.14,41692.34,completed
739,2,4,1,4,2025-12-13,151.6,3.47,18399.03,completed
740,2,4,2,8,2025-11-19,870.1,14.69,44703.79,completed
741,2,1,1,5,2025-11-28,143.8,3.43,14768.38,completed
742,2,1,2,3,2025-11-20,801.5,13.53,41250.44,completed
743,2,3,1,4,2025-12-14,149.0,3.65,17488.46,completed
744,2,14,1,2,2025-11-29,143.2,3.87,15426.49,completed
745,2,1,1,5,2025-12-12,146.2,3.83,14294.3,completed
746,2,4,2,6,2025-12-02,798.5,15.3,43007.55,completed
747,2,1,1,7,2025-11-28,145.3,3.64,14007.18,completed
748,2,2,2,4,2025-11-20,871.3,16.0,47121.47,completed
749,2,4,1,4,2025-11-28,142.8,3.44,19259.3,completed
750,2,5,2,1,2025-12-01,821.6,14.12,41491.41,completed
751,2,4,1,3,2025-12-06,146.5,3.65,15627.79,completed
752,2,1,1,4,2025-11-27,145.4,3.96,19224.34,completed
753,2,14,1,2,2025-12-02,145.8,3.43,14349.95,completed
754,2,2,1,5,2025-11-30,155.3,3.54,13776.96,completed
755,2,1,1,8,2025-12-18,143.6,3.48,18195.81,completed
756,2,14,1,2,2025-11-20,149.8,3.28,13823.9,completed
757,2,3,2,1,2025-12-11,813.8,14.25,46210.89,completed
758,2,14,2,4,2025-12-06,833.9,15.23,42915.76,completed
759,2,14,2,3,2025-12-11,819.8,15.77,42979.25,completed
760,2,2,1,5,2025-11-20,152.3,3.69,12882.39,completed
761,2,14,1,8,2025-11-19,150.4,3.73,15624.34,completed
762,2,1,2,2,2025-11-28,842.4,13.41,39109.1,completed
763,2,3,2,2,2025-12-04,832.6,13.25,39104.45,completed
764,2,1,2,1,2025-11-26,813.8,14.31,47238.82,completed
765,2,3,1,1,2025-12-10,149.9,3.36,16907.95,completed
766,2,14,2,1,2025-11-27,862.4,15.45,46859.04,completed
767,2,2,1,5,2025-11-23,146.4,3.27,13037.96,completed
768,2,4,2,4,2025-11-26,823.9,13.69,46203.96,completed
769,2,5,2,8,2025-12-23,800.0,14.49,40259.72,completed
770,2,3,1,3,2026-01-10,148.4,3.27,17314.37,completed
771,2,3,1,3,2025-12-21,154.6,3.25,16822.74,completed
772,2,14,2,3,2025-12-19,861.6,14.05,43787.36,completed
773,2,4,2,5,2026-01-11,862.7,15.87,36580.13,completed
774,2,2,2,3,2025-12-22,790.7,16.05,38515.94,completed
775,2,5,2,4,2025-12-26,790.7,12.88,43089.15,completed
776,2,5,2,3,2026-01-15,847.6,13.91,42450.78,completed
777,2,4,2,8,2025-12-23,807.3,14.03,39892.16,completed
778,2,4,1,5,2025-12-26,155.2,3.81,14116.64,completed
779,2,4,1,3,2026-01-15,150.8,3.91,17021.39,completed
780,2,4,1,7,2026-01-12,151.5,3.48,12661.88,completed
781,2,5,2,7,2026-01-11,833.0,14.84,35349.35,completed
782,2,4,1,2,2026-01-02,141.2,4.02,15525.89,completed
783,2,5,2,1,2025-12-31,840.8,12.77,43700.5,completed
784,2,4,2,8,2026-01-16,857.2,14.21,41096.23,completed
785,2,5,2,5,2026-01-17,831.4,13.1,30661.21,completed
786,2,14,2,2,2026-01-04,853.1,15.88,33613.41,completed
787,2,4,1,7,2025-12-29,143.2,3.67,13802.28,completed
788,2,1,1,8,2025-12-27,150.2,3.77,16505.28,completed
789,2,1,1,2,2025-12-22,150.0,3.22,15173.86,completed
790,2,4,2,3,2026-01-05,852.3,15.79,40587.13,completed
791,2,2,1,3,2025-12-24,141.4,3.42,17527.32,completed
792,2,14,2,5,2025-12-24,799.4,13.31,31085.37,completed
793,2,4,2,1,2026-01-03,833.6,12.62,46656.34,completed
794,2,2,2,4,2026-01-06,826.2,14.15,46992.46,completed
795,2,5,1,4,2025-12-27,148.9,3.87,18652.33,completed
796,2,2,1,3,2025-12-20,141.1,3.9,17141.86,completed
797,2,1,2,6,2025-12-20,871.0,13.16,36502.39,completed
798,2,4,2,3,2026-01-11,865.8,12.93,42236.68,completed
799,2,3,2,6,2026-01-16,794.1,14.1,38641.2,completed
800,2,4,1,5,2025-12-23,153.3,3.44,12446.18,completed
801,2,14,2,4,2025-12-25,797.6,15.15,46560.59,completed
802,2,14,1,8,2026-01-10,152.3,3.77,17465.69,completed
803,2,3,2,6,2026-01-04,840.2,15.84,40195.13,completed
804,2,4,2,8,2026-01-13,839.1,15.08,40030.05,completed
805,2,1,1,1,2025-12-19,152.4,3.8,17301.63,completed
806,2,4,1,7,2025-12-20,148.9,3.71,13475.84,completed
807,2,14,1,4,2025-12-28,141.6,3.41,17321.29,completed
808,2,1,2,1,2026-01-09,821.4,14.59,42107.56,completed
809,2,2,1,3,2025-12-29,154.2,3.57,17742.44,completed
810,2,14,2,1,2025-12-23,840.6,15.72,43398.79,completed
811,2,4,2,8,2026-02-16,857.8,13.65,44842.97,completed
812,2,2,2,1,2026-02-05,854.9,15.71,45176.02,completed
813,2,2,2,2,2026-01-26,816.6,13.91,38914.76,completed
814,2,2,1,7,2026-02-06,152.2,3.42,12871.02,completed
815,2,3,2,1,2026-01-31,861.3,13.9,39960.18,completed
816,2,5,2,4,2026-01-27,819.6,12.73,42580.02,completed
817,2,4,1,2,2026-02-03,147.7,3.59,13188.19,completed
818,2,4,1,6,2026-02-10,145.2,3.44,17024.45,completed
819,2,2,1,3,2026-02-10,146.3,3.91,15090.39,completed
820,2,3,1,1,2026-02-16,153.2,3.91,15835.04,completed
821,2,1,2,8,2026-01-21,843.2,13.69,42944.01,completed
822,2,3,2,4,2026-01-24,811.5,13.72,42739.71,completed
823,2,3,2,2,2026-01-22,798.0,15.95,33936.38,completed
824,2,5,1,4,2026-01-29,144.6,3.98,18395.85,completed
825,2,2,2,4,2026-01-20,862.6,14.49,43822.03,completed
826,2,1,1,3,2026-02-02,141.3,3.49,17973.51,completed
827,2,4,1,7,2026-01-23,153.8,3.7,14509.81,completed
828,2,3,2,6,2026-01-28,847.7,14.95,42114.14,completed
829,2,5,1,8,2026-01-22,152.5,3.76,15714.39,completed
830,2,3,1,8,2026-02-08,151.9,3.56,17601.32,completed
831,2,5,1,3,2026-01-26,146.4,3.76,18005.34,completed
832,2,4,2,6,2026-02-02,828.0,13.83,35879.69,completed
833,2,3,2,3,2026-02-11,836.2,14.38,40321.09,completed
834,2,3,2,2,2026-02-04,854.3,14.46,37520.96,completed
835,2,2,2,7,2026-02-06,801.7,14.29,33061.63,completed
836,2,2,1,6,2026-02-13,147.0,4.01,16454.78,completed
837,2,2,2,4,2026-02-08,849.9,15.09,47084.76,completed
838,2,5,2,2,2026-02-06,834.6,15.48,36161.74,completed
839,2,4,1,5,2026-01-20,150.7,3.67,13728.59,completed
840,2,4,2,6,2026-02-07,796.0,15.46,40868.5,completed
841,2,14,1,3,2026-01-22,144.9,3.69,16475.57,completed
842,2,2,2,4,2026-02-08,813.4,15.38,48977.59,completed
843,2,14,2,7,2026-02-16,795.9,12.63,33762.59,completed
844,2,3,2,3,2026-01-19,834.1,12.79,40492.46,completed
845,2,3,2,2,2026-02-14,824.3,14.67,33016.02,completed
846,2,4,2,7,2026-01-30,806.0,13.21,34396.3,completed
847,2,5,1,4,2026-01-30,145.9,3.52,19466.81,completed
848,2,2,2,3,2026-01-18,789.8,15.12,38018.64,completed
849,2,2,2,7,2026-01-20,855.4,15.61,32319.57,completed
850,2,4,2,3,2026-02-03,856.6,13.95,40949.02,completed
851,2,4,1,3,2026-02-06,148.0,3.79,14993.52,completed
852,2,5,2,7,2026-02-05,869.7,14.59,33920.83,completed
853,2,5,2,2,2026-03-04,795.1,15.16,39796.41,completed
854,2,5,2,8,2026-02-19,839.1,13.46,42967.78,completed
855,2,5,1,5,2026-02-18,148.5,3.16,14550.77,completed
856,2,5,2,8,2026-03-12,817.8,16.02,41326.84,completed
857,2,2,2,5,2026-02-18,838.1,13.66,34973.08,completed
858,2,14,2,1,2026-03-04,836.0,14.9,44240.77,completed
859,2,3,2,1,2026-03-04,830.5,15.58,39922.83,completed
860,2,2,2,5,2026-03-08,859.7,12.65,32185.5,completed
861,2,5,1,3,2026-03-12,147.2,3.86,15471.54,completed
862,2,4,2,4,2026-02-22,860.0,13.8,48266.68,completed
863,2,5,1,3,2026-03-18,153.0,3.81,17702.18,completed
864,2,2,2,7,2026-03-10,841.4,13.34,34431.11,completed
865,2,14,2,1,2026-02-25,798.1,13.19,45785.78,completed
866,2,3,2,8,2026-03-04,851.0,14.46,44873.47,completed
867,2,4,2,7,2026-02-25,860.7,12.64,32374.84,completed
868,2,14,2,7,2026-02-27,845.2,12.74,38066.3,completed
869,2,5,2,7,2026-03-18,811.1,13.55,35907.84,completed
870,2,14,1,5,2026-03-07,152.0,3.81,13170.9,completed
871,2,14,1,6,2026-03-11,145.2,3.16,17402.5,completed
872,2,1,1,2,2026-03-02,142.1,3.54,13400.27,completed
873,2,3,1,5,2026-02-23,149.8,3.2,12209.27,completed
874,2,14,1,2,2026-02-20,149.5,3.48,13367.3,completed
875,2,14,1,2,2026-02-22,147.5,3.97,13853.88,completed
876,2,4,2,5,2026-03-11,852.4,13.73,36375.63,completed
877,2,3,1,2,2026-03-13,146.4,4.02,13297.35,completed
878,2,2,2,5,2026-03-03,869.8,13.3,30761.19,completed
879,2,14,2,3,2026-03-04,833.4,14.11,38323.71,completed
880,2,14,1,8,2026-02-25,141.7,3.65,15749.87,completed
881,2,1,2,8,2026-03-17,842.7,12.6,42748.34,completed
882,2,3,1,7,2026-02-21,154.0,3.65,14496.92,completed
883,2,4,2,8,2026-03-01,853.3,15.35,45710.86,completed
884,2,4,1,1,2026-03-11,147.7,3.65,18532.09,completed
885,2,14,2,6,2026-02-26,841.0,15.96,38812.87,completed
886,2,5,1,6,2026-03-16,141.8,3.55,17300.21,completed
887,2,2,2,4,2026-03-06,820.4,13.27,41344.23,completed
888,2,14,2,2,2026-03-11,795.5,14.81,35406.52,completed
889,2,1,1,3,2026-02-23,155.3,3.36,15053.17,completed
890,2,5,2,2,2026-03-09,832.8,15.52,35031.05,completed
891,2,1,2,1,2026-02-27,853.9,12.75,39692.35,completed
892,2,14,1,4,2026-03-10,154.5,3.91,18300.23,completed
893,2,1,1,4,2026-02-18,147.8,3.17,19073.83,completed
894,2,14,1,4,2026-03-09,143.1,3.19,16869.98,completed
895,2,4,2,2,2026-04-07,837.6,15.46,34032.51,completed
896,2,4,1,2,2026-04-07,143.9,3.85,15444.76,completed
897,2,14,2,6,2026-04-09,798.5,14.99,38823.91,completed
898,2,2,1,6,2026-04-12,143.2,3.21,14400.42,completed
899,2,4,2,3,2026-03-24,834.4,14.14,43212.4,completed
900,2,1,1,3,2026-04-13,149.7,3.83,17787.48,completed
901,2,1,1,8,2026-03-19,154.3,3.77,15421.2,completed
902,2,14,2,7,2026-04-13,828.0,13.04,36884.8,completed
903,2,5,1,5,2026-04-02,154.5,3.68,13227.12,completed
904,2,14,1,3,2026-04-03,141.9,3.87,17004.72,completed
905,2,4,2,6,2026-03-19,804.4,16.05,40057.07,completed
906,2,5,1,6,2026-04-04,152.0,3.73,14950.67,completed
907,2,2,2,1,2026-03-22,845.4,15.99,46144.09,completed
908,2,2,2,8,2026-03-24,792.1,14.86,44223.33,completed
909,2,4,2,4,2026-03-27,855.3,15.25,44030.76,completed
910,2,14,1,2,2026-03-20,143.2,3.84,15811.08,completed
911,2,1,2,2,2026-04-16,825.4,14.63,34503.29,completed
912,2,14,2,4,2026-04-09,807.6,12.99,49168.38,completed
913,2,2,1,2,2026-04-11,143.6,3.93,14318.05,completed
914,2,5,1,8,2026-04-03,147.1,3.34,15582.4,completed
915,2,4,2,3,2026-03-30,848.2,14.81,38556.34,completed
916,2,3,2,4,2026-03-23,835.7,13.58,41278.32,completed
917,2,4,1,8,2026-04-01,145.7,3.93,15982.24,completed
918,2,5,1,3,2026-04-05,141.9,3.9,17812.89,completed
919,2,5,2,4,2026-04-03,811.7,15.16,48609.3,completed
920,2,3,1,4,2026-04-01,153.8,3.67,18505.51,completed
921,2,4,1,1,2026-03-20,147.6,3.82,15821.2,completed
922,2,5,1,7,2026-03-31,152.4,3.87,13881.41,completed
923,2,2,2,8,2026-03-21,789.5,15.16,43268.27,completed
924,2,3,1,3,2026-03-28,155.4,3.16,15764.02,completed
925,2,14,2,3,2026-04-02,850.5,12.69,44556.48,completed
926,2,2,2,8,2026-04-15,803.9,15.65,44505.53,completed
927,2,14,2,1,2026-03-21,845.8,14.46,42557.07,completed
928,2,3,2,7,2026-04-10,833.5,15.38,37957.11,completed
929,2,14,1,6,2026-04-17,154.6,3.74,14429.64,completed
930,2,4,1,2,2026-03-30,141.2,3.47,14471.82,completed
931,2,2,1,4,2026-03-29,142.3,3.57,17263.79,completed
932,2,3,1,4,2026-03-30,148.1,3.52,19665.75,completed
933,2,3,1,2,2026-03-30,148.0,3.88,14434.1,completed
934,2,4,2,5,2026-04-07,844.4,15.03,32772.36,completed
935,2,4,1,4,2026-03-21,153.9,3.4,16686.48,completed
936,2,2,1,2,2026-03-27,142.8,3.28,13442.02,completed
937,2,3,1,1,2026-05-01,148.6,3.27,19060.37,completed
938,2,4,2,7,2026-05-11,812.7,12.82,35856.39,completed
939,2,4,1,6,2026-05-06,150.2,3.44,15341.97,completed
940,2,3,2,8,2026-05-06,854.0,13.2,39619.88,completed
941,2,4,2,4,2026-04-29,852.4,12.77,49827.35,completed
942,2,4,2,5,2026-04-23,801.8,14.47,34458.62,completed
943,2,14,1,3,2026-05-10,152.4,3.29,17978.23,completed
944,2,3,1,1,2026-05-06,144.5,3.31,16122.33,completed
945,2,3,1,6,2026-04-22,148.6,3.29,15437.39,completed
946,2,1,2,2,2026-04-30,852.3,15.92,39572.94,completed
947,2,1,2,3,2026-05-11,830.6,14.87,41963.75,completed
948,2,3,2,8,2026-05-12,836.1,13.11,46879.63,completed
949,2,14,2,6,2026-04-21,863.2,13.09,41434.59,completed
950,2,1,1,5,2026-04-30,143.9,3.46,13780.46,completed
951,2,5,2,1,2026-05-08,832.2,15.33,40904.14,completed
952,2,1,2,4,2026-04-20,825.5,14.95,45889.86,completed
953,2,2,1,7,2026-05-03,149.6,3.98,13431.14,completed
954,2,2,2,7,2026-05-10,819.2,13.9,37313.87,completed
955,2,3,2,6,2026-04-27,861.1,12.91,43381.99,completed
956,2,4,2,7,2026-04-27,848.9,15.74,32504.75,completed
957,2,5,2,3,2026-05-07,805.7,14.26,38137.82,completed
958,2,5,2,2,2026-05-12,789.0,14.84,35526.83,completed
959,2,2,2,7,2026-05-05,835.6,15.8,34583.99,completed
960,2,4,1,3,2026-04-27,141.2,3.87,16811.18,completed
961,2,5,2,8,2026-05-11,790.7,12.61,42455.38,completed
962,2,14,2,5,2026-05-14,798.8,14.93,34579.33,completed
963,2,2,2,7,2026-05-03,842.0,12.7,37683.19,completed
964,2,1,2,8,2026-05-07,836.7,14.58,44868.47,completed
965,2,14,2,8,2026-05-14,831.0,14.61,39514.07,completed
966,2,5,2,3,2026-04-19,826.8,15.03,38637.28,completed
967,2,1,2,3,2026-04-26,841.3,15.94,40425.44,completed
968,2,3,1,5,2026-05-04,141.7,3.32,13838.16,completed
969,2,5,1,2,2026-05-12,145.4,3.43,13602.65,completed
970,2,14,2,5,2026-05-10,796.5,14.63,34927.95,completed
971,2,2,1,1,2026-05-04,152.1,3.51,16662.28,completed
972,2,2,1,2,2026-04-22,152.9,3.85,14582.66,completed
973,2,4,1,7,2026-05-17,152.7,3.96,12758.27,completed
974,2,3,2,6,2026-05-10,856.3,15.71,38511.54,completed
975,2,14,2,3,2026-04-27,856.1,13.38,37661.16,completed
976,2,3,1,4,2026-04-22,155.1,3.52,17158.89,completed
977,2,1,1,2,2026-05-12,147.0,3.32,14526.91,completed
978,2,4,1,1,2026-04-21,141.2,3.41,18847.64,completed
979,2,1,1,2,2026-06-16,149.3,3.33,14869.48,completed
980,2,1,2,1,2026-05-22,866.7,15.92,46573.15,completed
981,2,2,2,6,2026-06-14,849.0,13.45,39605.02,completed
982,2,5,1,2,2026-06-11,143.8,3.32,13156.28,completed
983,2,5,2,3,2026-05-18,796.7,13.35,45518.29,completed
984,2,14,2,6,2026-06-05,844.4,12.98,37106.2,completed
985,2,4,2,7,2026-05-24,822.3,15.26,34947.32,completed
986,2,4,2,2,2026-05-21,829.7,13.86,36575.74,completed
987,2,1,2,1,2026-05-28,820.4,14.2,43505.23,completed
988,2,2,2,8,2026-06-04,870.3,14.1,41974.93,completed
989,2,14,1,8,2026-05-29,155.4,3.58,16009.93,completed
990,2,4,1,7,2026-06-03,141.9,3.28,14381.21,completed
991,2,14,2,2,2026-06-16,802.5,13.87,39291.38,completed
992,2,2,1,6,2026-06-06,146.6,3.35,16929.89,completed
993,2,3,2,8,2026-06-11,836.8,13.56,44594.14,completed
994,2,4,2,6,2026-06-08,822.1,14.3,40417.07,completed
995,2,4,2,3,2026-05-21,829.1,13.41,38438.13,completed
996,2,1,1,1,2026-06-10,141.6,3.74,15865.78,completed
997,2,5,1,7,2026-06-08,145.1,3.7,13456.78,completed
998,2,4,1,8,2026-05-24,148.0,3.59,16400.89,completed
999,2,1,2,1,2026-05-31,798.4,14.18,46871.65,completed
1000,2,4,2,8,2026-05-19,834.7,15.61,38772.27,completed
1001,2,4,2,3,2026-05-31,847.9,14.31,38540.4,completed
1002,2,14,1,8,2026-06-04,149.1,3.57,17741.45,completed
1003,2,4,1,1,2026-05-26,155.0,3.69,17405.5,completed
1004,2,3,2,5,2026-05-19,792.2,15.53,30483.49,completed
1005,2,14,2,1,2026-05-28,824.0,16.07,42519.56,completed
1006,2,1,2,6,2026-06-08,808.0,13.69,37574.29,completed
1007,2,3,1,2,2026-05-21,140.9,3.44,14099.46,completed
1008,2,5,2,7,2026-06-03,810.6,15.04,37645.67,completed
1009,2,4,1,6,2026-06-05,149.1,3.86,15492.47,completed
1010,2,3,1,4,2026-06-02,151.9,3.45,18226.09,completed
1011,2,4,2,6,2026-05-24,858.8,15.36,39575.86,completed
1012,2,3,1,5,2026-05-19,149.1,3.85,12918.22,completed
1013,2,5,1,2,2026-05-28,149.0,3.61,13912.26,completed
1014,2,3,2,4,2026-06-12,856.9,14.37,41684.23,completed
1015,2,14,2,7,2026-06-04,822.9,13.48,33547.14,completed
1016,2,1,2,3,2026-06-07,860.1,14.62,43270.91,completed
1017,2,3,1,8,2026-06-16,152.6,3.9,17579.11,completed
1018,2,5,2,1,2026-05-24,800.8,13.13,42377.56,completed
1019,2,4,2,7,2026-05-28,864.1,14.82,37358.35,completed
1020,2,3,2,5,2026-06-07,845.5,13.43,31375.05,completed
1021,2,2,1,2,2026-06-23,152.4,3.42,13196.27,completed
1022,2,4,2,7,2026-07-07,805.3,13.55,37675.26,completed
1023,2,3,1,5,2026-07-08,150.1,3.19,13600.54,completed
1024,2,1,2,1,2026-07-14,814.6,13.64,47014.36,completed
1025,2,3,1,7,2026-07-08,141.9,3.98,14378.09,completed
1026,2,1,1,4,2026-07-05,154.4,3.61,19070.26,completed
1027,2,1,2,8,2026-06-24,852.7,13.7,43621.83,completed
1028,2,4,2,4,2026-06-23,803.0,15.99,42300.08,completed
1029,2,3,2,7,2026-07-14,829.2,13.91,35471.65,completed
1030,2,5,1,6,2026-06-30,144.2,3.39,15760.34,completed
1031,2,4,1,6,2026-07-09,145.2,3.71,15421.0,completed
1032,2,14,1,1,2026-07-16,144.1,3.63,18430.42,completed
1033,2,14,2,6,2026-06-20,808.1,14.15,39876.49,completed
1034,2,3,1,7,2026-06-26,152.8,3.36,12796.88,completed
1035,2,4,1,3,2026-07-07,152.6,3.71,16023.88,completed
1036,2,1,1,5,2026-07-13,147.9,3.79,14216.52,completed
1037,2,1,2,7,2026-07-13,810.2,12.83,32480.73,completed
1038,2,4,2,6,2026-07-09,792.8,14.85,35856.62,completed
1039,2,1,2,3,2026-06-29,813.9,14.62,39085.83,completed
1040,2,2,1,3,2026-07-03,152.0,3.72,17342.4,completed
1041,2,3,1,7,2026-07-01,151.5,3.38,13878.89,completed
1042,2,2,2,5,2026-06-19,803.6,15.67,33084.39,completed
1043,2,1,1,1,2026-07-16,149.7,3.35,17627.97,completed
1044,2,2,1,8,2026-06-25,143.1,3.5,17795.8,completed
1045,2,2,2,5,2026-06-19,802.6,14.59,36743.48,completed
1046,2,4,1,7,2026-07-13,142.4,3.77,14423.2,completed
1047,2,3,1,5,2026-07-10,142.5,3.9,13448.3,completed
1048,2,14,1,5,2026-07-08,143.3,3.84,12627.52,completed
1049,2,3,1,5,2026-06-24,154.0,3.47,13780.89,completed
1050,2,1,2,2,2026-07-02,815.3,15.03,33759.38,completed
1051,2,14,1,7,2026-06-30,144.4,3.23,14597.42,completed
1052,2,3,1,1,2026-07-16,154.0,4.02,16499.98,completed
1053,2,3,1,1,2026-07-03,145.1,3.5,17840.98,completed
1054,2,5,2,3,2026-06-18,810.1,14.36,42249.33,completed
1055,2,2,2,8,2026-06-19,832.5,13.1,41205.41,completed
1056,2,1,1,6,2026-06-21,155.0,3.4,15837.5,completed
1057,2,3,2,7,2026-07-15,839.4,15.27,37475.1,completed
1058,2,4,2,6,2026-07-15,849.7,14.32,36946.67,completed
1059,2,1,1,8,2026-06-23,144.0,3.18,15904.98,completed
1060,2,14,2,3,2026-07-01,871.1,15.85,41051.35,completed
1061,2,3,1,8,2026-07-09,147.4,3.25,17315.41,completed
1062,2,3,1,2,2026-06-19,144.8,3.88,13709.31,completed
1063,2,5,2,4,2026-07-17,835.9,14.06,45776.95,completed
1064,2,4,1,4,2026-08-07,145.5,3.4,16737.97,completed
1065,2,3,1,7,2026-08-04,142.2,3.43,15135.6,completed
1066,2,4,1,2,2026-08-12,147.7,3.7,15178.17,completed
1067,2,3,2,1,2026-07-18,867.4,13.74,44920.58,completed
1068,2,1,1,4,2026-08-11,145.4,3.2,18739.32,completed
1069,2,1,1,7,2026-07-29,144.2,3.82,13256.64,completed
1070,2,1,2,2,2026-08-13,820.7,14.01,34305.99,completed
1071,2,3,1,2,2026-08-01,151.5,3.96,15450.38,completed
1072,2,14,1,6,2026-07-20,148.2,3.58,16891.94,completed
1073,2,3,2,8,2026-08-04,796.0,14.08,43626.27,completed
1074,2,4,2,3,2026-08-06,791.9,13.8,40964.76,completed
1075,2,14,2,4,2026-08-07,865.7,14.45,47485.79,completed
1076,2,4,1,5,2026-07-30,152.5,3.41,12330.82,completed
1077,2,2,1,5,2026-08-02,149.0,3.63,13269.4,completed
1078,2,5,1,2,2026-07-30,147.5,3.78,14319.29,completed
1079,2,3,2,6,2026-08-04,830.3,13.0,36287.61,completed
1080,2,2,2,3,2026-08-12,795.4,15.67,40689.83,completed
1081,2,5,2,6,2026-08-09,844.1,14.78,39243.59,completed
1082,2,2,2,6,2026-07-23,850.5,14.71,37105.89,completed
1083,2,5,1,7,2026-07-17,142.3,3.3,12561.58,completed
1084,2,14,2,8,2026-07-29,868.7,14.71,45922.4,completed
1085,2,5,2,5,2026-08-12,818.4,14.96,36850.44,completed
1086,2,1,2,5,2026-07-21,804.3,15.46,31203.59,completed
1087,2,2,1,1,2026-08-01,150.2,3.53,17941.92,completed
1088,2,3,1,2,2026-08-10,147.6,3.17,14466.2,completed
1089,2,14,1,3,2026-08-08,147.8,3.17,16449.93,completed
1090,2,2,2,4,2026-07-26,857.7,12.78,46172.37,completed
1091,2,14,1,2,2026-08-13,155.1,3.89,15193.87,completed
1092,2,4,2,1,2026-07-29,837.6,14.74,43438.91,completed
1093,2,14,2,4,2026-07-18,823.5,13.71,45797.84,completed
1094,2,14,1,5,2026-07-30,142.3,3.69,14511.88,completed
1095,2,14,2,8,2026-07-30,812.4,13.27,38669.17,completed
1096,2,2,2,8,2026-08-02,864.0,13.79,40370.45,completed
1097,2,3,2,3,2026-08-09,868.2,15.52,43337.88,completed
1098,2,2,2,8,2026-08-05,845.8,12.9,40263.58,completed
1099,2,2,2,3,2026-07-23,829.4,15.38,38721.91,completed
1100,2,2,2,5,2026-07-23,871.4,13.86,34042.58,completed
1101,2,14,2,6,2026-07-22,859.8,14.36,37023.74,completed
1102,2,4,1,6,2026-07-20,142.4,3.35,16212.44,completed
1103,2,3,2,6,2026-08-10,861.4,13.54,36009.68,completed
1104,2,14,1,2,2026-07-18,147.1,3.55,15816.24,completed
1105,3,5,1,2,2025-09-09,154.6,3.87,21868.13,completed
1106,3,2,1,2,2025-09-10,143.6,3.47,19118.77,completed
1107,3,5,2,8,2025-09-05,796.7,14.86,63575.51,completed
1108,3,1,2,3,2025-09-17,869.0,15.29,55541.08,completed
1109,3,4,1,4,2025-08-31,143.1,3.38,24771.47,completed
1110,3,14,2,6,2025-09-11,851.0,14.45,53386.33,completed
1111,3,4,1,3,2025-09-03,153.9,3.98,25600.14,completed
1112,3,4,2,1,2025-08-25,848.1,14.41,65218.13,completed
1113,3,3,1,2,2025-08-31,152.0,3.53,20292.83,completed
1114,3,14,2,1,2025-09-19,863.4,12.8,63625.64,completed
1115,3,4,2,7,2025-09-18,834.4,13.67,51290.62,completed
1116,3,1,2,6,2025-09-16,832.3,15.82,53772.53,completed
1117,3,14,2,8,2025-08-27,840.3,14.76,65459.09,completed
1118,3,14,2,6,2025-09-02,861.6,12.89,59348.25,completed
1119,3,14,2,7,2025-09-13,799.0,16.07,51876.52,completed
1120,3,1,2,4,2025-09-06,831.8,15.25,65357.48,completed
1121,3,1,1,1,2025-09-18,149.4,3.36,26218.16,completed
1122,3,5,2,7,2025-08-24,858.4,13.51,51796.66,completed
1123,3,1,2,2,2025-09-14,798.9,13.64,53312.46,completed
1124,3,3,1,8,2025-08-28,155.2,3.64,25784.18,completed
1125,3,3,1,6,2025-08-30,152.7,3.65,23251.15,completed
1126,3,5,1,7,2025-09-13,145.5,3.66,18800.63,completed
1127,3,1,2,8,2025-08-25,857.3,12.89,63321.43,completed
1128,3,2,1,7,2025-09-05,141.8,3.74,18670.55,completed
1129,3,3,2,7,2025-09-08,823.6,14.14,49488.39,completed
1130,3,2,2,7,2025-08-25,828.7,14.2,49557.28,completed
1131,3,4,1,4,2025-09-05,142.9,3.64,23456.24,completed
1132,3,1,1,7,2025-08-24,144.9,3.61,19283.56,completed
1133,3,3,1,6,2025-09-01,147.8,3.84,21614.67,completed
1134,3,1,1,7,2025-09-19,153.8,3.34,21361.24,completed
1135,3,1,2,1,2025-09-07,860.7,14.06,60002.03,completed
1136,3,3,2,8,2025-09-15,857.8,15.52,59259.26,completed
1137,3,5,1,3,2025-09-10,147.3,3.54,23440.42,completed
1138,3,5,2,2,2025-09-11,820.6,15.75,53029.15,completed
1139,3,14,2,1,2025-09-18,811.5,12.91,61170.82,completed
1140,3,5,1,1,2025-09-10,151.1,3.64,26215.99,completed
1141,3,2,1,2,2025-09-09,151.8,3.99,20873.19,completed
1142,3,5,1,8,2025-09-18,150.3,3.62,21960.71,completed
1143,3,2,1,5,2025-08-28,153.0,3.66,20386.07,completed
1144,3,4,1,6,2025-09-08,153.4,3.17,20452.43,completed
1145,3,4,2,3,2025-08-21,814.8,13.5,63310.85,completed
1146,3,5,1,2,2025-08-26,143.3,3.82,19811.36,completed
1147,3,4,1,5,2025-09-11,149.7,3.43,17859.66,completed
1148,3,3,1,1,2025-09-02,142.7,3.93,22763.78,completed
1149,3,1,2,7,2025-08-22,850.9,14.65,46555.34,completed
1150,3,1,2,7,2025-08-29,827.1,14.02,45150.26,completed
1151,3,4,2,1,2025-09-10,862.1,13.54,58580.04,completed
1152,3,5,1,4,2025-09-10,145.1,3.51,27350.98,completed
1153,3,2,1,4,2025-09-01,143.1,3.36,26084.28,completed
1154,3,1,2,8,2025-08-21,868.3,14.77,64548.62,completed
1155,3,1,1,1,2025-09-19,144.6,3.37,26837.96,completed
1156,3,14,2,6,2025-08-27,830.9,12.76,57208.04,completed
1157,3,1,1,5,2025-09-02,152.9,3.78,19883.99,completed
1158,3,2,2,7,2025-09-09,855.1,15.69,49547.72,completed
1159,3,14,2,5,2025-09-04,843.5,13.73,45641.94,completed
1160,3,5,1,8,2025-08-31,150.8,3.72,21947.15,completed
1161,3,1,1,8,2025-09-18,143.2,3.64,21916.55,completed
1162,3,5,2,7,2025-08-23,842.4,12.87,52344.32,completed
1163,3,14,1,8,2025-09-23,152.6,3.87,23585.55,completed
1164,3,2,2,7,2025-10-16,846.4,12.63,52152.86,completed
1165,3,2,2,6,2025-10-04,850.2,15.25,50730.34,completed
1166,3,1,2,4,2025-10-16,813.7,15.11,66155.17,completed
1167,3,3,1,8,2025-09-21,154.0,3.77,23234.48,completed
1168,3,2,1,1,2025-10-16,142.2,3.39,25435.26,completed
1169,3,5,2,3,2025-09-26,835.5,14.99,60950.59,completed
1170,3,5,1,2,2025-09-24,142.5,3.97,21718.33,completed
1171,3,2,1,5,2025-10-17,155.3,3.76,19805.77,completed
1172,3,1,2,8,2025-10-03,866.8,12.78,62462.74,completed
1173,3,4,2,7,2025-09-28,831.5,14.33,45755.01,completed
1174,3,1,1,4,2025-09-28,148.5,3.43,28040.18,completed
1175,3,3,2,4,2025-09-22,855.5,16.07,69605.02,completed
1176,3,1,1,7,2025-10-19,143.0,3.42,18809.94,completed
1177,3,4,1,1,2025-10-03,149.4,3.7,26274.89,completed
1178,3,2,2,5,2025-09-23,868.1,15.51,47559.83,completed
1179,3,1,2,4,2025-10-14,824.9,12.93,65980.79,completed
1180,3,1,2,2,2025-09-21,819.8,15.72,56062.99,completed
1181,3,1,1,3,2025-10-19,141.4,3.68,25053.78,completed
1182,3,1,2,2,2025-10-11,792.8,15.57,47152.43,completed
1183,3,5,2,2,2025-10-14,860.3,15.36,50829.97,completed
1184,3,4,1,8,2025-10-04,153.6,3.69,25734.5,completed
1185,3,4,2,1,2025-10-06,804.5,12.96,59748.9,completed
1186,3,5,1,4,2025-09-24,144.4,3.52,26585.86,completed
1187,3,2,2,3,2025-09-24,793.5,13.69,62571.11,completed
1188,3,3,2,6,2025-10-08,852.9,13.12,60583.75,completed
1189,3,3,2,6,2025-10-01,831.5,14.9,61540.55,completed
1190,3,2,1,1,2025-10-06,148.9,3.2,26329.96,completed
1191,3,2,2,4,2025-10-10,853.7,13.8,69972.47,completed
1192,3,5,2,8,2025-10-12,836.5,15.97,58698.42,completed
1193,3,3,2,7,2025-09-25,861.2,15.79,45587.99,completed
1194,3,1,2,4,2025-10-10,807.6,14.78,61104.14,completed
1195,3,14,1,8,2025-10-14,145.5,3.8,26499.58,completed
1196,3,2,1,7,2025-10-16,146.0,3.21,21739.92,completed
1197,3,2,1,2,2025-09-29,149.9,3.95,20453.29,completed
1198,3,1,2,1,2025-09-26,803.0,15.7,58135.58,completed
1199,3,5,1,6,2025-09-27,140.9,3.89,21053.44,completed
1200,3,14,1,1,2025-09-24,152.3,3.25,24150.67,completed
1201,3,4,1,5,2025-09-27,146.1,3.3,18626.38,completed
1202,3,1,2,2,2025-09-24,799.4,13.26,55711.18,completed
1203,3,3,2,6,2025-10-09,841.3,15.82,55457.33,completed
1204,3,2,1,5,2025-09-30,149.9,3.4,18157.93,completed
1205,3,2,1,8,2025-10-13,147.6,3.73,22265.64,completed
1206,3,5,1,3,2025-10-02,150.1,3.6,24812.43,completed
1207,3,2,2,8,2025-09-30,832.1,14.29,63331.72,completed
1208,3,3,2,8,2025-10-08,865.0,14.64,59546.49,completed
1209,3,2,1,4,2025-10-18,153.4,3.5,24338.03,completed
1210,3,4,2,7,2025-10-08,858.4,13.49,46106.37,completed
1211,3,1,1,3,2025-09-29,145.8,3.66,23362.79,completed
1212,3,4,2,6,2025-10-04,822.4,15.42,55884.95,completed
1213,3,4,2,5,2025-09-20,807.9,14.86,44748.35,completed
1214,3,3,2,2,2025-10-16,833.9,12.87,51768.27,completed
1215,3,1,2,4,2025-09-23,791.7,13.3,59141.82,completed
1216,3,3,1,6,2025-09-29,152.0,3.89,23603.45,completed
1217,3,14,1,3,2025-10-13,144.5,3.82,23828.77,completed
1218,3,4,2,6,2025-10-02,851.4,12.64,59870.94,completed
1219,3,2,1,7,2025-09-27,143.7,3.35,20684.41,completed
1220,3,3,2,8,2025-10-15,858.7,14.1,55718.39,completed
1221,3,4,2,4,2025-11-03,791.0,13.09,69253.71,completed
1222,3,14,1,5,2025-10-20,150.4,3.46,19124.24,completed
1223,3,4,1,7,2025-11-10,151.9,3.75,20800.4,completed
1224,3,5,2,6,2025-10-20,791.2,13.09,57010.25,completed
1225,3,4,2,7,2025-10-26,793.8,13.95,53942.06,completed
1226,3,3,2,2,2025-11-07,841.5,13.67,56531.06,completed
1227,3,14,1,2,2025-11-06,152.8,3.68,19365.41,completed
1228,3,2,1,3,2025-10-22,146.3,3.33,25568.61,completed
1229,3,4,2,2,2025-10-21,789.4,13.74,50390.55,completed
1230,3,2,2,7,2025-10-23,823.2,15.2,45828.46,completed
1231,3,2,2,4,2025-11-16,824.4,15.08,60879.7,completed
1232,3,5,2,3,2025-11-07,837.3,14.36,64250.01,completed
1233,3,2,2,5,2025-10-20,825.5,15.49,52508.5,completed
1234,3,5,1,6,2025-11-17,147.4,3.18,22459.31,completed
1235,3,14,1,5,2025-11-17,145.7,3.89,20727.28,completed
1236,3,5,2,7,2025-11-15,803.0,13.47,52568.85,completed
1237,3,4,2,8,2025-11-18,846.5,12.93,62682.82,completed
1238,3,2,1,4,2025-10-28,148.6,3.73,27854.73,completed
1239,3,4,1,4,2025-11-02,148.8,4.02,28423.12,completed
1240,3,5,1,2,2025-11-13,146.7,3.29,21857.17,completed
1241,3,4,1,1,2025-10-20,150.9,3.81,22637.32,completed
1242,3,14,2,6,2025-11-01,821.4,12.64,60252.45,completed
1243,3,3,1,3,2025-11-10,147.8,3.21,24799.99,completed
1244,3,2,1,8,2025-11-04,153.1,3.3,25857.27,completed
1245,3,2,1,2,2025-10-29,151.6,3.3,19143.99,completed
1246,3,2,1,5,2025-11-03,143.8,3.18,18582.18,completed
1247,3,14,1,8,2025-10-21,152.6,3.71,25935.4,completed
1248,3,14,1,7,2025-10-29,149.5,3.19,19578.19,completed
1249,3,2,2,4,2025-10-31,805.1,12.66,69975.79,completed
1250,3,3,1,1,2025-11-15,150.5,3.34,23226.15,completed
1251,3,14,1,3,2025-10-25,148.2,3.86,21470.46,completed
1252,3,5,2,4,2025-10-26,821.3,14.1,70306.61,completed
1253,3,1,1,4,2025-10-31,140.8,3.72,24960.93,completed
1254,3,2,1,7,2025-11-03,150.3,3.39,18691.58,completed
1255,3,1,2,1,2025-11-17,813.5,14.7,58392.19,completed
1256,3,3,1,3,2025-10-23,155.1,3.76,24096.87,completed
1257,3,2,1,6,2025-11-09,150.8,4.01,23677.72,completed
1258,3,3,2,2,2025-10-20,837.1,13.94,52873.32,completed
1259,3,2,1,1,2025-10-20,153.9,3.42,25325.93,completed
1260,3,5,2,4,2025-10-22,819.6,13.64,58994.0,completed
1261,3,2,1,7,2025-11-09,154.3,3.67,17970.11,completed
1262,3,2,2,6,2025-10-28,853.8,12.74,54197.31,completed
1263,3,1,2,5,2025-10-27,816.0,13.45,51130.06,completed
1264,3,14,1,4,2025-11-11,149.6,3.48,27010.92,completed
1265,3,4,2,3,2025-11-09,860.7,12.84,53227.63,completed
1266,3,14,1,1,2025-10-24,142.5,3.3,26919.46,completed
1267,3,5,1,4,2025-10-22,147.5,3.29,25493.29,completed
1268,3,4,1,4,2025-10-25,145.1,3.65,26422.78,completed
1269,3,4,1,5,2025-10-22,145.9,3.48,20850.13,completed
1270,3,4,2,8,2025-11-05,824.5,13.15,62079.14,completed
1271,3,4,2,1,2025-11-02,851.5,15.83,66256.27,completed
1272,3,3,1,3,2025-11-01,147.3,3.48,23453.25,completed
1273,3,3,2,2,2025-10-24,804.7,15.81,53973.84,completed
1274,3,5,1,1,2025-11-12,147.9,3.96,25865.46,completed
1275,3,4,2,6,2025-11-04,870.5,12.85,54087.87,completed
1276,3,4,1,2,2025-11-18,143.5,3.53,20971.62,completed
1277,3,5,2,6,2025-11-11,845.6,15.04,56122.0,completed
1278,3,14,2,7,2025-10-27,791.4,15.45,46949.29,completed
1279,3,3,1,3,2025-12-08,150.7,3.37,23414.6,completed
1280,3,1,1,1,2025-12-13,151.1,3.49,22731.91,completed
1281,3,4,1,4,2025-11-24,144.3,3.41,27581.45,completed
1282,3,14,2,5,2025-12-02,865.2,15.64,50226.67,completed
1283,3,2,1,6,2025-11-27,154.4,3.5,23619.29,completed
1284,3,2,2,1,2025-12-15,796.5,15.31,61772.58,completed
1285,3,14,2,7,2025-11-28,802.7,13.91,51807.12,completed
1286,3,4,1,4,2025-11-24,142.2,3.65,25888.53,completed
1287,3,2,1,3,2025-11-20,152.6,3.32,24805.85,completed
1288,3,14,2,8,2025-12-18,860.6,13.18,62261.72,completed
1289,3,4,2,2,2025-11-22,816.9,14.65,49439.49,completed
1290,3,14,2,8,2025-12-13,793.6,15.23,55899.83,completed
1291,3,1,1,1,2025-11-25,140.7,3.68,24860.56,completed
1292,3,4,2,8,2025-12-13,824.1,13.9,58769.91,completed
1293,3,2,2,6,2025-11-30,819.9,12.8,58107.13,completed
1294,3,1,2,6,2025-11-19,846.5,15.14,55765.34,completed
1295,3,5,1,1,2025-11-22,144.7,3.76,26576.58,completed
1296,3,4,1,6,2025-12-08,153.5,3.6,23337.83,completed
1297,3,14,1,1,2025-12-15,150.0,3.91,23869.81,completed
1298,3,2,2,8,2025-12-08,849.9,15.38,60562.11,completed
1299,3,4,2,7,2025-12-10,863.6,15.17,53035.29,completed
1300,3,14,2,4,2025-11-23,861.2,15.35,69472.55,completed
1301,3,4,1,3,2025-12-14,152.9,4.02,21674.0,completed
1302,3,4,2,3,2025-11-22,833.4,13.45,58851.87,completed
1303,3,1,1,2,2025-12-02,141.0,3.96,22742.52,completed
1304,3,3,2,7,2025-11-26,843.8,15.93,51669.83,completed
1305,3,5,1,3,2025-12-09,141.9,3.76,24690.08,completed
1306,3,14,1,2,2025-11-29,151.2,3.79,20190.82,completed
1307,3,2,2,7,2025-11-26,812.7,12.99,47115.03,completed
1308,3,14,2,4,2025-11-22,799.1,13.7,65629.85,completed
1309,3,3,2,1,2025-11-20,804.3,13.96,62989.49,completed
1310,3,3,2,6,2025-12-14,854.6,14.42,58267.15,completed
1311,3,4,1,2,2025-11-19,147.4,3.28,20858.53,completed
1312,3,4,2,4,2025-12-10,838.4,13.11,64115.46,completed
1313,3,3,1,6,2025-12-05,142.4,4.02,24706.51,completed
1314,3,4,2,4,2025-11-28,819.8,16.03,67328.57,completed
1315,3,14,2,3,2025-11-25,866.1,13.39,63174.08,completed
1316,3,4,1,3,2025-12-12,155.2,3.73,23113.79,completed
1317,3,5,1,1,2025-12-01,150.6,4.02,23945.18,completed
1318,3,1,2,7,2025-12-05,811.9,15.83,51744.87,completed
1319,3,2,2,2,2025-11-29,836.7,15.42,54360.96,completed
1320,3,14,2,8,2025-11-24,825.2,14.29,61687.46,completed
1321,3,2,1,4,2025-12-14,151.5,3.16,27160.38,completed
1322,3,4,1,3,2025-12-02,143.1,3.2,24472.88,completed
1323,3,2,2,8,2025-11-20,831.3,13.78,56100.76,completed
1324,3,14,2,3,2025-12-12,791.3,13.44,57928.43,completed
1325,3,14,2,5,2025-12-08,842.7,13.91,52159.19,completed
1326,3,14,1,8,2025-12-01,150.3,3.47,23207.55,completed
1327,3,1,1,2,2025-11-22,150.5,3.6,20655.36,completed
1328,3,3,1,8,2025-12-11,152.4,3.31,25492.45,completed
1329,3,3,2,7,2025-12-07,815.5,15.1,45789.84,completed
1330,3,14,1,7,2025-11-19,152.7,3.84,19379.43,completed
1331,3,5,2,2,2025-12-15,847.7,15.37,52626.87,completed
1332,3,14,1,4,2025-12-17,153.4,3.76,23894.66,completed
1333,3,3,1,8,2025-11-22,149.1,3.72,22060.24,completed
1334,3,1,1,5,2025-11-21,148.1,3.47,20960.73,completed
1335,3,14,1,7,2025-11-19,141.3,3.98,18803.41,completed
1336,3,2,2,8,2025-12-07,814.5,15.79,60633.88,completed
1337,3,14,2,4,2025-12-22,792.2,12.73,66791.36,completed
1338,3,2,1,5,2025-12-23,143.8,3.46,19515.7,completed
1339,3,1,1,7,2026-01-05,146.3,3.94,18829.67,completed
1340,3,1,2,8,2025-12-27,866.5,13.1,62894.79,completed
1341,3,14,1,2,2026-01-11,150.0,3.71,19745.31,completed
1342,3,4,2,3,2026-01-14,870.9,14.12,54969.37,completed
1343,3,1,1,4,2025-12-27,142.2,3.63,23932.41,completed
1344,3,14,1,6,2025-12-21,145.5,3.39,21882.69,completed
1345,3,1,1,5,2025-12-22,154.9,3.48,18655.12,completed
1346,3,2,1,2,2026-01-04,145.1,3.87,21645.28,completed
1347,3,5,2,2,2025-12-30,860.3,14.53,53824.71,completed
1348,3,2,1,1,2025-12-29,146.4,3.45,26960.23,completed
1349,3,5,2,8,2025-12-23,845.5,15.1,57822.59,completed
1350,3,4,1,3,2026-01-06,141.4,3.78,24737.37,completed
1351,3,14,2,4,2026-01-07,826.5,14.14,63629.78,completed
1352,3,5,2,8,2025-12-28,824.0,15.9,58026.25,completed
1353,3,14,1,5,2026-01-15,145.1,3.82,17545.05,completed
1354,3,1,1,2,2026-01-11,142.0,3.65,19623.75,completed
1355,3,5,1,5,2026-01-17,153.5,3.99,19097.65,completed
1356,3,4,2,3,2026-01-03,871.3,15.71,59239.82,completed
1357,3,1,1,7,2026-01-07,152.9,3.16,18573.13,completed
1358,3,2,2,6,2026-01-11,864.9,16.1,58063.21,completed
1359,3,2,1,8,2026-01-09,151.9,3.94,26390.7,completed
1360,3,3,1,2,2026-01-14,145.8,3.19,19181.94,completed
1361,3,2,2,7,2025-12-30,816.6,14.98,54150.31,completed
1362,3,3,1,5,2026-01-03,143.8,3.8,18335.31,completed
1363,3,3,2,4,2026-01-17,841.9,15.49,70290.88,completed
1364,3,5,1,8,2026-01-15,145.9,3.69,24242.98,completed
1365,3,3,2,5,2025-12-22,862.4,13.25,43080.54,completed
1366,3,1,2,1,2026-01-01,795.5,14.4,61776.57,completed
1367,3,1,1,7,2026-01-17,142.9,3.72,19750.15,completed
1368,3,4,1,8,2025-12-30,146.9,3.31,23324.52,completed
1369,3,4,2,2,2026-01-09,801.9,13.84,55262.35,completed
1370,3,3,2,1,2026-01-16,805.0,13.26,66460.11,completed
1371,3,4,1,3,2026-01-01,153.9,3.29,24777.54,completed
1372,3,14,1,8,2025-12-27,147.8,3.58,22447.33,completed
1373,3,4,1,6,2026-01-04,151.6,3.87,23516.98,completed
1374,3,1,1,2,2026-01-13,142.9,3.59,18717.57,completed
1375,3,14,1,1,2026-01-14,155.1,3.8,23968.6,completed
1376,3,3,2,8,2025-12-28,851.7,13.47,60579.04,completed
1377,3,2,1,3,2025-12-27,153.4,4.02,24885.29,completed
1378,3,2,1,7,2026-01-03,152.6,3.76,20617.59,completed
1379,3,5,1,4,2026-01-08,144.0,3.27,26570.92,completed
1380,3,2,1,5,2026-01-17,140.9,3.32,17771.75,completed
1381,3,4,1,7,2026-01-04,150.0,3.35,19033.53,completed
1382,3,4,2,7,2025-12-20,841.9,13.67,49597.65,completed
1383,3,3,2,6,2025-12-30,809.0,15.73,58630.34,completed
1384,3,1,1,1,2025-12-20,145.4,3.4,25544.13,completed
1385,3,4,2,2,2025-12-24,829.3,13.77,49185.92,completed
1386,3,14,1,2,2025-12-19,152.0,3.26,21457.46,completed
1387,3,14,2,6,2026-01-12,838.7,13.43,57250.25,completed
1388,3,5,2,4,2025-12-31,797.3,14.8,59347.3,completed
1389,3,5,1,1,2026-01-17,152.7,3.32,26651.0,completed
1390,3,1,2,2,2026-01-05,813.5,14.26,52981.76,completed
1391,3,1,1,3,2025-12-23,148.7,3.37,22168.31,completed
1392,3,4,2,6,2026-01-08,864.1,12.84,58694.92,completed
1393,3,2,2,1,2026-01-07,868.8,13.61,59080.09,completed
1394,3,14,1,4,2026-01-14,150.7,3.91,25344.53,completed
1395,3,4,1,3,2026-02-11,148.9,3.49,23668.84,completed
1396,3,2,2,4,2026-01-18,806.6,15.04,60288.79,completed
1397,3,3,2,5,2026-02-14,847.3,14.53,45138.22,completed
1398,3,1,1,4,2026-02-04,141.2,3.28,24520.27,completed
1399,3,3,2,3,2026-02-14,841.8,13.47,62495.46,completed
1400,3,1,1,2,2026-02-07,149.6,3.47,20068.49,completed
1401,3,14,1,5,2026-01-22,149.6,3.43,18774.41,completed
1402,3,3,1,1,2026-01-25,144.7,3.37,25890.86,completed
1403,3,14,1,2,2026-02-10,154.6,3.38,21478.8,completed
1404,3,2,1,8,2026-01-28,149.2,3.86,23176.34,completed
1405,3,4,2,3,2026-01-25,824.5,13.12,61777.15,completed
1406,3,4,2,2,2026-01-23,856.2,13.22,51329.69,completed
1407,3,14,2,3,2026-01-27,802.0,13.22,53404.87,completed
1408,3,1,2,4,2026-01-22,808.9,15.78,59150.88,completed
1409,3,14,2,2,2026-02-03,850.8,12.64,47995.96,completed
1410,3,4,1,7,2026-01-18,140.8,3.88,18255.74,completed
1411,3,2,1,3,2026-02-11,142.7,3.7,21657.49,completed
1412,3,1,1,1,2026-02-04,145.6,3.77,25918.85,completed
1413,3,4,1,3,2026-02-11,147.2,3.29,23921.97,completed
1414,3,2,2,8,2026-01-25,845.9,14.8,55353.89,completed
1415,3,1,1,1,2026-01-21,142.1,3.93,24970.98,completed
1416,3,1,2,3,2026-02-16,807.3,13.95,55805.94,completed
1417,3,2,2,5,2026-02-16,820.4,15.69,51436.59,completed
1418,3,2,1,8,2026-01-21,154.8,3.4,22961.18,completed
1419,3,1,1,6,2026-01-29,154.2,3.93,24404.94,completed
1420,3,4,1,3,2026-02-03,143.3,3.52,22844.64,completed
1421,3,3,2,5,2026-02-15,864.5,14.92,44025.01,completed
1422,3,1,2,2,2026-02-14,800.8,14.9,56232.53,completed
1423,3,4,2,3,2026-02-01,853.7,14.27,61677.12,completed
1424,3,5,1,2,2026-01-31,144.7,3.23,22602.68,completed
1425,3,4,1,3,2026-01-29,146.9,3.76,22771.27,completed
1426,3,2,2,6,2026-02-12,865.0,13.94,61245.34,completed
1427,3,5,2,8,2026-02-04,820.4,14.63,64655.06,completed
1428,3,14,2,4,2026-01-20,788.7,16.08,61261.56,completed
1429,3,5,1,6,2026-02-02,154.2,3.2,24559.27,completed
1430,3,2,2,6,2026-01-27,857.8,14.53,55804.37,completed
1431,3,2,2,4,2026-02-13,850.5,13.01,61124.35,completed
1432,3,14,1,7,2026-01-18,146.9,3.2,20576.65,completed
1433,3,4,1,2,2026-02-13,142.9,3.28,21088.85,completed
1434,3,2,1,2,2026-01-20,152.9,3.51,18681.66,completed
1435,3,14,1,8,2026-01-22,150.9,3.41,25505.8,completed
1436,3,4,2,6,2026-02-12,789.6,12.99,57879.53,completed
1437,3,5,1,1,2026-02-11,143.0,3.5,23134.22,completed
1438,3,5,2,8,2026-02-09,864.8,14.36,64753.65,completed
1439,3,2,1,7,2026-01-26,148.3,4.01,21673.56,completed
1440,3,4,1,4,2026-02-06,146.4,3.87,23577.28,completed
1441,3,4,1,8,2026-01-28,146.6,3.48,25042.12,completed
1442,3,14,1,6,2026-01-31,142.2,3.22,21126.29,completed
1443,3,2,2,1,2026-01-27,797.3,13.34,57701.66,completed
1444,3,2,1,5,2026-02-04,154.4,3.36,17984.1,completed
1445,3,5,1,1,2026-02-12,141.3,3.23,24669.84,completed
1446,3,3,2,1,2026-02-11,821.5,13.28,59182.23,completed
1447,3,2,2,6,2026-02-09,816.0,15.74,58215.22,completed
1448,3,1,1,3,2026-02-05,147.7,3.91,25023.93,completed
1449,3,2,1,5,2026-01-22,141.8,3.7,19822.58,completed
1450,3,14,1,4,2026-02-07,151.2,4.02,24016.46,completed
1451,3,2,2,8,2026-01-28,840.2,15.89,58208.73,completed
1452,3,2,1,7,2026-01-24,149.6,3.99,21768.16,completed
1453,3,1,2,2,2026-02-21,814.2,15.64,54506.38,completed
1454,3,1,1,8,2026-03-03,154.4,3.29,23394.67,completed
1455,3,3,2,6,2026-02-19,847.5,14.21,51425.26,completed
1456,3,4,2,5,2026-03-09,866.5,16.0,51868.54,completed
1457,3,3,2,1,2026-03-16,822.4,14.77,59234.49,completed
1458,3,3,1,8,2026-03-05,154.7,3.48,25975.9,completed
1459,3,3,2,8,2026-03-17,845.2,14.77,65312.77,completed
1460,3,14,1,4,2026-03-15,142.9,3.24,26189.64,completed
1461,3,5,2,3,2026-03-01,807.0,15.66,63242.11,completed
1462,3,4,1,6,2026-03-03,153.9,3.56,23141.18,completed
1463,3,14,1,3,2026-02-20,154.3,3.82,25597.5,completed
1464,3,3,1,7,2026-02-19,155.3,3.58,19076.45,completed
1465,3,3,2,2,2026-03-03,801.4,14.24,46971.22,completed
1466,3,5,1,6,2026-02-18,152.1,3.2,24695.15,completed
1467,3,4,2,7,2026-02-23,860.5,15.93,45085.37,completed
1468,3,3,2,5,2026-03-09,800.3,13.56,44715.26,completed
1469,3,14,1,5,2026-03-03,148.4,3.74,20545.18,completed
1470,3,1,2,3,2026-02-19,824.1,15.97,63727.92,completed
1471,3,2,2,3,2026-02-28,828.5,14.47,64282.94,completed
1472,3,3,1,7,2026-03-18,146.4,3.16,20563.89,completed
1473,3,14,1,2,2026-03-10,142.7,3.73,21024.95,completed
1474,3,2,2,1,2026-03-17,800.7,15.63,61363.41,completed
1475,3,3,1,7,2026-03-05,155.2,3.98,20680.25,completed
1476,3,14,1,8,2026-03-07,143.8,4.01,22343.59,completed
1477,3,5,2,3,2026-03-01,805.9,13.27,55709.37,completed
1478,3,3,1,6,2026-02-17,145.1,3.87,21608.75,completed
1479,3,14,1,8,2026-03-03,145.8,3.87,23882.3,completed
1480,3,1,2,6,2026-03-18,824.1,13.22,52602.91,completed
1481,3,4,1,7,2026-02-26,150.8,3.53,21166.56,completed
1482,3,1,2,2,2026-03-14,795.9,12.66,55240.38,completed
1483,3,4,2,2,2026-03-12,865.5,12.95,54355.37,completed
1484,3,14,2,1,2026-02-26,806.1,15.32,66227.35,completed
1485,3,2,2,2,2026-03-16,798.8,15.99,51435.09,completed
1486,3,14,2,7,2026-03-11,821.4,15.89,52317.89,completed
1487,3,3,1,5,2026-03-17,145.1,3.94,19731.96,completed
1488,3,1,2,4,2026-03-17,791.2,12.69,69979.7,completed
1489,3,3,2,6,2026-02-22,870.9,13.45,61415.56,completed
1490,3,5,2,4,2026-03-09,792.8,15.86,63307.3,completed
1491,3,14,2,3,2026-03-01,802.9,15.76,64701.26,completed
1492,3,2,1,7,2026-02-20,142.5,3.25,20631.7,completed
1493,3,5,2,5,2026-02-22,805.4,12.93,52103.2,completed
1494,3,14,2,1,2026-03-13,790.8,15.08,63029.44,completed
1495,3,1,1,7,2026-03-12,155.2,3.71,20727.31,completed
1496,3,2,2,3,2026-03-09,813.1,14.47,63762.8,completed
1497,3,3,1,7,2026-03-10,141.8,3.28,18024.93,completed
1498,3,1,1,2,2026-03-03,142.4,3.27,22468.6,completed
1499,3,1,2,3,2026-02-19,818.5,15.53,58994.52,completed
1500,3,4,2,2,2026-03-14,794.6,15.96,46802.25,completed
1501,3,14,1,4,2026-03-02,145.2,3.94,25229.44,completed
1502,3,3,1,3,2026-02-17,150.4,3.7,25532.19,completed
1503,3,3,1,2,2026-02-28,149.7,3.63,20633.39,completed
1504,3,1,1,5,2026-02-23,148.5,3.6,19530.87,completed
1505,3,3,1,4,2026-02-20,141.0,3.27,27937.61,completed
1506,3,3,1,3,2026-02-25,154.7,3.45,23537.94,completed
1507,3,14,2,8,2026-03-14,831.1,14.0,60698.99,completed
1508,3,2,1,5,2026-02-23,153.7,3.4,19840.49,completed
1509,3,5,2,2,2026-03-14,814.4,15.38,54507.75,completed
1510,3,4,2,7,2026-03-02,811.0,13.72,50453.66,completed
1511,3,4,1,7,2026-03-25,146.1,3.7,20065.88,completed
1512,3,2,1,8,2026-04-16,148.2,3.66,22034.07,completed
1513,3,4,2,6,2026-03-19,855.7,14.1,51914.81,completed
1514,3,2,1,6,2026-03-21,146.1,3.28,21218.33,completed
1515,3,1,2,2,2026-03-29,848.0,13.35,53698.83,completed
1516,3,5,2,4,2026-03-21,838.4,14.45,63207.33,completed
1517,3,14,1,5,2026-04-07,152.5,3.74,20831.99,completed
1518,3,3,2,7,2026-04-14,804.9,15.41,47719.2,completed
1519,3,3,2,1,2026-04-01,826.1,14.71,57163.33,completed
1520,3,5,2,4,2026-03-19,841.9,15.6,61906.42,completed
1521,3,3,1,8,2026-03-23,146.6,3.93,25960.38,completed
1522,3,14,1,6,2026-03-19,142.0,3.85,20562.54,completed
1523,3,3,2,5,2026-04-12,795.1,15.31,46338.2,completed
1524,3,4,2,1,2026-03-28,826.2,15.57,64306.15,completed
1525,3,5,1,6,2026-03-22,141.3,3.16,20381.8,completed
1526,3,14,1,6,2026-04-11,143.1,3.32,22210.57,completed
1527,3,14,2,1,2026-04-15,861.8,12.75,56337.08,completed
1528,3,1,1,5,2026-03-27,149.7,3.86,18472.18,completed
1529,3,2,2,3,2026-04-06,799.0,15.62,58598.2,completed
1530,3,14,2,8,2026-03-22,808.5,14.27,61014.43,completed
1531,3,3,2,5,2026-04-12,807.2,13.52,50020.14,completed
1532,3,3,2,2,2026-04-05,808.6,14.86,55222.86,completed
1533,3,1,1,2,2026-04-03,140.8,3.34,18879.51,completed
1534,3,4,2,4,2026-03-22,856.1,15.27,62623.32,completed
1535,3,14,2,5,2026-04-02,858.9,12.97,49297.45,completed
1536,3,3,1,4,2026-03-31,153.4,3.6,28333.46,completed
1537,3,1,2,4,2026-03-27,845.5,15.93,63692.53,completed
1538,3,4,1,3,2026-04-16,142.2,3.16,21768.89,completed
1539,3,3,2,3,2026-03-19,832.6,13.83,58781.84,completed
1540,3,3,1,2,2026-04-01,146.5,3.53,19507.95,completed
1541,3,4,2,1,2026-03-27,792.6,13.94,60263.54,completed
1542,3,3,2,4,2026-03-25,837.8,14.45,63428.58,completed
1543,3,1,2,7,2026-04-09,809.2,12.99,45043.73,completed
1544,3,1,1,1,2026-04-06,141.6,3.24,23592.58,completed
1545,3,4,1,7,2026-03-31,151.5,3.92,18221.16,completed
1546,3,2,2,8,2026-03-24,817.4,13.61,64221.59,completed
1547,3,1,2,1,2026-03-24,846.6,14.27,61915.1,completed
1548,3,2,2,4,2026-03-29,802.3,13.76,67034.91,completed
1549,3,1,2,3,2026-04-09,816.2,13.22,58762.47,completed
1550,3,2,2,2,2026-04-09,789.3,13.83,54443.7,completed
1551,3,4,2,1,2026-04-15,797.6,15.47,58750.44,completed
1552,3,5,2,4,2026-04-04,800.7,12.93,60383.26,completed
1553,3,4,2,6,2026-04-03,870.7,13.5,58891.67,completed
1554,3,3,2,5,2026-04-02,817.8,15.09,43160.93,completed
1555,3,3,2,2,2026-04-09,841.6,13.12,51949.85,completed
1556,3,14,2,4,2026-03-23,791.1,14.62,62839.95,completed
1557,3,2,2,6,2026-04-11,864.9,13.92,51629.33,completed
1558,3,14,1,5,2026-04-09,154.1,4.01,19296.81,completed
1559,3,14,1,5,2026-03-30,146.4,3.52,20609.08,completed
1560,3,2,2,5,2026-03-20,846.8,15.52,48572.88,completed
1561,3,4,1,7,2026-04-06,152.3,3.4,21653.89,completed
1562,3,14,1,8,2026-03-23,142.8,4.0,24136.3,completed
1563,3,4,1,5,2026-03-28,145.0,3.55,17459.66,completed
1564,3,5,1,5,2026-03-22,145.1,3.53,17415.96,completed
1565,3,3,1,1,2026-03-23,144.8,3.9,24008.58,completed
1566,3,14,1,2,2026-03-27,151.4,3.53,19220.55,completed
1567,3,2,1,5,2026-03-20,145.8,3.86,19022.4,completed
1568,3,4,2,7,2026-04-16,810.2,13.66,45521.57,completed
1569,3,5,2,3,2026-05-01,815.3,14.62,61176.03,completed
1570,3,2,1,5,2026-05-01,145.1,3.22,19332.64,completed
1571,3,4,2,3,2026-05-13,824.8,13.09,63503.07,completed
1572,3,5,2,6,2026-05-17,818.2,13.84,58333.09,completed
1573,3,4,2,7,2026-05-02,834.9,15.95,44823.96,completed
1574,3,2,2,2,2026-05-07,853.8,14.63,55960.88,completed
1575,3,5,2,3,2026-05-05,861.4,12.79,63786.47,completed
1576,3,4,2,3,2026-05-09,855.5,15.66,53226.57,completed
1577,3,1,2,1,2026-04-19,870.4,12.97,59030.91,completed
1578,3,5,1,5,2026-05-03,153.4,3.26,19854.02,completed
1579,3,5,1,4,2026-04-22,154.9,3.27,26196.1,completed
1580,3,14,1,5,2026-04-27,154.5,3.85,19963.22,completed
1581,3,1,1,2,2026-04-18,153.6,3.6,19263.51,completed
1582,3,1,1,4,2026-05-03,148.1,3.49,23415.1,completed
1583,3,4,1,5,2026-05-03,152.7,3.89,20971.31,completed
1584,3,14,2,8,2026-05-07,800.6,12.68,56171.84,completed
1585,3,2,1,4,2026-05-04,148.7,3.57,27125.61,completed
1586,3,14,2,5,2026-04-21,829.4,14.94,52202.56,completed
1587,3,14,2,7,2026-05-13,823.1,14.09,45612.62,completed
1588,3,4,1,5,2026-04-21,140.8,3.41,19370.6,completed
1589,3,3,2,1,2026-04-22,848.5,13.57,61477.85,completed
1590,3,5,1,6,2026-05-15,143.7,3.94,24124.6,completed
1591,3,2,2,2,2026-05-08,842.9,14.57,48142.02,completed
1592,3,3,2,3,2026-05-13,813.6,13.98,62164.55,completed
1593,3,4,2,7,2026-05-07,836.3,15.85,51073.82,completed
1594,3,14,2,3,2026-04-28,836.7,14.65,60112.07,completed
1595,3,1,2,2,2026-04-18,801.7,12.94,55393.52,completed
1596,3,14,1,8,2026-05-03,144.0,3.83,23442.98,completed
1597,3,2,1,2,2026-05-11,151.8,3.52,22324.84,completed
1598,3,5,1,1,2026-04-26,153.1,3.21,22841.65,completed
1599,3,2,2,1,2026-04-28,825.8,13.07,57019.8,completed
1600,3,3,1,4,2026-05-03,144.8,3.33,25551.64,completed
1601,3,5,1,7,2026-05-13,141.9,3.17,20948.42,completed
1602,3,1,1,4,2026-05-13,140.7,3.83,24014.91,completed
1603,3,2,1,6,2026-05-09,154.1,3.71,23534.9,completed
1604,3,2,2,4,2026-05-06,830.1,13.85,68925.51,completed
1605,3,4,1,2,2026-05-01,153.5,3.65,21219.45,completed
1606,3,1,1,5,2026-04-21,141.4,3.62,19120.07,completed
1607,3,3,1,4,2026-05-17,146.4,3.46,27573.17,completed
1608,3,1,1,5,2026-05-05,153.2,3.97,19413.24,completed
1609,3,5,2,7,2026-04-19,862.5,14.64,49954.82,completed
1610,3,1,2,1,2026-04-28,805.1,15.71,60902.4,completed
1611,3,2,1,3,2026-05-05,145.5,3.81,25121.7,completed
1612,3,4,1,4,2026-04-20,148.9,3.68,27456.8,completed
1613,3,1,1,6,2026-05-01,149.7,3.22,22941.66,completed
1614,3,3,2,3,2026-05-11,791.5,14.38,53649.32,completed
1615,3,4,2,7,2026-04-27,861.2,13.4,52287.26,completed
1616,3,2,1,1,2026-05-05,146.2,3.75,25285.29,completed
1617,3,1,1,8,2026-04-30,150.9,3.53,25591.21,completed
1618,3,1,2,3,2026-05-02,839.6,15.76,54550.04,completed
1619,3,3,2,4,2026-05-01,808.3,12.92,70096.26,completed
1620,3,4,1,4,2026-05-11,152.6,3.62,27182.04,completed
1621,3,14,1,1,2026-04-25,141.7,3.26,26297.48,completed
1622,3,1,1,5,2026-04-28,150.3,3.36,18549.98,completed
1623,3,5,2,3,2026-04-30,798.7,12.87,58810.91,completed
1624,3,4,2,4,2026-05-10,818.1,15.8,67730.64,completed
1625,3,14,1,8,2026-04-27,152.1,3.41,26445.34,completed
1626,3,3,1,5,2026-05-10,142.1,3.45,19283.43,completed
1627,3,3,2,8,2026-05-20,799.9,16.02,57148.19,completed
1628,3,14,1,5,2026-06-04,146.1,3.86,18018.69,completed
1629,3,2,1,1,2026-06-09,151.9,3.98,24454.37,completed
1630,3,1,1,8,2026-05-26,146.3,3.87,23220.92,completed
1631,3,3,1,1,2026-06-14,147.9,3.9,25293.25,completed
1632,3,1,2,8,2026-05-25,803.8,14.11,57174.62,completed
1633,3,1,1,5,2026-06-04,154.5,3.95,20130.96,completed
1634,3,5,2,5,2026-05-24,816.8,15.5,50272.47,completed
1635,3,14,2,7,2026-06-16,793.2,12.98,51830.6,completed
1636,3,5,2,5,2026-06-01,848.2,15.29,47084.17,completed
1637,3,4,2,3,2026-06-01,865.2,13.06,61964.05,completed
1638,3,14,1,5,2026-05-26,144.3,3.62,17539.68,completed
1639,3,1,2,7,2026-06-06,810.8,13.48,47265.27,completed
1640,3,3,1,2,2026-06-05,153.0,3.89,21365.61,completed
1641,3,1,2,8,2026-06-01,791.6,13.86,54782.78,completed
1642,3,1,1,7,2026-06-05,144.7,3.68,21537.78,completed
1643,3,4,2,2,2026-05-23,853.8,13.51,49245.37,completed
1644,3,2,2,3,2026-06-07,860.8,14.9,55217.48,completed
1645,3,14,1,2,2026-05-19,148.1,3.54,19392.82,completed
1646,3,5,2,1,2026-06-09,867.5,16.07,58508.41,completed
1647,3,14,2,1,2026-06-14,817.8,15.11,66298.94,completed
1648,3,1,1,6,2026-05-20,142.3,3.22,22531.22,completed
1649,3,5,1,6,2026-05-29,150.7,3.21,23981.12,completed
1650,3,2,2,5,2026-05-18,853.9,13.77,46153.79,completed
1651,3,4,2,6,2026-05-27,801.8,12.76,57621.56,completed
1652,3,1,1,1,2026-06-06,145.2,3.78,23321.82,completed
1653,3,4,2,4,2026-06-13,843.0,13.13,65757.25,completed
1654,3,2,1,2,2026-06-05,149.1,3.63,20714.47,completed
1655,3,5,2,2,2026-06-12,827.7,14.44,47107.32,completed
1656,3,3,2,6,2026-05-24,812.8,13.45,60030.1,completed
1657,3,2,1,6,2026-06-01,155.0,3.76,21666.67,completed
1658,3,3,2,7,2026-05-20,830.5,15.8,48034.65,completed
1659,3,4,2,4,2026-06-12,835.8,15.49,63637.62,completed
1660,3,4,1,4,2026-06-08,142.6,3.38,26313.61,completed
1661,3,3,2,6,2026-05-21,823.4,16.04,51541.94,completed
1662,3,2,2,4,2026-06-15,802.3,14.07,64093.27,completed
1663,3,2,2,2,2026-06-14,824.3,15.02,46927.68,completed
1664,3,5,1,3,2026-06-14,146.3,3.52,23763.49,completed
1665,3,14,1,7,2026-06-04,144.9,3.44,18776.08,completed
1666,3,14,2,2,2026-05-19,864.9,15.92,47338.34,completed
1667,3,14,2,8,2026-06-13,851.4,15.05,59968.64,completed
1668,3,2,1,2,2026-06-15,149.4,3.74,18662.22,completed
1669,3,3,2,7,2026-06-01,848.5,13.58,46299.55,completed
1670,3,3,1,4,2026-06-02,148.9,3.94,25052.78,completed
1671,3,3,2,5,2026-05-30,803.3,13.1,46077.66,completed
1672,3,5,1,7,2026-05-26,149.7,3.24,20097.55,completed
1673,3,1,2,3,2026-05-27,824.9,15.7,56391.09,completed
1674,3,5,2,5,2026-06-11,807.7,13.58,44046.02,completed
1675,3,5,1,4,2026-06-13,143.1,3.67,25920.01,completed
1676,3,1,1,4,2026-06-02,141.0,3.33,27595.71,completed
1677,3,5,2,8,2026-05-22,813.0,12.98,64772.11,completed
1678,3,4,1,8,2026-06-02,153.4,4.02,23148.45,completed
1679,3,1,1,6,2026-06-10,151.4,3.44,23819.94,completed
1680,3,4,2,5,2026-06-07,844.3,12.86,50064.68,completed
1681,3,4,2,1,2026-05-21,854.4,13.71,67225.55,completed
1682,3,2,1,1,2026-05-22,153.5,3.34,25177.4,completed
1683,3,4,1,5,2026-05-22,143.4,3.58,19065.74,completed
1684,3,14,1,4,2026-06-15,148.2,3.78,23746.58,completed
1685,3,4,1,1,2026-06-19,149.6,3.77,24703.92,completed
1686,3,14,1,7,2026-06-25,149.9,3.36,20248.98,completed
1687,3,5,2,8,2026-07-08,861.4,15.54,66270.17,completed
1688,3,4,2,8,2026-07-12,838.1,14.5,62329.83,completed
1689,3,2,2,2,2026-06-20,862.9,15.27,56541.21,completed
1690,3,3,2,8,2026-06-24,798.1,14.23,62723.38,completed
1691,3,3,2,2,2026-07-09,799.1,15.69,50695.22,completed
1692,3,14,2,7,2026-06-24,810.7,13.35,44836.73,completed
1693,3,5,2,1,2026-07-11,844.5,14.04,59687.0,completed
1694,3,4,2,7,2026-06-25,810.8,15.15,53582.45,completed
1695,3,3,2,1,2026-07-01,836.0,13.18,60758.92,completed
1696,3,5,1,2,2026-07-06,149.6,3.17,19994.89,completed
1697,3,1,1,7,2026-07-11,154.1,3.82,20610.73,completed
1698,3,5,1,1,2026-06-23,143.5,3.29,24067.38,completed
1699,3,3,2,4,2026-07-12,819.5,14.05,60306.92,completed
1700,3,1,1,1,2026-07-14,154.5,3.24,22374.14,completed
1701,3,1,2,8,2026-06-22,790.5,14.81,58114.54,completed
1702,3,3,1,1,2026-07-10,152.2,3.72,22887.03,completed
1703,3,1,1,5,2026-06-19,151.3,3.82,17495.13,completed
1704,3,1,2,1,2026-07-10,838.7,13.13,65961.86,completed
1705,3,5,2,4,2026-07-14,815.4,14.39,62257.7,completed
1706,3,3,1,5,2026-07-01,144.5,3.72,17987.7,completed
1707,3,3,2,7,2026-06-30,868.8,14.56,45471.32,completed
1708,3,14,2,5,2026-07-04,820.2,16.08,47875.55,completed
1709,3,5,2,6,2026-07-09,807.1,16.01,51843.42,completed
1710,3,4,2,4,2026-06-28,797.5,13.69,64387.43,completed
1711,3,1,1,2,2026-07-04,153.4,3.58,19330.72,completed
1712,3,2,1,2,2026-06-29,147.6,3.78,21182.26,completed
1713,3,4,1,1,2026-06-25,151.6,3.88,24313.7,completed
1714,3,14,1,6,2026-07-05,153.5,3.38,22944.29,completed
1715,3,5,1,8,2026-07-02,150.2,3.43,23391.26,completed
1716,3,1,2,2,2026-06-30,819.7,15.25,53812.3,completed
1717,3,2,1,2,2026-06-23,155.0,3.18,20441.67,completed
1718,3,2,2,8,2026-07-07,828.9,15.22,64433.32,completed
1719,3,1,2,7,2026-06-26,871.1,15.12,45714.07,completed
1720,3,5,2,6,2026-07-15,842.5,13.1,54805.86,completed
1721,3,5,1,6,2026-07-06,147.5,3.97,21380.58,completed
1722,3,5,1,3,2026-07-09,140.7,3.51,25181.45,completed
1723,3,1,1,8,2026-06-17,143.4,3.76,23385.54,completed
1724,3,1,2,6,2026-06-18,837.8,12.83,57655.94,completed
1725,3,14,1,6,2026-06-17,144.7,3.87,24425.46,completed
1726,3,3,2,5,2026-07-06,866.0,14.56,50365.58,completed
1727,3,5,1,2,2026-06-21,143.8,3.31,19056.32,completed
1728,3,5,1,3,2026-07-05,146.3,3.65,24309.32,completed
1729,3,2,2,8,2026-06-22,807.7,13.36,54707.45,completed
1730,3,2,1,3,2026-07-02,145.4,3.93,25395.05,completed
1731,3,5,1,3,2026-07-12,150.4,3.44,23340.03,completed
1732,3,5,1,4,2026-06-29,146.3,3.57,25240.08,completed
1733,3,5,2,6,2026-06-19,858.4,15.94,60561.96,completed
1734,3,4,2,3,2026-07-04,846.2,13.48,58373.2,completed
1735,3,14,1,7,2026-06-28,153.4,3.9,18524.93,completed
1736,3,2,2,7,2026-07-06,871.3,15.89,50091.96,completed
1737,3,2,2,6,2026-07-16,789.4,14.15,59035.82,completed
1738,3,5,1,1,2026-06-26,154.1,3.95,23900.84,completed
1739,3,1,1,5,2026-07-07,147.7,3.19,18264.19,completed
1740,3,14,2,5,2026-06-18,856.8,15.62,52317.78,completed
1741,3,4,2,8,2026-06-22,861.1,15.23,60427.4,completed
1742,3,3,1,1,2026-06-17,151.2,3.77,25308.96,completed
1743,3,1,1,3,2026-07-30,142.4,3.54,25203.45,completed
1744,3,1,1,6,2026-08-13,155.2,3.32,22698.38,completed
1745,3,14,1,6,2026-08-13,153.9,3.3,24298.5,completed
1746,3,14,2,1,2026-07-29,843.9,12.82,60840.19,completed
1747,3,14,1,3,2026-07-25,147.2,3.39,21659.25,completed
1748,3,2,1,7,2026-08-06,153.0,3.15,20777.44,completed
1749,3,1,2,6,2026-07-27,857.9,12.9,55870.34,completed
1750,3,1,2,2,2026-08-15,849.1,13.25,47512.31,completed
1751,3,1,1,3,2026-07-23,147.4,3.92,24276.79,completed
1752,3,14,1,5,2026-08-06,153.4,3.8,20818.16,completed
1753,3,1,1,5,2026-07-29,143.2,3.27,19912.62,completed
1754,3,2,2,7,2026-08-12,861.8,13.22,46413.63,completed
1755,3,14,2,5,2026-07-31,829.2,14.63,45560.96,completed
1756,3,14,2,8,2026-08-07,791.5,15.52,64780.52,completed
1757,3,5,2,3,2026-08-04,846.8,13.81,55644.7,completed
1758,3,3,2,4,2026-08-08,834.3,15.2,70748.6,completed
1759,3,5,2,2,2026-08-10,806.6,13.51,48755.97,completed
1760,3,4,1,3,2026-07-21,145.4,3.64,23470.24,completed
1761,3,14,1,6,2026-07-20,153.5,3.16,23082.62,completed
1762,3,3,2,8,2026-07-27,796.8,15.8,62546.76,completed
1763,3,4,2,3,2026-08-03,790.3,15.43,55355.27,completed
1764,3,14,2,7,2026-07-29,808.7,15.13,49238.36,completed
1765,3,14,2,8,2026-07-29,869.1,15.67,58322.11,completed
1766,3,4,1,7,2026-08-10,149.1,3.67,18886.67,completed
1767,3,3,1,3,2026-08-14,150.9,3.61,24082.62,completed
1768,3,14,1,3,2026-07-27,141.4,3.23,24988.49,completed
1769,3,4,1,6,2026-07-29,140.6,3.28,20994.04,completed
1770,3,3,1,5,2026-07-19,153.3,3.53,17918.57,completed
1771,3,14,1,3,2026-08-03,146.1,3.57,25258.28,completed
1772,3,4,2,2,2026-08-03,846.5,15.79,53683.24,completed
1773,3,14,2,8,2026-07-24,796.5,13.05,63946.13,completed
1774,3,3,1,7,2026-08-14,150.6,3.91,18941.45,completed
1775,3,3,2,2,2026-08-01,869.0,12.69,53508.22,completed
1776,3,3,1,4,2026-07-28,152.8,3.68,25046.23,completed
1777,3,14,2,2,2026-07-24,804.1,13.34,48004.13,completed
1778,3,3,2,2,2026-07-29,823.8,13.6,53344.37,completed
1779,3,1,2,8,2026-07-25,823.5,13.17,66320.93,completed
1780,3,1,1,8,2026-07-28,142.1,3.9,25204.28,completed
1781,3,3,1,3,2026-07-21,146.3,3.55,23977.87,completed
1782,3,4,2,7,2026-08-10,823.8,15.2,45089.66,completed
1783,3,5,1,8,2026-07-28,151.1,3.89,25665.68,completed
1784,3,2,2,2,2026-07-30,820.3,14.96,52078.22,completed
1785,3,3,1,1,2026-08-15,144.4,3.6,25777.45,completed
1786,3,1,2,7,2026-07-31,798.6,14.31,47338.97,completed
1787,3,5,2,1,2026-08-07,823.8,14.96,60257.54,completed
1788,3,2,1,5,2026-07-26,140.9,3.43,18577.59,completed
1789,3,3,1,2,2026-08-09,151.5,3.37,18781.58,completed
1790,3,2,1,2,2026-08-09,147.9,3.93,19228.83,completed
1791,3,14,2,8,2026-08-05,857.0,15.52,57640.82,completed
1792,3,1,2,1,2026-07-27,800.7,16.02,60300.84,completed
1793,3,5,1,7,2026-08-09,154.3,3.81,18131.91,completed
1794,3,1,2,7,2026-07-22,809.8,14.89,53958.55,completed
1795,3,1,1,7,2026-08-11,144.5,3.42,18578.91,completed
1796,3,3,1,1,2026-08-04,151.9,3.53,24615.95,completed
1797,3,5,1,5,2026-08-07,146.5,3.31,17387.46,completed
1798,3,1,2,5,2026-07-30,853.4,14.9,45011.99,completed
1799,3,4,2,5,2026-08-05,841.2,12.94,50588.09,completed
1800,3,14,1,1,2026-07-27,149.6,3.79,23369.24,completed
1801,4,15,4,7,2025-08-31,280.3,5.72,18917.16,completed
1802,4,8,4,6,2025-09-01,271.2,6.12,22695.69,completed
1803,4,15,4,4,2025-09-12,277.9,5.5,22899.88,completed
1804,4,15,3,8,2025-09-01,238.8,4.65,17858.66,completed
1805,4,8,4,5,2025-09-04,267.8,5.81,18754.46,completed
1806,4,15,3,6,2025-09-03,239.2,4.9,17734.74,completed
1807,4,7,4,8,2025-09-02,270.7,5.78,24965.17,completed
1808,4,9,3,2,2025-08-27,223.9,4.38,15638.52,completed
1809,4,15,3,7,2025-09-03,226.4,5.06,15405.37,completed
1810,4,8,4,6,2025-09-10,291.8,6.27,19638.44,completed
1811,4,7,4,7,2025-09-17,288.2,5.34,18401.25,completed
1812,4,7,4,3,2025-09-02,281.9,5.41,21438.66,completed
1813,4,6,4,3,2025-09-02,278.7,5.53,22744.88,completed
1814,4,15,3,1,2025-08-28,235.8,5.17,18409.56,completed
1815,4,8,4,1,2025-09-09,282.9,5.6,22279.12,completed
1816,4,6,3,6,2025-09-13,239.8,4.49,18405.64,completed
1817,4,9,3,3,2025-09-01,226.9,4.58,19787.04,completed
1818,4,7,3,6,2025-08-30,222.1,4.7,16469.84,completed
1819,4,15,4,4,2025-09-04,289.3,6.29,26919.36,completed
1820,4,7,3,6,2025-08-28,243.8,4.06,17903.66,completed
1821,4,15,3,7,2025-09-05,223.0,4.52,17025.1,completed
1822,4,15,4,2,2025-09-10,287.0,5.55,21533.51,completed
1823,4,9,3,5,2025-09-16,239.3,4.46,16322.48,completed
1824,4,6,4,7,2025-08-24,274.3,6.08,17433.22,completed
1825,4,8,3,3,2025-09-03,224.7,4.32,19535.02,completed
1826,4,8,4,4,2025-08-24,286.4,5.58,23684.51,completed
1827,4,8,4,4,2025-08-31,279.4,6.03,23514.19,completed
1828,4,15,4,5,2025-08-22,271.1,5.35,19069.14,completed
1829,4,15,3,6,2025-09-01,228.5,4.86,18811.4,completed
1830,4,9,4,8,2025-09-11,287.8,5.91,22081.0,completed
1831,4,9,3,5,2025-08-29,222.0,4.29,15753.42,completed
1832,4,15,4,3,2025-08-21,287.2,5.98,21308.88,completed
1833,4,15,4,8,2025-09-18,276.6,5.16,21507.8,completed
1834,4,9,4,6,2025-09-17,285.2,6.15,23136.81,completed
1835,4,9,4,3,2025-09-18,285.7,5.04,21848.16,completed
1836,4,7,3,5,2025-08-28,235.5,4.87,14260.89,completed
1837,4,8,3,4,2025-09-05,242.6,5.07,20577.22,completed
1838,4,8,3,4,2025-09-11,235.9,5.12,18807.66,completed
1839,4,15,3,5,2025-09-07,233.9,4.14,16396.97,completed
1840,4,15,3,8,2025-09-06,227.3,4.88,18501.14,completed
1841,4,9,3,4,2025-08-26,235.5,4.67,18838.33,completed
1842,4,6,3,4,2025-09-18,233.5,4.12,22418.68,completed
1843,4,15,3,4,2025-09-14,232.2,4.65,21083.21,completed
1844,4,6,3,6,2025-08-27,231.6,4.59,17961.7,completed
1845,4,15,3,4,2025-10-05,221.6,4.53,19916.0,completed
1846,4,7,3,8,2025-10-08,235.7,4.56,20674.66,completed
1847,4,9,3,5,2025-10-09,236.1,4.42,14630.92,completed
1848,4,8,4,5,2025-09-28,273.9,5.33,19453.1,completed
1849,4,6,4,8,2025-10-14,280.7,5.39,25078.09,completed
1850,4,7,4,8,2025-09-25,279.1,5.37,21024.95,completed
1851,4,15,4,6,2025-10-16,288.8,6.0,19966.84,completed
1852,4,15,3,5,2025-09-29,233.7,4.17,14782.02,completed
1853,4,15,4,4,2025-10-11,271.3,6.0,22824.29,completed
1854,4,15,3,3,2025-10-11,243.6,5.15,17643.08,completed
1855,4,7,4,5,2025-10-19,293.2,6.1,17262.49,completed
1856,4,8,4,3,2025-09-30,290.3,5.38,23401.02,completed
1857,4,15,4,7,2025-10-02,267.1,6.24,19747.32,completed
1858,4,8,3,7,2025-10-10,244.1,4.91,16844.76,completed
1859,4,7,3,4,2025-10-11,228.2,4.47,21645.02,completed
1860,4,9,4,7,2025-09-30,287.7,6.05,18979.49,completed
1861,4,6,4,5,2025-09-22,276.1,5.61,17191.03,completed
1862,4,9,4,1,2025-10-12,286.8,5.29,25608.33,completed
1863,4,6,4,1,2025-09-21,274.7,5.46,24106.91,completed
1864,4,9,4,2,2025-09-24,269.0,6.29,21108.43,completed
1865,4,7,4,3,2025-10-08,272.6,5.07,21485.44,completed
1866,4,15,3,6,2025-10-07,227.4,4.65,18988.14,completed
1867,4,7,4,1,2025-10-14,291.4,5.91,24717.97,completed
1868,4,9,4,6,2025-10-13,272.1,5.59,22959.87,completed
1869,4,8,4,6,2025-09-26,286.7,5.3,22077.58,completed
1870,4,6,3,3,2025-10-10,230.6,4.6,18603.99,completed
1871,4,15,3,1,2025-10-01,231.5,4.09,17923.9,completed
1872,4,8,4,8,2025-10-08,268.8,5.05,22260.01,completed
1873,4,15,3,2,2025-09-25,241.1,4.15,17587.93,completed
1874,4,6,4,4,2025-10-14,289.9,5.59,25420.03,completed
1875,4,6,3,6,2025-09-25,229.3,4.64,18573.41,completed
1876,4,9,4,1,2025-10-08,284.5,5.49,22484.9,completed
1877,4,8,3,4,2025-10-03,241.3,4.71,19295.83,completed
1878,4,7,4,8,2025-10-14,293.0,6.18,24506.26,completed
1879,4,7,3,4,2025-09-26,223.7,4.65,19951.35,completed
1880,4,15,3,3,2025-10-01,229.0,4.4,20664.44,completed
1881,4,7,3,4,2025-09-29,244.4,4.31,19348.92,completed
1882,4,6,3,6,2025-09-24,243.4,4.19,19402.52,completed
1883,4,9,4,1,2025-10-17,287.7,5.47,24596.19,completed
1884,4,9,4,8,2025-09-26,277.6,6.07,21670.0,completed
1885,4,15,3,3,2025-10-19,233.4,4.23,19238.65,completed
1886,4,9,3,2,2025-10-13,238.8,4.41,16944.83,completed
1887,4,6,3,4,2025-10-15,232.5,4.62,20774.67,completed
1888,4,6,4,1,2025-10-02,278.2,6.13,24875.12,completed
1889,4,8,4,6,2025-11-15,293.5,5.85,19466.46,completed
1890,4,9,3,2,2025-11-17,243.5,4.36,16501.74,completed
1891,4,7,4,1,2025-11-16,282.8,5.13,22274.7,completed
1892,4,9,3,3,2025-11-13,235.2,4.29,17195.51,completed
1893,4,15,4,6,2025-11-02,278.7,5.19,22698.34,completed
1894,4,8,3,3,2025-11-17,239.7,4.08,20551.9,completed
1895,4,9,3,5,2025-11-09,241.0,4.75,14945.08,completed
1896,4,8,3,1,2025-10-20,222.1,5.03,21387.15,completed
1897,4,15,4,1,2025-11-01,287.3,5.18,24683.24,completed
1898,4,8,3,1,2025-11-17,231.1,4.12,18743.45,completed
1899,4,9,4,8,2025-11-16,279.3,6.13,24859.1,completed
1900,4,9,3,5,2025-11-04,227.3,4.41,16559.34,completed
1901,4,9,4,2,2025-11-04,290.9,5.22,20590.09,completed
1902,4,7,3,3,2025-10-27,238.7,4.86,19545.15,completed
1903,4,7,4,2,2025-10-27,287.5,5.36,18636.31,completed
1904,4,7,4,5,2025-10-30,285.5,5.75,17839.37,completed
1905,4,6,3,7,2025-11-14,225.6,4.21,14916.01,completed
1906,4,7,3,4,2025-11-01,234.7,4.59,20009.65,completed
1907,4,15,4,4,2025-11-01,273.0,5.8,24283.14,completed
1908,4,8,4,2,2025-11-09,292.9,5.41,20667.74,completed
1909,4,8,3,5,2025-11-14,239.3,4.56,16474.76,completed
1910,4,15,3,6,2025-10-28,229.9,4.77,16463.73,completed
1911,4,7,3,2,2025-11-03,224.2,4.85,17692.45,completed
1912,4,8,3,6,2025-11-03,244.3,4.14,17809.68,completed
1913,4,15,3,7,2025-10-26,237.2,4.92,14737.61,completed
1914,4,15,3,6,2025-11-08,234.5,4.65,19050.02,completed
1915,4,15,3,6,2025-10-27,244.6,4.24,18738.85,completed
1916,4,7,3,2,2025-11-09,235.8,5.0,17042.63,completed
1917,4,7,3,7,2025-10-28,243.9,4.5,14442.98,completed
1918,4,9,4,7,2025-11-03,287.2,5.36,18093.39,completed
1919,4,15,3,5,2025-11-10,242.9,4.74,14756.23,completed
1920,4,9,3,1,2025-10-24,240.5,4.91,18430.28,completed
1921,4,7,3,7,2025-11-09,235.1,4.33,15618.05,completed
1922,4,7,4,2,2025-10-28,278.2,5.95,18203.89,completed
1923,4,9,3,4,2025-10-24,239.1,4.06,21460.65,completed
1924,4,15,3,5,2025-10-23,235.3,4.31,16167.12,completed
1925,4,6,4,5,2025-11-06,279.7,5.05,19002.41,completed
1926,4,6,4,5,2025-11-01,274.1,5.81,19346.97,completed
1927,4,9,4,3,2025-11-13,281.6,5.07,21450.74,completed
1928,4,9,4,4,2025-11-15,279.1,5.03,25506.56,completed
1929,4,8,3,5,2025-11-17,233.2,4.52,14572.42,completed
1930,4,6,4,6,2025-10-20,289.6,5.28,19619.22,completed
1931,4,15,4,4,2025-11-02,269.9,6.02,25330.18,completed
1932,4,15,4,7,2025-11-05,285.7,5.01,20151.43,completed
1933,4,15,3,2,2025-11-22,239.2,4.46,15327.06,completed
1934,4,6,4,7,2025-11-30,279.3,5.58,19313.52,completed
1935,4,9,3,7,2025-12-10,226.4,4.25,17170.87,completed
1936,4,8,4,2,2025-12-18,267.7,5.58,19269.75,completed
1937,4,8,4,6,2025-11-30,273.9,5.56,23339.34,completed
1938,4,9,3,6,2025-12-11,227.5,4.94,19811.44,completed
1939,4,9,3,6,2025-12-13,240.4,5.0,17493.53,completed
1940,4,8,3,6,2025-12-08,240.1,5.14,18177.95,completed
1941,4,6,4,5,2025-12-18,284.9,5.38,18926.4,completed
1942,4,9,4,3,2025-11-25,286.8,5.43,21332.43,completed
1943,4,7,4,6,2025-11-24,270.1,5.75,20564.25,completed
1944,4,9,4,3,2025-12-08,272.5,5.07,23261.9,completed
1945,4,7,4,5,2025-12-11,276.9,5.13,17542.69,completed
1946,4,8,4,2,2025-12-08,269.3,6.32,19889.42,completed
1947,4,7,4,1,2025-12-06,294.8,4.99,21833.87,completed
1948,4,7,3,4,2025-12-17,236.4,4.29,19608.42,completed
1949,4,7,3,5,2025-11-19,232.6,4.54,16430.48,completed
1950,4,7,3,7,2025-12-16,230.7,4.7,15934.16,completed
1951,4,8,4,5,2025-12-14,279.1,5.45,19215.57,completed
1952,4,15,3,6,2025-11-30,237.5,4.41,16513.96,completed
1953,4,6,3,3,2025-12-18,233.2,4.59,20018.73,completed
1954,4,15,4,2,2025-11-26,287.1,5.84,20477.85,completed
1955,4,8,3,8,2025-12-07,232.1,4.54,20794.86,completed
1956,4,7,4,2,2025-11-19,282.7,5.03,19849.61,completed
1957,4,7,4,8,2025-11-21,268.8,5.94,23863.76,completed
1958,4,15,4,1,2025-12-04,288.4,5.13,23127.57,completed
1959,4,9,4,4,2025-11-28,285.9,5.4,24706.28,completed
1960,4,15,4,3,2025-12-10,291.2,6.28,22774.95,completed
1961,4,15,3,6,2025-11-22,223.0,4.12,19030.83,completed
1962,4,7,4,3,2025-11-26,288.7,6.31,24534.08,completed
1963,4,9,3,1,2025-12-12,223.4,5.11,18333.87,completed
1964,4,9,4,7,2025-12-11,290.8,5.2,18665.57,completed
1965,4,7,4,6,2025-12-11,274.0,5.07,21023.06,completed
1966,4,7,4,7,2025-11-26,285.1,5.06,18203.26,completed
1967,4,15,4,2,2025-11-27,284.0,6.3,17732.99,completed
1968,4,6,3,6,2025-11-24,244.3,4.06,16242.24,completed
1969,4,8,4,7,2025-11-19,282.9,5.47,19887.44,completed
1970,4,7,3,3,2025-12-09,225.6,4.3,19399.91,completed
1971,4,7,4,2,2025-12-08,271.9,5.56,19120.78,completed
1972,4,9,3,3,2025-11-19,243.1,5.05,19404.5,completed
1973,4,8,3,5,2025-11-22,225.6,4.63,14871.08,completed
1974,4,7,3,8,2025-12-08,235.6,4.43,18139.84,completed
1975,4,9,4,7,2025-11-22,268.8,5.29,19394.64,completed
1976,4,9,3,4,2025-11-25,222.3,4.12,21966.09,completed
1977,4,15,4,2,2025-12-21,276.0,5.68,20255.84,completed
1978,4,8,4,4,2025-12-29,288.4,5.35,22730.52,completed
1979,4,9,4,7,2025-12-31,267.6,5.09,17194.59,completed
1980,4,8,4,7,2026-01-03,288.6,6.01,20608.82,completed
1981,4,7,3,1,2025-12-21,235.0,5.06,19078.5,completed
1982,4,6,3,6,2026-01-05,243.9,4.48,16336.89,completed
1983,4,9,4,1,2026-01-11,290.8,5.65,23491.28,completed
1984,4,6,3,4,2026-01-02,242.1,4.85,22612.99,completed
1985,4,9,3,4,2025-12-25,235.6,4.1,21041.2,completed
1986,4,6,4,4,2026-01-17,292.4,5.86,23490.41,completed
1987,4,9,4,3,2026-01-14,292.7,5.5,21169.87,completed
1988,4,15,3,3,2025-12-26,227.4,5.09,19403.29,completed
1989,4,8,4,4,2026-01-01,278.6,5.52,25451.06,completed
1990,4,9,4,4,2025-12-27,284.6,5.49,25009.0,completed
1991,4,7,4,3,2025-12-21,270.2,6.19,23002.05,completed
1992,4,7,4,2,2026-01-05,293.5,5.3,18937.23,completed
1993,4,15,4,5,2025-12-28,283.0,5.1,17341.68,completed
1994,4,7,3,7,2025-12-21,233.0,4.19,16049.03,completed
1995,4,9,3,8,2025-12-22,222.2,4.49,17968.99,completed
1996,4,7,3,2,2026-01-01,231.6,4.21,16979.59,completed
1997,4,7,3,4,2026-01-11,234.6,5.12,19990.52,completed
1998,4,7,4,5,2025-12-30,292.3,5.03,17984.4,completed
1999,4,8,4,3,2026-01-04,272.1,5.22,20432.37,completed
2000,4,9,4,1,2025-12-21,283.9,5.35,25062.79,completed
2001,4,15,3,3,2025-12-29,237.3,4.51,17262.65,completed
2002,4,8,3,3,2025-12-30,242.4,4.82,17193.39,completed
2003,4,6,3,7,2026-01-06,230.4,4.69,14473.16,completed
2004,4,15,3,1,2026-01-05,236.5,5.07,18152.99,completed
2005,4,15,4,5,2025-12-31,288.0,5.89,17939.59,completed
2006,4,9,4,6,2026-01-03,271.3,5.69,23108.43,completed
2007,4,7,4,4,2025-12-28,271.8,6.28,25190.25,completed
2008,4,8,4,3,2026-01-11,289.6,5.15,20241.14,completed
2009,4,15,4,7,2026-01-15,278.3,6.11,17737.16,completed
2010,4,9,4,4,2026-01-01,279.9,5.57,26399.13,completed
2011,4,8,4,8,2025-12-29,278.2,5.94,22224.36,completed
2012,4,7,3,4,2026-01-10,225.9,5.03,19463.75,completed
2013,4,15,4,8,2026-01-15,278.4,5.84,24241.24,completed
2014,4,7,3,7,2026-01-03,236.5,4.39,14632.65,completed
2015,4,7,4,1,2025-12-25,292.0,5.86,22690.67,completed
2016,4,9,4,3,2025-12-19,277.8,5.87,23254.44,completed
2017,4,9,4,3,2026-01-06,272.5,5.52,23647.94,completed
2018,4,7,4,4,2026-01-12,275.8,6.23,26632.69,completed
2019,4,6,3,2,2025-12-21,242.8,5.03,15008.37,completed
2020,4,8,4,2,2026-01-17,272.7,5.16,21190.63,completed
2021,4,6,3,5,2026-01-29,228.7,5.07,15711.93,completed
2022,4,8,4,8,2026-02-09,275.5,6.05,21529.94,completed
2023,4,7,3,3,2026-01-31,242.6,4.51,17496.5,completed
2024,4,7,4,5,2026-01-21,271.1,5.56,18715.93,completed
2025,4,9,3,3,2026-02-02,225.3,4.07,18485.0,completed
2026,4,15,4,8,2026-02-05,292.1,6.28,21560.41,completed
2027,4,6,4,6,2026-02-15,271.9,5.81,20765.54,completed
2028,4,6,4,3,2026-02-16,285.7,6.27,23688.72,completed
2029,4,6,4,5,2026-01-29,289.4,4.97,18494.63,completed
2030,4,8,4,3,2026-02-14,281.4,6.3,21278.86,completed
2031,4,8,3,8,2026-02-15,236.5,4.84,18185.16,completed
2032,4,9,4,8,2026-01-28,288.0,5.99,20909.34,completed
2033,4,8,4,2,2026-02-04,291.5,6.22,17776.04,completed
2034,4,8,3,1,2026-01-30,232.3,4.49,18651.94,completed
2035,4,8,4,7,2026-01-29,290.9,6.03,19899.1,completed
2036,4,7,4,6,2026-01-29,282.5,5.62,22254.32,completed
2037,4,9,4,2,2026-02-16,289.6,6.21,20288.38,completed
2038,4,7,3,1,2026-02-12,227.0,4.25,20884.08,completed
2039,4,15,3,3,2026-02-12,223.4,4.13,17945.44,completed
2040,4,15,3,6,2026-01-20,235.9,5.03,16799.73,completed
2041,4,6,4,6,2026-02-06,286.7,5.22,19708.12,completed
2042,4,6,3,3,2026-02-09,221.4,4.94,20652.05,completed
2043,4,6,3,4,2026-02-09,228.8,4.65,19000.9,completed
2044,4,9,4,4,2026-02-06,280.1,5.96,25529.49,completed
2045,4,7,3,8,2026-02-03,225.4,4.27,17559.48,completed
2046,4,6,3,4,2026-02-09,225.7,5.0,21831.71,completed
2047,4,9,3,3,2026-02-07,228.3,4.51,20215.06,completed
2048,4,9,4,4,2026-01-26,287.6,5.68,26109.06,completed
2049,4,7,4,5,2026-01-20,280.8,6.19,16533.13,completed
2050,4,6,3,7,2026-02-08,238.0,4.06,16714.79,completed
2051,4,15,3,6,2026-02-11,229.8,4.82,19542.13,completed
2052,4,8,3,5,2026-02-01,240.2,4.47,14898.86,completed
2053,4,8,4,8,2026-02-04,272.3,5.76,25324.0,completed
2054,4,9,3,6,2026-02-01,228.9,4.95,19410.95,completed
2055,4,9,4,8,2026-02-01,287.7,5.48,21426.17,completed
2056,4,8,3,3,2026-01-30,236.1,4.5,20797.41,completed
2057,4,7,3,7,2026-01-22,225.6,4.16,16170.28,completed
2058,4,7,4,8,2026-01-26,267.6,5.49,22276.42,completed
2059,4,7,4,5,2026-01-24,287.3,5.55,18073.2,completed
2060,4,6,3,8,2026-01-29,222.9,4.41,21281.26,completed
2061,4,7,4,5,2026-01-25,280.8,5.25,18190.0,completed
2062,4,8,4,1,2026-02-07,284.7,5.89,21850.71,completed
2063,4,15,4,2,2026-01-22,276.5,5.46,19730.66,completed
2064,4,15,3,6,2026-02-02,231.8,4.52,16463.75,completed
2065,4,7,3,6,2026-03-18,228.6,5.08,19381.72,completed
2066,4,15,4,5,2026-02-27,276.3,5.22,18401.88,completed
2067,4,15,3,6,2026-03-18,235.2,4.32,17061.97,completed
2068,4,15,3,8,2026-03-04,228.7,5.04,21005.06,completed
2069,4,15,4,3,2026-02-27,280.7,5.78,20511.43,completed
2070,4,9,4,2,2026-03-01,289.2,5.33,20702.74,completed
2071,4,6,3,6,2026-03-04,236.1,4.42,17125.68,completed
2072,4,8,4,3,2026-02-27,275.8,6.16,22317.49,completed
2073,4,15,3,4,2026-03-08,238.4,4.88,19170.81,completed
2074,4,7,3,5,2026-03-14,237.7,5.01,14953.74,completed
2075,4,7,4,5,2026-02-21,267.8,5.84,17383.0,completed
2076,4,8,4,2,2026-03-03,294.9,5.56,20696.32,completed
2077,4,15,4,3,2026-03-03,270.0,5.33,23543.18,completed
2078,4,15,4,4,2026-03-03,283.4,5.39,23462.56,completed
2079,4,6,3,2,2026-03-16,232.5,4.21,16021.02,completed
2080,4,9,4,1,2026-03-09,272.0,5.79,22625.95,completed
2081,4,8,3,5,2026-03-07,222.3,4.63,16120.61,completed
2082,4,6,3,8,2026-03-18,224.9,4.64,17799.44,completed
2083,4,8,3,2,2026-02-28,231.0,4.89,16059.59,completed
2084,4,15,4,7,2026-02-18,285.0,5.49,18854.2,completed
2085,4,7,3,2,2026-03-03,239.1,5.03,15465.1,completed
2086,4,6,3,4,2026-03-09,221.9,4.77,21507.47,completed
2087,4,6,3,8,2026-02-18,226.8,4.22,18388.25,completed
2088,4,8,3,6,2026-03-01,237.0,4.07,18963.51,completed
2089,4,6,4,8,2026-03-10,278.6,5.04,24014.51,completed
2090,4,7,3,1,2026-02-24,221.5,4.84,20172.38,completed
2091,4,9,4,3,2026-02-23,267.2,5.81,20829.08,completed
2092,4,15,4,5,2026-02-28,271.4,5.23,18161.43,completed
2093,4,7,4,6,2026-02-27,278.0,5.84,23016.77,completed
2094,4,9,4,1,2026-03-08,285.8,6.01,25645.86,completed
2095,4,6,3,3,2026-02-18,223.8,5.1,18515.62,completed
2096,4,15,3,4,2026-03-12,240.8,4.81,21771.99,completed
2097,4,9,4,6,2026-02-18,273.4,6.17,21950.35,completed
2098,4,15,4,4,2026-02-17,273.0,5.2,23585.83,completed
2099,4,9,4,4,2026-03-12,276.1,6.3,23971.6,completed
2100,4,9,3,8,2026-03-06,239.9,4.8,19860.16,completed
2101,4,15,3,2,2026-02-20,241.2,4.75,17872.8,completed
2102,4,6,3,5,2026-02-26,238.3,5.13,15165.51,completed
2103,4,8,3,1,2026-02-23,244.0,4.88,20422.54,completed
2104,4,8,4,2,2026-03-02,275.3,5.0,20217.06,completed
2105,4,7,3,5,2026-02-25,243.1,5.16,15201.91,completed
2106,4,6,3,2,2026-03-17,232.5,4.07,18027.59,completed
2107,4,9,3,4,2026-03-16,237.5,4.36,22349.42,completed
2108,4,6,3,8,2026-03-12,226.4,4.5,20230.58,completed
2109,4,6,4,1,2026-04-03,280.0,5.19,23135.34,completed
2110,4,6,3,1,2026-04-12,237.9,4.86,21337.76,completed
2111,4,6,3,5,2026-04-09,241.7,4.31,14634.65,completed
2112,4,6,4,1,2026-04-15,291.0,5.72,23748.49,completed
2113,4,6,4,4,2026-03-28,283.8,5.58,23851.28,completed
2114,4,8,4,3,2026-04-09,287.4,5.69,24185.03,completed
2115,4,9,4,6,2026-03-24,277.4,6.3,21662.02,completed
2116,4,9,4,3,2026-04-09,277.1,5.54,22575.24,completed
2117,4,8,4,3,2026-04-17,280.1,5.99,21753.23,completed
2118,4,8,3,1,2026-04-04,244.2,4.21,21504.14,completed
2119,4,15,4,3,2026-03-23,289.2,6.08,24522.66,completed
2120,4,9,4,2,2026-04-16,281.0,5.01,18091.85,completed
2121,4,8,3,1,2026-04-17,243.3,4.88,20044.22,completed
2122,4,6,4,8,2026-03-29,289.3,5.7,24093.32,completed
2123,4,7,4,7,2026-04-06,278.4,5.98,18203.01,completed
2124,4,9,3,4,2026-03-23,242.2,4.26,22133.28,completed
2125,4,9,3,2,2026-03-23,237.5,4.39,17977.13,completed
2126,4,7,4,5,2026-04-05,293.7,5.21,18623.07,completed
2127,4,8,3,1,2026-03-22,240.6,4.82,18681.49,completed
2128,4,9,3,5,2026-03-22,229.7,4.5,15094.54,completed
2129,4,9,4,6,2026-03-30,279.0,5.76,20076.82,completed
2130,4,9,4,1,2026-03-20,276.8,5.3,23451.98,completed
2131,4,15,4,7,2026-04-12,286.3,5.8,17253.19,completed
2132,4,6,4,8,2026-03-31,280.6,6.2,20901.13,completed
2133,4,15,4,5,2026-03-21,287.3,5.93,16610.5,completed
2134,4,9,3,8,2026-04-11,235.4,4.58,18849.54,completed
2135,4,15,4,5,2026-04-12,279.6,5.79,18861.52,completed
2136,4,7,3,1,2026-04-06,239.5,5.1,21283.55,completed
2137,4,15,4,2,2026-03-24,286.5,5.48,19469.96,completed
2138,4,15,3,5,2026-03-22,232.8,5.07,15941.89,completed
2139,4,6,4,3,2026-03-28,278.9,5.89,22838.74,completed
2140,4,9,3,4,2026-04-03,230.4,4.89,19704.73,completed
2141,4,6,3,7,2026-03-28,229.3,4.82,14867.69,completed
2142,4,9,4,4,2026-04-13,292.6,5.09,25502.54,completed
2143,4,15,3,3,2026-04-06,232.9,4.94,17137.5,completed
2144,4,15,4,1,2026-04-16,284.8,5.1,24361.06,completed
2145,4,8,4,1,2026-04-01,278.8,5.04,23720.67,completed
2146,4,9,4,6,2026-03-31,273.8,6.23,21350.33,completed
2147,4,6,3,2,2026-03-24,225.7,4.27,15223.84,completed
2148,4,9,4,5,2026-03-21,285.4,5.75,19828.6,completed
2149,4,7,3,1,2026-03-25,224.5,4.84,18444.55,completed
2150,4,6,3,6,2026-04-04,224.0,4.8,19079.42,completed
2151,4,7,3,5,2026-03-29,241.4,4.95,16624.3,completed
2152,4,9,3,8,2026-04-03,225.4,4.67,18369.24,completed
2153,4,7,3,3,2026-05-15,241.4,4.13,18979.38,completed
2154,4,7,3,3,2026-05-08,240.9,4.46,19902.03,completed
2155,4,9,3,5,2026-04-19,222.3,4.41,16107.97,completed
2156,4,7,4,1,2026-05-09,277.5,5.57,24514.35,completed
2157,4,9,3,3,2026-05-07,233.2,4.51,20644.46,completed
2158,4,15,3,4,2026-05-04,239.4,4.54,19864.82,completed
2159,4,6,3,7,2026-05-05,242.1,4.21,14557.06,completed
2160,4,8,3,6,2026-04-30,236.5,5.16,17249.25,completed
2161,4,15,4,5,2026-05-07,275.6,6.25,17495.3,completed
2162,4,15,4,7,2026-05-10,286.1,5.77,18987.44,completed
2163,4,8,3,8,2026-04-20,244.1,4.65,20229.11,completed
2164,4,8,3,5,2026-05-17,228.1,4.63,14632.47,completed
2165,4,7,4,6,2026-05-06,294.3,5.21,20003.56,completed
2166,4,8,4,7,2026-04-26,285.8,5.21,19128.43,completed
2167,4,7,3,5,2026-05-09,238.0,4.67,15904.36,completed
2168,4,15,3,8,2026-05-04,238.2,5.04,18210.62,completed
2169,4,15,3,4,2026-05-13,229.2,5.05,21299.69,completed
2170,4,7,4,6,2026-04-30,274.6,5.73,21253.24,completed
2171,4,8,4,3,2026-05-07,270.4,5.47,20469.98,completed
2172,4,6,4,1,2026-04-24,274.1,5.63,24915.36,completed
2173,4,7,4,7,2026-04-26,279.0,6.3,17076.78,completed
2174,4,9,3,8,2026-04-30,224.6,4.19,18755.08,completed
2175,4,6,3,1,2026-04-26,233.8,4.19,18286.09,completed
2176,4,7,3,7,2026-04-19,234.6,4.06,17117.63,completed
2177,4,8,4,5,2026-05-01,273.1,5.78,17182.12,completed
2178,4,7,4,6,2026-04-22,283.4,6.0,19285.88,completed
2179,4,7,3,7,2026-05-05,243.6,4.15,16244.45,completed
2180,4,6,4,8,2026-04-21,278.4,5.28,21856.79,completed
2181,4,7,3,3,2026-04-26,226.9,4.4,17454.62,completed
2182,4,7,4,8,2026-04-25,269.3,5.93,21185.24,completed
2183,4,9,4,3,2026-05-15,277.6,5.69,22901.11,completed
2184,4,9,4,4,2026-05-01,281.7,5.39,25938.02,completed
2185,4,9,4,7,2026-05-07,271.0,5.06,17656.43,completed
2186,4,9,4,3,2026-04-24,276.9,5.33,21123.11,completed
2187,4,9,4,4,2026-05-07,293.9,5.89,26370.24,completed
2188,4,9,3,2,2026-05-10,230.4,4.44,17592.94,completed
2189,4,9,4,1,2026-05-01,292.5,5.07,24503.49,completed
2190,4,7,4,6,2026-04-26,295.0,5.61,20751.16,completed
2191,4,15,3,4,2026-05-08,233.7,4.27,20817.24,completed
2192,4,8,3,7,2026-04-19,223.4,5.08,16702.97,completed
2193,4,8,3,1,2026-04-20,227.3,4.22,19944.23,completed
2194,4,8,3,7,2026-05-15,226.7,4.4,17195.9,completed
2195,4,6,3,4,2026-05-07,236.6,4.93,18887.77,completed
2196,4,15,3,5,2026-05-03,242.2,4.32,16689.57,completed
2197,4,6,3,2,2026-06-11,240.4,4.25,15274.07,completed
2198,4,15,3,8,2026-06-11,225.5,4.65,18972.47,completed
2199,4,6,3,4,2026-05-28,239.2,4.63,22220.66,completed
2200,4,9,3,1,2026-05-22,232.3,5.0,18522.39,completed
2201,4,15,3,6,2026-06-12,227.1,4.25,17243.63,completed
2202,4,7,3,4,2026-06-07,222.3,5.16,21185.86,completed
2203,4,8,3,1,2026-06-01,232.8,4.9,19958.67,completed
2204,4,15,4,8,2026-05-29,283.2,6.1,24344.44,completed
2205,4,15,4,5,2026-06-16,281.1,5.64,17787.39,completed
2206,4,6,3,4,2026-06-06,241.0,4.18,22798.67,completed
2207,4,9,4,7,2026-05-27,275.8,5.22,18287.39,completed
2208,4,9,3,4,2026-06-11,224.8,5.02,21320.47,completed
2209,4,9,3,5,2026-05-25,242.3,5.07,14237.05,completed
2210,4,9,4,8,2026-06-01,277.4,5.23,24005.99,completed
2211,4,6,3,7,2026-05-25,242.3,5.09,17296.75,completed
2212,4,6,4,6,2026-05-29,277.8,5.85,21171.14,completed
2213,4,15,4,2,2026-05-27,281.4,5.61,19044.7,completed
2214,4,8,4,2,2026-05-28,292.9,5.18,18411.96,completed
2215,4,15,3,3,2026-05-26,233.2,4.76,17274.68,completed
2216,4,9,4,1,2026-05-30,284.2,5.43,22673.59,completed
2217,4,8,4,5,2026-05-19,283.4,6.16,19213.76,completed
2218,4,15,4,7,2026-05-19,282.3,5.98,19385.69,completed
2219,4,9,3,3,2026-05-28,231.6,4.86,19550.48,completed
2220,4,7,4,3,2026-06-11,269.6,5.48,24244.01,completed
2221,4,6,4,4,2026-05-19,293.7,5.22,23551.55,completed
2222,4,7,3,7,2026-05-31,227.3,5.08,16024.6,completed
2223,4,7,3,2,2026-06-14,238.3,4.94,15061.47,completed
2224,4,7,3,8,2026-06-16,224.0,4.8,20155.81,completed
2225,4,9,4,6,2026-05-26,282.3,6.19,21648.51,completed
2226,4,15,4,6,2026-05-22,290.4,5.76,22035.29,completed
2227,4,7,4,4,2026-06-13,280.5,5.4,22175.18,completed
2228,4,9,4,8,2026-05-19,275.4,6.14,25107.58,completed
2229,4,15,3,3,2026-05-25,226.5,5.13,20247.06,completed
2230,4,6,4,3,2026-06-09,277.2,5.97,22574.98,completed
2231,4,8,4,6,2026-05-20,284.5,6.25,20222.0,completed
2232,4,6,3,6,2026-05-31,231.4,4.52,17700.58,completed
2233,4,8,3,6,2026-05-21,232.7,5.17,17347.29,completed
2234,4,9,4,4,2026-05-31,275.0,5.79,26231.56,completed
2235,4,7,3,6,2026-06-06,230.1,4.14,17416.33,completed
2236,4,6,3,2,2026-05-22,232.8,4.15,16730.8,completed
2237,4,6,3,1,2026-06-02,224.5,5.16,18564.35,completed
2238,4,15,4,6,2026-05-20,292.0,5.4,19360.39,completed
2239,4,6,3,2,2026-06-06,242.8,4.94,14937.83,completed
2240,4,6,4,8,2026-05-26,284.2,5.67,23455.58,completed
2241,4,6,4,3,2026-07-01,274.3,5.83,22861.33,completed
2242,4,15,3,8,2026-06-24,222.1,5.01,20219.79,completed
2243,4,9,3,8,2026-06-28,228.5,4.79,21243.33,completed
2244,4,7,4,7,2026-07-12,275.6,5.4,20579.97,completed
2245,4,7,3,8,2026-07-09,223.2,4.71,18139.71,completed
2246,4,6,3,3,2026-07-01,238.2,4.37,17525.55,completed
2247,4,15,4,6,2026-06-24,279.2,5.12,22252.28,completed
2248,4,9,4,4,2026-07-07,271.3,5.21,22232.12,completed
2249,4,6,3,1,2026-07-13,227.2,4.26,21245.25,completed
2250,4,9,4,8,2026-07-12,276.0,5.13,23988.72,completed
2251,4,8,4,7,2026-07-16,291.3,5.2,19705.36,completed
2252,4,9,3,5,2026-06-19,244.4,4.22,15293.81,completed
2253,4,15,3,4,2026-07-06,227.8,4.28,20726.74,completed
2254,4,6,3,7,2026-07-11,229.8,4.44,14316.97,completed
2255,4,6,4,6,2026-06-20,290.1,5.64,21246.65,completed
2256,4,8,3,3,2026-07-08,238.5,4.62,19543.09,completed
2257,4,9,4,4,2026-07-11,289.4,5.58,26723.72,completed
2258,4,6,4,8,2026-06-26,278.4,5.81,22254.73,completed
2259,4,9,3,8,2026-07-16,242.0,4.69,19341.14,completed
2260,4,9,4,4,2026-06-25,285.3,5.0,23538.67,completed
2261,4,9,3,5,2026-06-25,226.7,4.3,13813.74,completed
2262,4,9,4,4,2026-06-17,293.9,6.05,24174.8,completed
2263,4,6,4,7,2026-07-03,287.5,6.0,20144.5,completed
2264,4,9,4,1,2026-07-05,285.5,5.35,22107.8,completed
2265,4,9,3,4,2026-07-04,225.5,4.79,21682.56,completed
2266,4,6,3,7,2026-06-27,243.4,4.07,16341.43,completed
2267,4,7,3,5,2026-07-08,227.3,4.23,14697.08,completed
2268,4,7,4,4,2026-06-28,293.1,5.38,22544.81,completed
2269,4,7,3,2,2026-07-14,243.2,5.12,15340.23,completed
2270,4,7,3,5,2026-06-20,229.2,4.61,16146.4,completed
2271,4,9,4,2,2026-07-08,289.0,5.44,20063.04,completed
2272,4,7,3,6,2026-06-29,234.1,4.33,19146.22,completed
2273,4,6,3,2,2026-06-22,225.1,4.97,15421.13,completed
2274,4,8,3,8,2026-06-17,230.4,4.9,18860.44,completed
2275,4,7,3,7,2026-06-22,236.2,4.92,14891.39,completed
2276,4,9,3,4,2026-07-04,230.4,4.77,21869.77,completed
2277,4,6,3,1,2026-07-01,234.7,4.07,18606.05,completed
2278,4,9,4,6,2026-07-10,294.2,6.14,22759.18,completed
2279,4,6,3,3,2026-07-06,239.2,4.72,19019.72,completed
2280,4,15,4,8,2026-07-04,276.5,5.81,24065.91,completed
2281,4,7,3,6,2026-06-26,231.3,4.09,18173.79,completed
2282,4,8,3,1,2026-07-08,224.5,4.34,21685.83,completed
2283,4,8,4,3,2026-06-27,294.5,6.29,23951.84,completed
2284,4,9,4,2,2026-06-26,278.4,4.99,20550.51,completed
2285,4,7,4,6,2026-08-08,270.8,5.67,19584.88,completed
2286,4,6,3,6,2026-07-20,239.2,4.41,19752.5,completed
2287,4,15,3,3,2026-07-23,223.2,4.11,19253.51,completed
2288,4,15,4,2,2026-08-15,286.4,5.36,19917.88,completed
2289,4,9,4,2,2026-08-10,275.7,6.16,21304.33,completed
2290,4,8,3,6,2026-08-09,223.0,5.12,16423.81,completed
2291,4,9,3,2,2026-07-18,229.8,4.66,16494.64,completed
2292,4,15,4,3,2026-08-03,273.9,5.41,24154.6,completed
2293,4,6,3,2,2026-08-01,237.9,4.24,15662.13,completed
2294,4,6,3,7,2026-08-07,227.7,4.94,15948.15,completed
2295,4,15,3,8,2026-07-24,226.3,4.8,17766.23,completed
2296,4,8,3,5,2026-07-21,235.1,5.07,15041.18,completed
2297,4,7,4,5,2026-08-05,270.5,5.53,19412.79,completed
2298,4,6,4,1,2026-07-29,287.9,5.9,23877.59,completed
2299,4,7,3,2,2026-07-21,226.7,4.33,17297.41,completed
2300,4,9,3,2,2026-07-21,227.8,4.18,18141.03,completed
2301,4,6,3,4,2026-08-12,231.0,4.43,21560.17,completed
2302,4,7,4,3,2026-08-09,270.4,5.46,23048.46,completed
2303,4,15,4,7,2026-08-07,285.6,6.13,17917.57,completed
2304,4,9,3,4,2026-07-28,236.9,5.12,19451.45,completed
2305,4,9,3,8,2026-07-25,227.2,4.54,19239.47,completed
2306,4,6,3,1,2026-08-09,228.1,4.52,19680.28,completed
2307,4,8,4,3,2026-07-25,288.6,5.6,20940.13,completed
2308,4,8,3,8,2026-07-26,231.8,4.82,20045.29,completed
2309,4,9,4,8,2026-07-25,273.1,6.19,21461.97,completed
2310,4,9,3,4,2026-07-29,243.5,4.62,19579.55,completed
2311,4,8,3,2,2026-08-09,227.3,4.16,16168.05,completed
2312,4,6,4,7,2026-07-19,291.8,5.28,19013.59,completed
2313,4,7,4,5,2026-08-10,293.1,6.13,19780.81,completed
2314,4,15,3,8,2026-07-17,221.8,4.91,18115.85,completed
2315,4,6,4,6,2026-08-01,270.0,5.37,20012.74,completed
2316,4,8,4,5,2026-08-04,278.2,6.11,17032.75,completed
2317,4,9,4,2,2026-08-01,292.0,5.4,20103.27,completed
2318,4,9,4,6,2026-08-10,276.3,5.26,20216.34,completed
2319,4,6,3,2,2026-08-04,226.7,5.02,17911.02,completed
2320,4,9,3,8,2026-08-03,223.0,4.82,21415.76,completed
2321,4,7,4,3,2026-08-09,277.4,5.0,21107.91,completed
2322,4,6,3,7,2026-07-25,242.1,5.05,16329.29,completed
2323,4,7,3,6,2026-08-05,240.1,4.94,16664.55,completed
2324,4,9,3,1,2026-08-08,225.2,4.9,18959.28,completed
2325,4,7,3,8,2026-08-11,229.1,4.15,19139.55,completed
2326,4,6,3,5,2026-07-30,243.1,4.9,15936.26,completed
2327,4,6,3,1,2026-08-06,236.9,4.27,20128.58,completed
2328,4,6,3,4,2026-08-09,240.6,4.27,19415.73,completed
2329,5,6,4,8,2025-09-11,284.3,4.99,19457.34,completed
2330,5,8,3,6,2025-09-16,224.9,4.12,15975.22,completed
2331,5,9,3,8,2025-08-21,222.2,4.25,15538.86,completed
2332,5,6,4,2,2025-09-14,269.0,5.52,15597.15,completed
2333,5,7,4,4,2025-08-29,287.0,6.17,21824.54,completed
2334,5,7,4,8,2025-09-16,281.9,5.73,21610.66,completed
2335,5,7,4,7,2025-09-09,279.5,5.38,17094.49,completed
2336,5,7,3,1,2025-09-02,239.4,4.57,16247.27,completed
2337,5,7,3,2,2025-09-18,238.5,4.65,12903.63,completed
2338,5,9,3,8,2025-09-19,238.0,4.97,17129.81,completed
2339,5,15,3,3,2025-09-18,224.3,5.07,15302.64,completed
2340,5,15,3,4,2025-09-07,233.6,4.16,16235.0,completed
2341,5,15,4,6,2025-08-25,268.2,5.62,19394.32,completed
2342,5,7,3,3,2025-09-12,233.4,4.75,16610.63,completed
2343,5,15,3,7,2025-08-23,228.8,4.24,14196.37,completed
2344,5,6,4,6,2025-08-22,288.9,6.02,19166.35,completed
2345,5,6,3,1,2025-08-31,238.6,4.77,15804.76,completed
2346,5,7,3,2,2025-09-05,223.6,4.93,15451.87,completed
2347,5,15,4,1,2025-08-21,294.7,5.38,20897.78,completed
2348,5,8,3,5,2025-08-29,234.1,4.22,12197.98,completed
2349,5,9,4,5,2025-09-06,269.1,5.19,16739.32,completed
2350,5,8,4,1,2025-09-02,281.2,5.59,19895.37,completed
2351,5,6,3,1,2025-09-11,227.1,4.44,16131.23,completed
2352,5,8,4,2,2025-09-13,281.8,5.51,16797.21,completed
2353,5,9,3,4,2025-08-25,233.3,5.16,18764.45,completed
2354,5,8,4,1,2025-08-30,289.0,5.47,21307.6,completed
2355,5,9,3,1,2025-08-22,227.0,4.73,16624.01,completed
2356,5,6,4,6,2025-09-14,284.8,6.24,18652.81,completed
2357,5,6,3,3,2025-08-22,222.4,4.19,15419.1,completed
2358,5,15,4,5,2025-08-24,292.7,5.97,16677.29,completed
2359,5,7,4,5,2025-09-07,281.0,6.23,16857.49,completed
2360,5,7,3,7,2025-09-06,230.7,4.32,13952.44,completed
2361,5,9,3,3,2025-10-09,238.3,4.64,16745.34,completed
2362,5,8,4,7,2025-09-25,291.7,5.99,14480.74,completed
2363,5,15,3,6,2025-10-03,228.6,4.93,14518.73,completed
2364,5,6,3,8,2025-10-16,243.4,4.76,16266.71,completed
2365,5,8,3,6,2025-10-14,241.7,4.26,14755.08,completed
2366,5,8,3,6,2025-10-07,228.2,5.13,15964.2,completed
2367,5,9,3,2,2025-10-02,239.8,5.02,13623.18,completed
2368,5,6,3,4,2025-10-01,237.6,4.63,16794.19,completed
2369,5,7,4,6,2025-10-04,286.5,5.88,18600.75,completed
2370,5,8,4,1,2025-10-11,294.9,5.35,20576.88,completed
2371,5,7,3,4,2025-10-14,225.9,4.64,18857.39,completed
2372,5,9,4,2,2025-10-13,270.9,5.09,15812.63,completed
2373,5,15,3,8,2025-10-04,239.7,4.66,17367.97,completed
2374,5,15,3,4,2025-09-22,226.0,4.29,18173.55,completed
2375,5,7,4,6,2025-09-21,291.0,5.94,19591.87,completed
2376,5,8,3,8,2025-10-02,243.7,5.02,15285.83,completed
2377,5,7,3,1,2025-09-26,244.6,4.08,18025.34,completed
2378,5,9,3,6,2025-09-23,240.9,4.64,15553.2,completed
2379,5,9,3,4,2025-09-30,237.7,4.35,17611.79,completed
2380,5,9,4,2,2025-10-19,284.4,5.24,15079.89,completed
2381,5,7,4,6,2025-10-18,275.7,5.05,16590.92,completed
2382,5,6,3,5,2025-10-07,226.7,4.65,12546.09,completed
2383,5,15,4,1,2025-09-24,278.4,5.18,21047.11,completed
2384,5,15,3,4,2025-10-09,223.1,4.56,17730.73,completed
2385,5,9,4,6,2025-09-22,293.2,5.91,16715.7,completed
2386,5,15,4,3,2025-10-07,287.9,6.09,18755.5,completed
2387,5,7,3,6,2025-10-05,231.3,5.14,16741.62,completed
2388,5,6,3,2,2025-10-13,239.5,4.07,13116.13,completed
2389,5,6,3,4,2025-10-06,229.8,4.5,19073.45,completed
2390,5,9,3,1,2025-09-24,223.0,5.11,17566.47,completed
2391,5,7,3,2,2025-10-14,242.3,4.45,13370.64,completed
2392,5,9,4,3,2025-10-08,284.6,5.62,17614.73,completed
2393,5,15,3,4,2025-11-15,238.8,4.1,16873.32,completed
2394,5,15,3,5,2025-10-20,244.3,4.93,13859.2,completed
2395,5,7,4,5,2025-11-04,292.6,5.96,16592.61,completed
2396,5,6,3,7,2025-10-26,230.1,4.86,12830.35,completed
2397,5,8,3,2,2025-11-03,221.8,4.98,14709.52,completed
2398,5,8,4,2,2025-10-29,293.2,5.93,16992.1,completed
2399,5,15,4,5,2025-11-14,288.2,5.92,14435.37,completed
2400,5,8,4,7,2025-11-15,283.9,5.78,16184.8,completed
2401,5,15,4,2,2025-10-29,289.0,5.75,15555.78,completed
2402,5,8,3,3,2025-11-07,221.8,4.61,14885.92,completed
2403,5,7,4,4,2025-11-17,272.1,6.02,19633.91,completed
2404,5,7,3,5,2025-11-13,230.8,4.68,14318.13,completed
2405,5,15,3,7,2025-11-11,234.3,4.22,12259.03,completed
2406,5,9,3,8,2025-11-17,231.6,4.89,15070.32,completed
2407,5,15,4,4,2025-11-08,285.8,5.78,19759.58,completed
2408,5,15,4,4,2025-10-24,282.7,4.97,21588.29,completed
2409,5,8,4,1,2025-11-02,270.3,5.15,21570.68,completed
2410,5,6,4,6,2025-11-06,289.0,5.51,19308.69,completed
2411,5,9,4,3,2025-11-10,289.0,5.48,18215.8,completed
2412,5,9,4,6,2025-11-09,290.3,4.97,16645.01,completed
2413,5,6,4,7,2025-11-10,291.7,6.0,17075.02,completed
2414,5,6,4,6,2025-10-28,288.8,5.5,19449.64,completed
2415,5,15,3,4,2025-11-14,241.1,4.36,18677.48,completed
2416,5,7,3,1,2025-11-04,221.4,4.8,17794.9,completed
2417,5,9,4,7,2025-10-22,270.2,6.3,17612.61,completed
2418,5,6,4,4,2025-10-22,289.8,5.41,21634.57,completed
2419,5,6,3,1,2025-11-01,235.6,4.36,17034.23,completed
2420,5,8,4,2,2025-10-21,288.7,6.14,16587.06,completed
2421,5,9,3,8,2025-11-09,238.4,4.3,15446.63,completed
2422,5,6,4,5,2025-11-17,279.4,5.34,15455.36,completed
2423,5,9,3,1,2025-11-17,230.7,5.02,15719.41,completed
2424,5,8,3,3,2025-10-20,223.5,5.03,16349.37,completed
2425,5,6,4,7,2025-11-24,293.2,5.04,16225.56,completed
2426,5,9,4,1,2025-12-18,281.9,5.04,20116.02,completed
2427,5,7,3,4,2025-12-03,243.2,5.12,16761.14,completed
2428,5,7,4,6,2025-11-25,294.0,5.1,17634.86,completed
2429,5,6,3,8,2025-11-25,242.3,4.23,17794.73,completed
2430,5,15,3,2,2025-11-24,224.0,4.89,12752.52,completed
2431,5,7,3,6,2025-12-03,234.7,4.44,15386.9,completed
2432,5,7,3,4,2025-12-03,236.9,4.38,16202.3,completed
2433,5,7,4,1,2025-12-16,268.3,6.14,20335.54,completed
2434,5,6,4,1,2025-12-02,294.9,5.28,19120.67,completed
2435,5,6,3,5,2025-12-01,223.9,4.21,13012.5,completed
2436,5,15,4,8,2025-11-24,269.1,6.1,21288.12,completed
2437,5,15,3,8,2025-12-06,223.7,4.27,17720.81,completed
2438,5,15,4,3,2025-12-06,290.3,6.03,18499.01,completed
2439,5,9,4,4,2025-12-16,291.5,5.69,22296.03,completed
2440,5,15,3,3,2025-12-10,230.9,4.43,17773.79,completed
2441,5,9,4,1,2025-12-14,282.3,5.83,20832.09,completed
2442,5,9,4,2,2025-12-04,278.3,6.24,17414.13,completed
2443,5,15,3,7,2025-12-13,241.4,4.07,14385.73,completed
2444,5,15,3,7,2025-11-23,240.9,4.25,12425.43,completed
2445,5,7,4,6,2025-11-21,286.0,5.86,19991.43,completed
2446,5,15,3,6,2025-12-03,237.4,4.51,16746.14,completed
2447,5,15,3,2,2025-12-09,225.4,5.15,14933.33,completed
2448,5,15,3,6,2025-12-01,238.9,5.12,16844.26,completed
2449,5,9,4,4,2025-12-08,275.1,5.7,21386.11,completed
2450,5,7,3,3,2025-12-17,241.2,4.95,17523.71,completed
2451,5,15,3,7,2025-12-11,233.2,4.38,14070.79,completed
2452,5,15,3,5,2025-11-29,235.6,4.67,13996.18,completed
2453,5,8,3,2,2025-11-30,234.1,4.57,14031.6,completed
2454,5,6,3,8,2025-11-30,226.8,4.66,18041.23,completed
2455,5,9,4,7,2025-11-25,294.3,5.21,16141.79,completed
2456,5,9,4,5,2025-12-13,284.2,5.94,14164.31,completed
2457,5,15,4,8,2026-01-05,282.2,6.13,19626.4,completed
2458,5,7,4,8,2026-01-14,275.9,5.74,20969.37,completed
2459,5,15,4,1,2025-12-29,267.0,5.83,20746.98,completed
2460,5,6,3,6,2026-01-10,222.0,5.06,14689.53,completed
2461,5,9,4,7,2026-01-11,286.2,5.73,16398.91,completed
2462,5,7,3,2,2025-12-27,225.4,4.89,15300.78,completed
2463,5,8,4,5,2025-12-24,278.0,5.77,16813.51,completed
2464,5,8,3,3,2026-01-14,228.2,4.77,17189.44,completed
2465,5,9,3,5,2026-01-14,241.5,4.27,14049.16,completed
2466,5,9,3,6,2025-12-24,237.3,5.08,14663.04,completed
2467,5,9,3,6,2025-12-24,229.4,4.24,16674.98,completed
2468,5,15,3,7,2025-12-26,226.5,4.65,14550.33,completed
2469,5,7,4,2,2026-01-15,281.1,5.72,18389.7,completed
2470,5,8,4,6,2025-12-19,280.7,5.31,19843.93,completed
2471,5,6,4,6,2026-01-07,280.7,5.89,17546.41,completed
2472,5,6,4,4,2025-12-25,284.5,6.16,20120.51,completed
2473,5,9,3,2,2026-01-07,222.4,4.64,14123.37,completed
2474,5,8,4,4,2026-01-13,290.5,5.24,18994.77,completed
2475,5,8,4,2,2025-12-28,276.1,5.4,16588.87,completed
2476,5,7,3,4,2025-12-30,226.3,4.52,18132.84,completed
2477,5,9,3,4,2026-01-02,222.4,5.13,18955.22,completed
2478,5,6,4,3,2025-12-28,289.2,5.0,20831.38,completed
2479,5,9,4,3,2025-12-31,293.6,5.12,19552.28,completed
2480,5,15,4,1,2026-01-11,288.2,4.96,21360.99,completed
2481,5,7,4,3,2026-01-15,282.6,6.0,19164.49,completed
2482,5,7,4,3,2026-01-17,289.7,6.06,18463.67,completed
2483,5,6,4,7,2025-12-29,283.3,5.52,17182.08,completed
2484,5,8,4,8,2025-12-28,270.8,5.92,21081.42,completed
2485,5,15,4,5,2026-01-08,283.5,6.28,14973.53,completed
2486,5,7,4,5,2026-01-04,293.9,6.2,14321.81,completed
2487,5,8,3,7,2025-12-19,241.2,5.04,12565.75,completed
2488,5,8,3,3,2025-12-30,235.0,5.04,16620.06,completed
2489,5,7,3,4,2026-02-07,241.9,4.98,19046.65,completed
2490,5,6,4,6,2026-01-24,276.5,5.0,16400.27,completed
2491,5,15,3,7,2026-02-10,223.7,4.39,12690.5,completed
2492,5,15,4,7,2026-02-06,280.7,5.64,17601.91,completed
2493,5,9,3,7,2026-02-15,231.6,5.12,13924.2,completed
2494,5,6,4,3,2026-01-22,281.4,5.97,18598.98,completed
2495,5,8,3,6,2026-01-24,223.0,4.3,16785.09,completed
2496,5,7,3,2,2026-01-24,224.3,4.73,15121.05,completed
2497,5,15,3,5,2026-01-20,238.6,5.05,11935.42,completed
2498,5,8,3,7,2026-02-02,238.1,4.57,12630.87,completed
2499,5,9,3,3,2026-01-30,223.4,4.56,16230.42,completed
2500,5,9,3,6,2026-02-01,238.8,4.46,14848.21,completed
2501,5,7,4,8,2026-01-30,283.0,4.99,18298.77,completed
2502,5,15,3,2,2026-02-13,237.0,4.56,14948.71,completed
2503,5,9,3,2,2026-01-19,225.6,4.54,14307.91,completed
2504,5,7,3,8,2026-01-20,226.4,4.55,16489.52,completed
2505,5,6,3,3,2026-01-28,225.0,5.12,15140.91,completed
2506,5,7,3,7,2026-01-21,240.0,4.79,14183.0,completed
2507,5,7,3,5,2026-02-04,226.9,4.24,13222.63,completed
2508,5,15,4,4,2026-02-14,272.7,5.71,22581.47,completed
2509,5,9,4,5,2026-01-21,285.1,5.96,15436.29,completed
2510,5,7,4,4,2026-02-12,273.9,4.98,20482.44,completed
2511,5,8,4,5,2026-02-05,288.7,5.79,16431.5,completed
2512,5,9,3,3,2026-02-06,241.4,4.54,17220.63,completed
2513,5,9,3,3,2026-01-20,229.1,4.8,15077.2,completed
2514,5,6,4,8,2026-01-24,292.1,5.4,19617.98,completed
2515,5,7,3,3,2026-01-18,238.9,4.16,17180.05,completed
2516,5,6,4,7,2026-02-04,268.0,5.01,15018.01,completed
2517,5,15,4,8,2026-02-03,282.9,5.43,19679.25,completed
2518,5,15,3,6,2026-01-29,236.2,4.49,14428.74,completed
2519,5,7,3,1,2026-01-18,228.4,5.09,16188.31,completed
2520,5,6,3,6,2026-02-01,240.8,4.23,14064.54,completed
2521,5,6,3,2,2026-03-13,234.8,4.93,13174.02,completed
2522,5,6,4,1,2026-02-26,274.7,6.14,18814.15,completed
2523,5,15,3,1,2026-03-15,221.5,4.52,15911.17,completed
2524,5,7,4,2,2026-03-10,269.6,6.28,17057.06,completed
2525,5,6,3,7,2026-03-09,224.9,4.28,12605.89,completed
2526,5,9,3,8,2026-03-03,224.6,4.18,17472.45,completed
2527,5,6,3,2,2026-03-01,224.4,4.25,13892.28,completed
2528,5,9,3,1,2026-02-21,236.8,5.09,17695.52,completed
2529,5,7,4,4,2026-03-18,287.5,5.0,21444.77,completed
2530,5,9,3,7,2026-02-27,221.7,4.25,12761.65,completed
2531,5,7,4,2,2026-03-13,271.9,5.07,17698.41,completed
2532,5,15,3,7,2026-02-21,241.4,4.7,14695.6,completed
2533,5,7,4,3,2026-03-08,270.6,6.1,18294.82,completed
2534,5,8,3,6,2026-03-12,239.8,4.96,15031.93,completed
2535,5,15,3,4,2026-03-08,239.5,4.71,17161.84,completed
2536,5,7,3,2,2026-03-03,227.8,4.53,13087.41,completed
2537,5,15,4,6,2026-02-28,288.4,5.13,17790.02,completed
2538,5,6,3,5,2026-03-17,225.0,4.21,13725.25,completed
2539,5,9,4,1,2026-02-20,271.5,5.27,19466.74,completed
2540,5,6,4,5,2026-02-22,268.7,5.94,15776.51,completed
2541,5,9,3,7,2026-03-16,231.0,4.2,13798.14,completed
2542,5,8,4,2,2026-02-27,291.2,6.09,15943.84,completed
2543,5,8,3,4,2026-02-18,224.3,4.74,16823.43,completed
2544,5,15,4,8,2026-03-18,279.6,5.53,20711.18,completed
2545,5,8,4,2,2026-03-03,288.8,5.43,17045.8,completed
2546,5,7,4,7,2026-02-24,290.6,5.14,15219.3,completed
2547,5,9,4,8,2026-02-17,282.5,6.01,18125.03,completed
2548,5,7,3,1,2026-02-17,238.5,4.51,17977.06,completed
2549,5,9,3,2,2026-03-01,243.3,4.6,13533.76,completed
2550,5,15,4,1,2026-02-17,289.8,5.87,20087.48,completed
2551,5,7,4,2,2026-03-07,287.2,6.29,15171.68,completed
2552,5,6,3,8,2026-02-23,230.9,4.16,16659.82,completed
2553,5,7,3,8,2026-03-29,222.5,5.03,15233.94,completed
2554,5,9,4,5,2026-03-28,278.2,5.11,14540.24,completed
2555,5,6,3,1,2026-04-06,229.5,5.02,16720.11,completed
2556,5,9,4,8,2026-04-10,274.1,4.99,19378.79,completed
2557,5,8,3,1,2026-03-25,240.1,4.92,18633.18,completed
2558,5,9,4,3,2026-04-17,279.2,5.49,18170.63,completed
2559,5,8,3,2,2026-04-06,227.0,4.21,12932.76,completed
2560,5,6,4,1,2026-03-20,278.3,5.54,21941.21,completed
2561,5,15,4,6,2026-03-19,289.3,5.02,19128.55,completed
2562,5,6,4,8,2026-04-17,267.5,5.85,18682.31,completed
2563,5,15,3,2,2026-04-12,237.8,4.83,14734.53,completed
2564,5,7,3,6,2026-04-09,222.9,4.93,16932.25,completed
2565,5,15,3,5,2026-04-07,240.2,4.38,13094.81,completed
2566,5,15,4,7,2026-04-04,284.9,5.84,17584.6,completed
2567,5,15,3,8,2026-04-02,240.3,4.48,17247.9,completed
2568,5,9,4,2,2026-04-17,269.7,5.25,16348.86,completed
2569,5,9,4,1,2026-04-03,273.9,6.09,20304.36,completed
2570,5,7,4,7,2026-03-25,294.1,5.87,16775.06,completed
2571,5,15,4,2,2026-04-02,268.8,6.08,17772.13,completed
2572,5,9,4,3,2026-04-15,285.5,4.99,20975.31,completed
2573,5,15,4,1,2026-04-02,282.1,5.19,21300.53,completed
2574,5,6,3,7,2026-04-14,236.9,4.08,12626.01,completed
2575,5,15,4,2,2026-04-13,277.3,5.91,15349.86,completed
2576,5,6,4,3,2026-03-21,294.0,5.96,20929.32,completed
2577,5,6,4,1,2026-04-05,292.1,5.37,21734.02,completed
2578,5,6,3,3,2026-04-02,241.9,4.64,17614.96,completed
2579,5,15,3,8,2026-03-30,221.6,4.24,16424.66,completed
2580,5,15,3,5,2026-03-20,228.8,4.8,12877.39,completed
2581,5,9,3,4,2026-04-06,235.2,4.15,16240.52,completed
2582,5,15,3,3,2026-04-16,240.4,4.35,16168.98,completed
2583,5,15,3,7,2026-04-16,232.1,4.9,13564.7,completed
2584,5,8,4,1,2026-03-20,273.4,5.11,20375.72,completed
2585,5,6,3,7,2026-04-29,232.9,4.67,13354.55,completed
2586,5,9,3,3,2026-04-27,240.2,4.67,16733.34,completed
2587,5,9,3,6,2026-04-29,243.0,4.7,14189.59,completed
2588,5,8,4,3,2026-05-08,283.9,5.53,17371.63,completed
2589,5,9,4,7,2026-05-05,274.4,5.79,15210.89,completed
2590,5,9,3,5,2026-05-04,222.9,4.06,12598.85,completed
2591,5,9,4,2,2026-04-22,293.2,5.75,15604.76,completed
2592,5,8,3,7,2026-05-05,221.4,5.14,13678.61,completed
2593,5,15,3,5,2026-04-30,233.0,4.74,13175.62,completed
2594,5,8,4,3,2026-04-30,294.8,5.99,19031.74,completed
2595,5,9,4,2,2026-04-18,268.7,5.36,17156.7,completed
2596,5,15,3,2,2026-05-16,238.2,4.45,14895.35,completed
2597,5,9,3,4,2026-04-21,232.4,4.51,16763.04,completed
2598,5,7,3,6,2026-04-25,227.3,4.68,13994.88,completed
2599,5,8,3,7,2026-05-12,221.9,4.24,14446.59,completed
2600,5,9,4,5,2026-04-22,284.3,5.54,14734.19,completed
2601,5,8,3,4,2026-04-26,234.6,4.5,16039.08,completed
2602,5,9,3,8,2026-05-16,238.8,4.92,18000.99,completed
2603,5,15,3,5,2026-05-05,234.1,4.1,13281.73,completed
2604,5,9,3,7,2026-05-14,223.6,4.14,13690.64,completed
2605,5,15,4,7,2026-05-15,289.1,6.1,17602.47,completed
2606,5,9,3,7,2026-04-26,235.7,4.66,13676.45,completed
2607,5,15,3,7,2026-05-05,243.0,4.48,13390.32,completed
2608,5,8,4,2,2026-04-28,294.5,6.05,17039.87,completed
2609,5,6,3,2,2026-05-07,235.3,4.25,13133.08,completed
2610,5,7,4,6,2026-05-10,291.9,5.01,19760.64,completed
2611,5,9,3,2,2026-04-20,238.3,4.31,13948.35,completed
2612,5,9,4,4,2026-04-28,294.4,5.84,19877.44,completed
2613,5,8,3,5,2026-04-29,230.2,4.06,13350.47,completed
2614,5,7,3,5,2026-04-27,234.9,4.25,13169.46,completed
2615,5,9,4,7,2026-05-09,289.0,5.97,17185.76,completed
2616,5,9,4,7,2026-05-01,289.1,5.31,14574.57,completed
2617,5,8,3,5,2026-05-31,232.8,4.55,14046.04,completed
2618,5,8,3,8,2026-06-11,226.5,4.93,16029.7,completed
2619,5,7,3,7,2026-05-25,230.0,4.95,14519.71,completed
2620,5,7,4,3,2026-06-11,286.6,5.02,18799.4,completed
2621,5,15,4,6,2026-06-06,293.0,4.96,17643.17,completed
2622,5,7,4,3,2026-05-21,275.2,6.27,17867.5,completed
2623,5,9,4,7,2026-06-09,275.7,5.13,16517.76,completed
2624,5,9,4,2,2026-05-18,271.9,5.93,15416.72,completed
2625,5,8,3,2,2026-06-16,233.1,5.13,15506.63,completed
2626,5,6,4,1,2026-06-11,282.0,5.1,21639.37,completed
2627,5,9,4,8,2026-06-04,291.5,5.19,18193.01,completed
2628,5,6,4,8,2026-06-16,279.5,6.32,20842.88,completed
2629,5,7,4,5,2026-06-07,269.1,5.95,16435.29,completed
2630,5,7,3,1,2026-06-03,238.5,5.05,16097.16,completed
2631,5,9,4,4,2026-05-29,287.4,6.14,21752.27,completed
2632,5,15,3,8,2026-05-29,236.2,4.46,18207.73,completed
2633,5,8,4,3,2026-05-22,282.6,5.98,17670.66,completed
2634,5,8,4,5,2026-06-12,293.6,5.01,16250.99,completed
2635,5,8,4,5,2026-06-07,285.3,5.42,15059.82,completed
2636,5,6,3,4,2026-05-21,225.9,5.1,16434.68,completed
2637,5,15,4,5,2026-06-06,287.5,5.63,16290.99,completed
2638,5,9,3,8,2026-06-15,239.2,4.32,17541.95,completed
2639,5,9,4,3,2026-05-23,291.3,5.71,17316.35,completed
2640,5,6,4,3,2026-06-15,287.0,5.85,19013.43,completed
2641,5,15,3,2,2026-06-12,227.1,4.1,13847.87,completed
2642,5,6,4,4,2026-05-30,289.2,5.27,21385.77,completed
2643,5,15,3,5,2026-06-15,241.1,5.04,12381.67,completed
2644,5,6,3,1,2026-06-03,241.7,4.55,15480.19,completed
2645,5,9,4,2,2026-05-29,274.8,5.3,18381.22,completed
2646,5,8,4,5,2026-05-31,281.9,6.08,14088.49,completed
2647,5,9,4,2,2026-06-06,279.6,6.03,17144.32,completed
2648,5,8,3,1,2026-05-25,224.2,4.65,17426.68,completed
2649,5,15,4,7,2026-07-05,294.7,5.68,16269.95,completed
2650,5,8,3,1,2026-06-27,237.7,4.99,16876.44,completed
2651,5,9,3,5,2026-07-08,230.1,4.09,12141.05,completed
2652,5,8,3,7,2026-06-22,242.4,4.99,12922.64,completed
2653,5,7,3,8,2026-07-03,234.6,4.17,15752.05,completed
2654,5,6,3,8,2026-06-29,225.0,5.04,18028.92,completed
2655,5,15,3,3,2026-07-14,222.5,4.7,16217.49,completed
2656,5,7,3,3,2026-06-20,224.1,4.26,14697.83,completed
2657,5,6,3,1,2026-06-19,230.3,4.54,17589.36,completed
2658,5,6,3,1,2026-07-03,235.3,5.03,18096.24,completed
2659,5,6,4,7,2026-06-17,289.9,5.21,16168.92,completed
2660,5,8,4,2,2026-06-18,273.6,5.71,18141.35,completed
2661,5,6,4,4,2026-07-05,268.3,5.61,20973.26,completed
2662,5,7,4,3,2026-06-27,291.3,5.76,18381.26,completed
2663,5,6,3,1,2026-06-23,244.5,4.56,17730.54,completed
2664,5,6,4,3,2026-06-28,274.8,5.4,20322.99,completed
2665,5,6,4,8,2026-06-27,286.3,5.55,17767.24,completed
2666,5,8,4,7,2026-06-19,292.4,5.49,14650.88,completed
2667,5,6,4,5,2026-07-09,290.6,6.32,14202.38,completed
2668,5,6,3,5,2026-07-12,228.9,4.5,12951.3,completed
2669,5,6,4,8,2026-07-03,277.3,5.72,20108.78,completed
2670,5,9,3,7,2026-07-04,234.3,4.48,12745.12,completed
2671,5,9,4,3,2026-07-06,267.4,5.27,18953.73,completed
2672,5,9,4,2,2026-07-03,285.5,5.62,18401.68,completed
2673,5,6,3,6,2026-06-28,231.3,4.46,16332.78,completed
2674,5,9,3,8,2026-06-17,226.9,4.08,17274.71,completed
2675,5,9,3,3,2026-07-15,244.4,4.56,16821.79,completed
2676,5,6,3,7,2026-06-26,234.2,4.06,14846.97,completed
2677,5,6,4,3,2026-07-12,276.4,5.38,18960.89,completed
2678,5,9,3,8,2026-07-01,223.5,4.89,15936.07,completed
2679,5,9,4,5,2026-07-06,269.0,5.69,14495.01,completed
2680,5,6,3,5,2026-07-06,230.7,4.2,13647.03,completed
2681,5,7,4,3,2026-07-21,280.4,5.65,19504.27,completed
2682,5,6,3,8,2026-08-11,244.5,5.04,17321.01,completed
2683,5,7,4,5,2026-07-20,276.7,5.35,16470.31,completed
2684,5,8,4,1,2026-07-30,270.5,6.11,21139.13,completed
2685,5,8,3,3,2026-08-01,237.9,4.07,17238.85,completed
2686,5,9,3,2,2026-07-24,242.3,4.51,15373.25,completed
2687,5,7,3,8,2026-07-23,227.8,5.02,17720.67,completed
2688,5,15,3,3,2026-08-05,238.2,4.94,15614.07,completed
2689,5,6,3,1,2026-08-01,243.4,4.97,17008.34,completed
2690,5,8,3,3,2026-08-08,223.4,5.17,16016.79,completed
2691,5,15,3,7,2026-08-15,239.3,4.06,14720.81,completed
2692,5,8,3,1,2026-08-03,238.9,4.12,17419.34,completed
2693,5,6,3,6,2026-08-05,232.2,4.96,14408.24,completed
2694,5,7,3,6,2026-07-30,241.9,4.89,14109.08,completed
2695,5,6,3,8,2026-08-12,226.0,4.09,16863.22,completed
2696,5,15,3,7,2026-07-27,221.5,4.59,14041.19,completed
2697,5,15,3,5,2026-08-08,228.2,4.96,12637.69,completed
2698,5,9,3,8,2026-08-04,226.3,5.01,16816.06,completed
2699,5,15,4,3,2026-07-25,280.2,5.11,18265.45,completed
2700,5,9,3,3,2026-07-23,240.2,4.14,17155.64,completed
2701,5,8,3,1,2026-07-27,229.5,4.68,15399.83,completed
2702,5,7,4,4,2026-07-19,275.3,6.28,20797.19,completed
2703,5,8,4,8,2026-08-02,290.1,5.41,20693.6,completed
2704,5,15,3,7,2026-07-18,227.7,4.66,13296.22,completed
2705,5,9,3,7,2026-07-23,226.5,4.86,13791.29,completed
2706,5,15,4,5,2026-08-02,275.5,5.19,14527.05,completed
2707,5,8,3,7,2026-07-29,233.9,4.42,14676.83,completed
2708,5,9,3,8,2026-08-15,222.5,4.46,15889.22,completed
2709,5,6,4,6,2026-07-28,271.4,5.73,19877.75,completed
2710,5,15,3,1,2026-08-15,239.2,4.17,16375.24,completed
2711,5,6,4,5,2026-08-07,269.8,5.27,16986.41,completed
2712,5,9,3,2,2026-08-10,230.4,4.73,14189.28,completed
2713,6,3,1,3,2025-09-15,154.5,3.75,20843.57,completed
2714,6,2,1,3,2025-09-10,151.2,3.47,19664.93,completed
2715,6,3,1,6,2025-09-12,150.7,4.02,22523.66,completed
2716,6,2,1,3,2025-09-04,152.2,3.94,23478.66,completed
2717,6,1,2,1,2025-08-26,851.5,15.05,61022.82,completed
2718,6,3,1,2,2025-08-24,153.4,3.96,18424.16,completed
2719,6,4,2,5,2025-09-10,816.7,14.13,47423.78,completed
2720,6,1,1,8,2025-09-14,143.4,3.26,22100.88,completed
2721,6,14,1,6,2025-09-13,146.0,3.17,21072.13,completed
2722,6,1,1,2,2025-08-21,144.9,3.74,20882.0,completed
2723,6,14,1,5,2025-08-21,153.9,3.25,16550.78,completed
2724,6,2,2,6,2025-08-22,824.1,14.37,55665.27,completed
2725,6,1,2,2,2025-09-07,839.4,12.93,45704.57,completed
2726,6,5,1,6,2025-09-09,154.8,3.46,22322.49,completed
2727,6,14,1,6,2025-09-08,141.3,3.49,20039.54,completed
2728,6,4,1,1,2025-09-05,149.1,3.71,23086.02,completed
2729,6,5,2,7,2025-08-22,820.6,14.14,41657.15,completed
2730,6,14,2,1,2025-09-18,828.3,13.53,53983.52,completed
2731,6,14,1,4,2025-08-27,144.9,3.66,24139.58,completed
2732,6,1,2,4,2025-08-21,826.6,15.26,58234.53,completed
2733,6,3,1,6,2025-08-21,150.0,3.87,19532.38,completed
2734,6,2,1,8,2025-09-02,142.5,3.49,21520.35,completed
2735,6,4,2,2,2025-09-07,836.8,14.8,45274.93,completed
2736,6,2,1,4,2025-08-30,142.0,3.16,23000.53,completed
2737,6,14,1,1,2025-09-18,153.0,3.19,24556.75,completed
2738,6,14,1,1,2025-09-14,148.8,3.51,24860.63,completed
2739,6,1,2,4,2025-08-25,798.2,13.94,64111.61,completed
2740,6,2,2,4,2025-09-09,811.9,14.97,64601.04,completed
2741,6,5,2,6,2025-09-07,833.6,13.73,54751.03,completed
2742,6,2,1,2,2025-09-08,152.0,3.42,19946.48,completed
2743,6,2,2,1,2025-09-16,844.2,15.69,53967.97,completed
2744,6,4,1,3,2025-09-01,143.4,3.37,21099.13,completed
2745,6,14,2,1,2025-09-09,863.8,13.0,52667.95,completed
2746,6,2,2,3,2025-09-12,789.0,13.26,57075.4,completed
2747,6,14,1,2,2025-09-15,150.4,3.21,19455.33,completed
2748,6,14,1,8,2025-08-21,149.0,3.53,23189.41,completed
2749,6,2,1,7,2025-10-07,148.7,3.22,17747.59,completed
2750,6,14,2,8,2025-10-05,845.8,13.94,52173.08,completed
2751,6,3,1,1,2025-10-19,148.5,3.86,21569.26,completed
2752,6,5,1,2,2025-10-02,142.9,3.95,19457.85,completed
2753,6,5,2,3,2025-09-28,861.7,15.63,52508.49,completed
2754,6,2,1,3,2025-10-13,143.0,3.2,22839.11,completed
2755,6,5,1,5,2025-09-24,153.0,3.35,18035.83,completed
2756,6,3,1,1,2025-09-22,147.8,3.39,21756.39,completed
2757,6,14,1,3,2025-10-17,142.2,3.52,21843.24,completed
2758,6,14,2,4,2025-09-20,849.6,15.17,61573.14,completed
2759,6,14,1,1,2025-09-26,144.7,3.78,24949.89,completed
2760,6,2,1,4,2025-09-24,148.0,3.89,24837.85,completed
2761,6,2,1,2,2025-10-01,141.2,3.83,19873.76,completed
2762,6,4,1,2,2025-09-30,146.6,3.5,20515.48,completed
2763,6,3,1,1,2025-10-12,144.0,3.87,24104.54,completed
2764,6,3,2,8,2025-10-02,796.5,14.48,60395.78,completed
2765,6,14,1,2,2025-09-20,155.3,3.23,19622.03,completed
2766,6,3,1,8,2025-10-02,141.2,3.98,23988.83,completed
2767,6,1,1,2,2025-09-28,154.9,3.62,18083.96,completed
2768,6,5,2,2,2025-10-02,801.0,12.88,46580.5,completed
2769,6,4,1,2,2025-10-05,141.4,3.51,17192.89,completed
2770,6,4,2,7,2025-10-04,861.3,12.74,49675.46,completed
2771,6,2,1,7,2025-09-22,152.5,3.47,18472.22,completed
2772,6,5,1,5,2025-09-29,152.2,3.41,18576.11,completed
2773,6,4,1,8,2025-10-02,150.7,3.68,24500.82,completed
2774,6,5,1,4,2025-10-03,145.1,3.68,23061.28,completed
2775,6,2,1,8,2025-09-24,146.3,3.53,23905.31,completed
2776,6,3,1,2,2025-09-24,152.2,3.73,18113.61,completed
2777,6,3,2,6,2025-10-11,844.9,15.58,48141.01,completed
2778,6,5,1,8,2025-10-11,151.6,3.96,22882.26,completed
2779,6,14,1,4,2025-09-29,151.1,3.73,25744.82,completed
2780,6,2,2,5,2025-09-26,855.3,15.71,44512.76,completed
2781,6,2,2,8,2025-10-18,793.3,14.46,54388.05,completed
2782,6,3,1,4,2025-09-26,141.1,3.75,25944.42,completed
2783,6,14,1,2,2025-10-16,150.5,3.59,18533.03,completed
2784,6,14,1,6,2025-09-28,147.5,3.79,20160.95,completed
2785,6,3,2,8,2025-11-14,837.2,15.73,55370.57,completed
2786,6,2,2,6,2025-10-31,824.7,14.58,56584.01,completed
2787,6,4,2,7,2025-11-18,853.0,13.94,47617.84,completed
2788,6,2,1,7,2025-11-17,141.8,3.45,17415.8,completed
2789,6,5,2,1,2025-11-11,836.0,15.84,61573.03,completed
2790,6,3,2,2,2025-10-25,838.0,13.73,50089.7,completed
2791,6,4,2,7,2025-10-29,803.6,15.59,48675.33,completed
2792,6,4,1,1,2025-11-16,142.6,3.47,24959.73,completed
2793,6,2,1,5,2025-11-01,152.6,3.2,16266.72,completed
2794,6,2,2,4,2025-11-14,866.6,15.46,64240.89,completed
2795,6,3,2,6,2025-10-26,793.1,14.58,54010.38,completed
2796,6,2,1,8,2025-10-23,150.7,3.17,24417.45,completed
2797,6,5,1,8,2025-11-15,143.1,3.97,21713.34,completed
2798,6,14,1,6,2025-11-06,154.2,3.64,20479.07,completed
2799,6,2,2,3,2025-10-31,843.1,15.19,57767.78,completed
2800,6,5,1,7,2025-11-14,144.6,3.75,18072.66,completed
2801,6,1,2,1,2025-11-04,868.6,15.64,53441.14,completed
2802,6,3,1,7,2025-11-17,142.8,3.94,19097.55,completed
2803,6,2,2,8,2025-11-07,845.1,14.02,55107.26,completed
2804,6,1,1,8,2025-10-23,141.5,3.87,21366.33,completed
2805,6,4,2,3,2025-11-18,790.5,15.88,54739.71,completed
2806,6,1,2,1,2025-10-20,828.7,14.99,61715.52,completed
2807,6,3,1,2,2025-10-25,150.4,3.98,18357.61,completed
2808,6,1,1,7,2025-11-08,154.9,3.76,17491.45,completed
2809,6,4,1,4,2025-11-05,150.9,3.58,25262.45,completed
2810,6,2,1,1,2025-10-23,149.8,3.46,21395.22,completed
2811,6,2,1,7,2025-11-18,149.5,3.31,19020.59,completed
2812,6,3,2,4,2025-10-24,868.7,13.83,62120.77,completed
2813,6,2,1,4,2025-10-25,150.9,3.86,22142.35,completed
2814,6,5,1,4,2025-11-08,140.6,3.47,24318.82,completed
2815,6,3,2,4,2025-10-27,823.6,12.9,55099.08,completed
2816,6,4,2,1,2025-11-01,792.6,16.02,52275.8,completed
2817,6,4,1,3,2025-11-08,154.8,3.82,21725.59,completed
2818,6,4,1,4,2025-10-21,147.9,3.29,21894.27,completed
2819,6,14,1,6,2025-11-16,155.1,3.34,22571.9,completed
2820,6,4,1,2,2025-11-10,149.9,3.96,20162.86,completed
2821,6,4,2,5,2025-12-04,825.2,13.52,41350.93,completed
2822,6,2,1,4,2025-12-11,142.7,3.29,26102.05,completed
2823,6,5,1,2,2025-11-28,142.9,3.64,18106.11,completed
2824,6,2,1,3,2025-12-12,146.6,3.48,23727.47,completed
2825,6,3,2,4,2025-12-09,820.8,15.52,54148.15,completed
2826,6,1,2,4,2025-12-16,832.6,13.55,61271.15,completed
2827,6,1,2,5,2025-12-15,828.8,13.7,41667.73,completed
2828,6,14,2,2,2025-12-06,789.6,14.91,45933.74,completed
2829,6,2,1,7,2025-12-01,148.1,3.4,18802.91,completed
2830,6,5,2,4,2025-12-15,843.0,13.95,62132.18,completed
2831,6,4,2,5,2025-11-20,809.4,12.85,42769.33,completed
2832,6,3,1,2,2025-11-21,151.3,3.21,18770.22,completed
2833,6,4,2,6,2025-11-27,866.0,12.92,46749.99,completed
2834,6,5,2,4,2025-11-29,829.7,15.42,58927.6,completed
2835,6,1,1,8,2025-12-14,144.4,3.53,20733.35,completed
2836,6,1,1,1,2025-12-08,147.9,3.27,24440.76,completed
2837,6,3,1,3,2025-11-21,149.1,3.81,23651.16,completed
2838,6,4,2,7,2025-12-06,826.2,12.73,46145.95,completed
2839,6,1,2,4,2025-11-24,862.6,13.41,58636.03,completed
2840,6,4,1,3,2025-12-09,151.9,3.55,21254.24,completed
2841,6,14,2,8,2025-12-06,808.2,14.83,54999.75,completed
2842,6,2,1,5,2025-11-22,149.9,3.48,17956.11,completed
2843,6,1,2,4,2025-12-05,853.7,14.83,61561.08,completed
2844,6,1,1,4,2025-11-23,142.4,3.21,21641.99,completed
2845,6,4,1,6,2025-12-14,155.3,3.64,20195.48,completed
2846,6,4,2,5,2025-11-19,788.6,14.07,45843.48,completed
2847,6,3,2,7,2025-11-28,851.8,14.34,45947.63,completed
2848,6,5,2,8,2025-12-03,861.9,12.91,60622.29,completed
2849,6,3,1,7,2025-12-02,141.1,3.9,18910.49,completed
2850,6,4,1,1,2025-11-26,150.9,3.56,22100.58,completed
2851,6,3,1,7,2025-12-07,143.4,3.56,17948.68,completed
2852,6,14,1,2,2025-12-07,142.6,3.76,19615.6,completed
2853,6,2,1,6,2025-11-20,149.4,3.78,21506.15,completed
2854,6,3,1,6,2025-11-22,143.0,3.51,19298.66,completed
2855,6,3,1,7,2025-11-26,153.2,3.69,19991.87,completed
2856,6,3,2,7,2025-12-18,843.1,13.47,43551.66,completed
2857,6,3,2,5,2026-01-11,847.4,15.35,41536.57,completed
2858,6,4,2,2,2026-01-06,837.4,15.24,51685.44,completed
2859,6,3,1,5,2026-01-06,144.0,3.92,17422.18,completed
2860,6,1,2,5,2026-01-04,858.0,15.05,46266.67,completed
2861,6,2,1,3,2025-12-20,148.0,3.26,22140.67,completed
2862,6,5,2,4,2026-01-09,841.8,15.69,63292.41,completed
2863,6,2,2,2,2025-12-24,789.2,15.73,43835.59,completed
2864,6,1,2,3,2026-01-10,859.9,15.27,50787.49,completed
2865,6,3,2,6,2026-01-16,817.4,13.6,55389.33,completed
2866,6,3,2,6,2026-01-03,799.4,15.32,54858.65,completed
2867,6,1,1,4,2025-12-20,149.0,3.89,22861.23,completed
2868,6,2,2,2,2026-01-11,835.5,15.48,48666.36,completed
2869,6,1,1,6,2025-12-23,143.6,3.91,21854.17,completed
2870,6,3,2,7,2026-01-04,821.0,13.76,47425.16,completed
2871,6,1,2,8,2026-01-05,869.1,12.88,60807.43,completed
2872,6,3,1,2,2026-01-10,145.0,3.38,18512.66,completed
2873,6,4,2,7,2025-12-26,807.0,14.5,41756.92,completed
2874,6,2,2,1,2025-12-28,804.3,14.03,61367.98,completed
2875,6,2,1,1,2025-12-25,144.9,3.38,21904.86,completed
2876,6,1,1,2,2025-12-28,147.3,3.66,18023.21,completed
2877,6,1,2,1,2026-01-05,870.6,14.88,60243.38,completed
2878,6,4,1,5,2026-01-12,141.3,3.93,17885.55,completed
2879,6,4,1,8,2026-01-16,147.5,3.31,21399.37,completed
2880,6,2,1,5,2026-01-14,142.9,3.62,16956.43,completed
2881,6,2,2,1,2025-12-24,839.1,13.58,60512.03,completed
2882,6,2,2,6,2026-01-02,849.1,15.24,54354.13,completed
2883,6,2,1,4,2025-12-23,142.9,3.84,23901.71,completed
2884,6,1,1,3,2025-12-23,149.1,3.24,20996.83,completed
2885,6,2,1,1,2025-12-19,144.4,3.56,21492.42,completed
2886,6,14,1,2,2026-01-16,147.4,3.97,18768.91,completed
2887,6,4,1,8,2025-12-23,149.6,3.45,23589.63,completed
2888,6,14,2,4,2025-12-20,841.8,13.34,55627.06,completed
2889,6,2,1,3,2026-01-11,152.0,3.86,22090.24,completed
2890,6,1,1,4,2025-12-25,154.2,3.84,22714.03,completed
2891,6,5,1,3,2025-12-28,154.6,3.85,21554.39,completed
2892,6,4,1,2,2026-01-10,143.0,3.85,17760.6,completed
2893,6,3,2,1,2026-01-19,861.4,14.05,56234.46,completed
2894,6,14,2,8,2026-02-11,857.5,14.27,61014.46,completed
2895,6,3,2,6,2026-01-31,853.8,14.7,47670.76,completed
2896,6,1,1,5,2026-01-30,148.6,3.62,17101.5,completed
2897,6,14,2,3,2026-02-02,816.7,15.65,55738.56,completed
2898,6,2,1,3,2026-01-28,152.5,3.66,22164.47,completed
2899,6,4,2,7,2026-02-11,847.6,15.8,45847.64,completed
2900,6,4,1,4,2026-01-25,147.3,3.82,24410.6,completed
2901,6,1,1,3,2026-01-22,155.1,3.25,19928.98,completed
2902,6,2,2,1,2026-02-09,845.6,14.06,55179.17,completed
2903,6,4,1,2,2026-02-14,152.8,3.4,17328.07,completed
2904,6,5,1,4,2026-01-22,149.3,3.69,23102.86,completed
2905,6,2,2,6,2026-02-06,862.0,15.28,49869.81,completed
2906,6,2,2,2,2026-01-23,829.4,13.96,44202.12,completed
2907,6,2,2,4,2026-02-04,802.1,13.86,58969.79,completed
2908,6,2,2,3,2026-01-21,819.8,13.72,52986.46,completed
2909,6,2,2,7,2026-02-16,849.6,15.02,42764.78,completed
2910,6,3,1,4,2026-01-27,153.6,3.88,22862.52,completed
2911,6,5,2,8,2026-02-06,815.9,13.55,56785.48,completed
2912,6,1,1,3,2026-02-14,150.7,3.82,21188.11,completed
2913,6,5,2,2,2026-02-11,804.2,14.99,51180.33,completed
2914,6,5,2,5,2026-02-09,821.5,14.82,47539.7,completed
2915,6,5,1,3,2026-02-10,144.1,3.31,20937.47,completed
2916,6,3,2,8,2026-02-12,864.2,14.59,52206.81,completed
2917,6,1,1,7,2026-02-15,148.6,3.27,17849.38,completed
2918,6,14,1,1,2026-01-29,154.3,3.28,23101.1,completed
2919,6,1,2,2,2026-01-28,867.8,15.29,51647.9,completed
2920,6,2,1,1,2026-02-05,151.8,3.76,21940.02,completed
2921,6,4,2,4,2026-01-25,848.3,13.14,59075.35,completed
2922,6,5,2,3,2026-02-10,851.9,13.23,52127.69,completed
2923,6,1,2,7,2026-01-28,840.3,12.69,47026.84,completed
2924,6,2,2,2,2026-01-24,807.0,14.48,49741.51,completed
2925,6,3,1,1,2026-02-05,153.2,3.77,22926.81,completed
2926,6,14,1,2,2026-01-20,142.8,3.98,17812.92,completed
2927,6,3,1,2,2026-02-10,150.4,3.92,18267.28,completed
2928,6,4,2,3,2026-02-04,830.0,14.01,53437.2,completed
2929,6,5,1,2,2026-02-20,144.5,3.62,19161.46,completed
2930,6,3,2,5,2026-03-13,858.0,12.6,40763.79,completed
2931,6,5,2,3,2026-03-18,865.9,14.15,54364.41,completed
2932,6,3,2,4,2026-03-05,849.7,13.96,57456.85,completed
2933,6,4,2,5,2026-03-12,850.4,14.69,42322.94,completed
2934,6,3,1,4,2026-03-10,149.6,3.78,22282.87,completed
2935,6,2,2,3,2026-02-19,789.9,15.02,51004.52,completed
2936,6,2,1,5,2026-03-08,143.8,4.0,16725.58,completed
2937,6,5,2,8,2026-03-18,852.6,15.05,60137.36,completed
2938,6,4,1,2,2026-03-16,142.9,3.82,19482.0,completed
2939,6,14,2,2,2026-02-22,805.0,15.17,47740.33,completed
2940,6,2,1,1,2026-03-17,146.7,3.8,22460.29,completed
2941,6,1,1,1,2026-02-17,143.5,3.29,22077.04,completed
2942,6,5,2,4,2026-03-01,796.5,13.73,55805.49,completed
2943,6,2,1,6,2026-02-25,148.4,3.36,19641.29,completed
2944,6,5,1,6,2026-03-11,146.8,3.86,19300.01,completed
2945,6,1,1,1,2026-03-03,150.9,3.29,22305.98,completed
2946,6,2,2,7,2026-03-16,858.5,16.08,43054.78,completed
2947,6,14,1,7,2026-03-14,143.6,3.86,19610.49,completed
2948,6,5,2,2,2026-02-27,861.8,15.97,48895.47,completed
2949,6,4,2,3,2026-03-03,824.5,13.67,50042.17,completed
2950,6,1,1,1,2026-02-23,148.1,3.29,21199.11,completed
2951,6,1,1,3,2026-03-10,148.1,4.0,21911.33,completed
2952,6,4,2,3,2026-03-12,859.6,14.45,55425.19,completed
2953,6,4,2,1,2026-03-17,820.5,14.88,56723.24,completed
2954,6,5,2,6,2026-02-22,863.1,14.48,46639.94,completed
2955,6,2,1,5,2026-03-13,142.5,3.68,16099.64,completed
2956,6,4,2,2,2026-03-18,797.7,15.99,47640.17,completed
2957,6,5,2,4,2026-03-11,843.3,13.22,57119.01,completed
2958,6,14,1,3,2026-03-01,150.9,3.87,21199.76,completed
2959,6,5,2,3,2026-03-16,857.3,13.08,52749.78,completed
2960,6,3,2,4,2026-03-08,835.4,15.93,59598.55,completed
2961,6,2,2,6,2026-03-08,824.6,14.83,49398.78,completed
2962,6,2,2,5,2026-03-07,790.4,13.54,47169.14,completed
2963,6,5,2,3,2026-03-02,870.5,13.67,53501.26,completed
2964,6,4,2,7,2026-02-17,834.4,14.68,46108.67,completed
2965,6,3,2,8,2026-04-05,839.8,14.6,54235.02,completed
2966,6,1,2,5,2026-04-04,839.0,14.36,41291.43,completed
2967,6,4,2,2,2026-04-02,858.1,14.42,45158.39,completed
2968,6,4,2,4,2026-04-11,855.6,12.97,60482.85,completed
2969,6,5,2,5,2026-04-05,812.6,12.63,39834.68,completed
2970,6,1,1,7,2026-03-29,142.4,3.93,19909.55,completed
2971,6,4,1,3,2026-03-23,141.2,3.5,23739.75,completed
2972,6,5,1,1,2026-03-24,152.9,3.46,21725.13,completed
2973,6,1,1,4,2026-04-05,149.1,3.32,25601.13,completed
2974,6,4,1,6,2026-03-28,148.6,3.36,21390.38,completed
2975,6,14,2,5,2026-03-22,823.0,15.63,44456.69,completed
2976,6,4,1,3,2026-04-13,140.8,3.15,21172.32,completed
2977,6,14,1,6,2026-03-31,146.6,3.67,21775.46,completed
2978,6,1,2,4,2026-04-17,818.2,13.62,65085.74,completed
2979,6,4,2,4,2026-04-05,863.0,13.63,61476.01,completed
2980,6,5,2,1,2026-04-12,848.3,12.67,56695.62,completed
2981,6,2,1,8,2026-04-01,152.5,3.18,24046.95,completed
2982,6,3,1,7,2026-04-16,141.3,3.39,18900.67,completed
2983,6,3,2,5,2026-03-23,866.4,13.98,44880.03,completed
2984,6,4,2,6,2026-04-05,821.8,15.81,55914.7,completed
2985,6,1,1,5,2026-03-31,152.1,3.25,16334.37,completed
2986,6,4,2,7,2026-03-23,823.8,13.22,43858.9,completed
2987,6,5,1,2,2026-03-19,143.8,3.71,18403.3,completed
2988,6,1,2,8,2026-03-27,828.4,13.96,55877.75,completed
2989,6,3,2,6,2026-04-07,824.8,13.2,48881.37,completed
2990,6,3,1,4,2026-03-19,141.8,3.27,23753.1,completed
2991,6,2,2,6,2026-03-22,857.3,15.75,48295.42,completed
2992,6,14,1,1,2026-03-26,150.3,3.98,22289.04,completed
2993,6,2,1,8,2026-04-17,142.7,4.0,23602.57,completed
2994,6,4,2,3,2026-04-12,841.8,15.16,51845.58,completed
2995,6,14,2,6,2026-04-09,815.5,13.23,49899.72,completed
2996,6,14,2,3,2026-04-14,847.7,13.69,52666.9,completed
2997,6,5,2,2,2026-03-29,839.5,14.17,47507.67,completed
2998,6,1,1,6,2026-04-04,141.3,3.42,22155.95,completed
2999,6,4,1,5,2026-04-02,147.6,3.82,16916.73,completed
3000,6,2,1,6,2026-03-28,148.4,3.8,20444.81,completed
3001,6,4,2,2,2026-04-21,813.4,15.42,46242.71,completed
3002,6,3,2,4,2026-04-27,838.6,12.73,63647.49,completed
3003,6,5,1,8,2026-05-05,143.5,3.61,20255.81,completed
3004,6,1,2,2,2026-05-10,857.0,14.42,44763.3,completed
3005,6,1,1,7,2026-05-04,148.5,3.3,18122.86,completed
3006,6,2,1,6,2026-05-03,143.5,3.4,20879.28,completed
3007,6,3,2,3,2026-05-09,803.6,14.16,49584.0,completed
3008,6,3,2,7,2026-05-14,865.4,15.15,47005.42,completed
3009,6,1,2,1,2026-05-04,797.4,14.09,57659.62,completed
3010,6,3,2,4,2026-04-26,829.7,15.17,63908.77,completed
3011,6,2,2,7,2026-05-06,837.4,12.83,48355.03,completed
3012,6,2,2,4,2026-05-14,837.3,14.61,58275.28,completed
3013,6,3,2,7,2026-05-16,839.1,14.61,44095.97,completed
3014,6,1,1,1,2026-04-19,148.8,3.57,22916.94,completed
3015,6,14,1,4,2026-05-10,142.0,3.22,23045.05,completed
3016,6,3,2,5,2026-04-23,820.9,15.18,45311.97,completed
3017,6,5,2,8,2026-04-29,835.1,15.67,55197.42,completed
3018,6,14,2,6,2026-05-10,851.1,13.04,52485.0,completed
3019,6,2,1,1,2026-04-22,151.6,3.55,20818.42,completed
3020,6,3,1,3,2026-05-04,150.1,3.94,21910.83,completed
3021,6,4,2,2,2026-04-18,850.8,14.45,51668.56,completed
3022,6,1,2,6,2026-05-13,865.4,14.09,49326.82,completed
3023,6,5,1,7,2026-04-21,151.3,3.71,16696.79,completed
3024,6,4,1,6,2026-05-15,152.1,3.66,20850.6,completed
3025,6,3,2,2,2026-05-17,789.4,15.47,46053.72,completed
3026,6,4,1,2,2026-05-02,146.1,3.28,19337.63,completed
3027,6,5,2,7,2026-04-24,854.0,12.91,42998.97,completed
3028,6,14,2,1,2026-05-02,789.5,15.53,62175.59,completed
3029,6,2,2,4,2026-05-09,850.4,13.03,58257.55,completed
3030,6,1,1,2,2026-04-25,148.5,3.9,20790.43,completed
3031,6,2,2,5,2026-05-08,817.5,13.45,47208.61,completed
3032,6,5,2,1,2026-04-19,815.7,14.47,59089.11,completed
3033,6,1,1,2,2026-04-27,153.6,3.41,18387.9,completed
3034,6,4,2,4,2026-04-20,865.9,15.38,64342.26,completed
3035,6,4,2,4,2026-05-12,864.4,12.88,58346.73,completed
3036,6,5,2,7,2026-04-25,808.6,14.77,42889.44,completed
3037,6,5,1,6,2026-05-28,155.1,3.89,22668.27,completed
3038,6,3,2,2,2026-06-07,825.9,13.46,51948.47,completed
3039,6,4,2,7,2026-05-25,835.7,13.85,46312.21,completed
3040,6,4,1,2,2026-05-27,154.8,3.69,18076.94,completed
3041,6,4,1,4,2026-06-02,141.0,3.29,22289.62,completed
3042,6,4,2,7,2026-05-18,809.2,13.22,44111.1,completed
3043,6,3,1,7,2026-05-26,151.0,3.51,16644.64,completed
3044,6,5,1,2,2026-06-09,154.6,3.71,18898.61,completed
3045,6,5,1,6,2026-06-14,154.2,3.51,22017.08,completed
3046,6,3,2,1,2026-05-21,844.1,14.51,51659.13,completed
3047,6,2,1,8,2026-05-18,147.8,3.33,21301.06,completed
3048,6,3,1,2,2026-06-07,144.6,3.25,18126.7,completed
3049,6,2,1,6,2026-06-16,146.7,3.85,18719.46,completed
3050,6,4,2,8,2026-05-26,859.9,14.91,58071.64,completed
3051,6,2,1,3,2026-06-03,153.3,3.97,21894.02,completed
3052,6,3,2,5,2026-06-11,797.8,15.07,48042.41,completed
3053,6,2,2,8,2026-06-14,826.1,15.71,55788.95,completed
3054,6,5,1,7,2026-06-04,152.3,3.81,19983.39,completed
3055,6,2,2,1,2026-05-27,837.5,15.26,62015.36,completed
3056,6,2,1,8,2026-06-04,150.2,3.46,22221.39,completed
3057,6,2,1,4,2026-05-30,147.6,3.16,22776.46,completed
3058,6,2,2,2,2026-06-09,789.5,15.8,42929.26,completed
3059,6,5,2,4,2026-06-13,823.3,12.68,61142.14,completed
3060,6,2,1,7,2026-05-29,143.1,3.18,17358.05,completed
3061,6,14,2,2,2026-06-14,860.7,15.73,44471.41,completed
3062,6,4,1,6,2026-06-01,144.6,3.39,19184.56,completed
3063,6,14,1,1,2026-06-09,149.4,3.77,22746.08,completed
3064,6,2,1,4,2026-05-26,152.2,3.89,23191.93,completed
3065,6,5,1,1,2026-06-02,145.2,3.99,23747.23,completed
3066,6,3,1,3,2026-06-04,141.0,3.79,23700.36,completed
3067,6,14,2,3,2026-05-30,860.3,14.61,59586.11,completed
3068,6,2,1,3,2026-05-29,147.9,3.41,19901.13,completed
3069,6,3,1,3,2026-05-18,153.8,3.71,20713.52,completed
3070,6,4,1,3,2026-05-21,152.9,3.2,20030.46,completed
3071,6,4,1,5,2026-06-03,150.8,3.34,17354.37,completed
3072,6,2,2,1,2026-06-04,846.1,13.19,55779.17,completed
3073,6,1,1,1,2026-07-06,152.3,3.49,22019.6,completed
3074,6,1,2,3,2026-07-05,822.5,14.5,52820.3,completed
3075,6,3,1,1,2026-07-01,145.2,3.2,22659.78,completed
3076,6,2,2,4,2026-06-27,835.2,12.64,64931.89,completed
3077,6,5,2,4,2026-07-01,851.0,12.72,54626.23,completed
3078,6,2,2,3,2026-06-19,833.4,13.93,50090.01,completed
3079,6,1,1,8,2026-07-07,142.7,3.25,21863.49,completed
3080,6,14,2,6,2026-07-11,822.3,12.99,49466.04,completed
3081,6,5,2,2,2026-06-22,870.9,12.84,48059.04,completed
3082,6,3,1,8,2026-06-26,141.4,4.01,21215.3,completed
3083,6,3,1,5,2026-07-14,154.0,3.31,18603.26,completed
3084,6,14,1,2,2026-06-29,145.7,3.34,17198.24,completed
3085,6,2,2,2,2026-07-10,843.6,12.66,51550.8,completed
3086,6,14,2,5,2026-07-13,858.4,15.69,43513.12,completed
3087,6,2,2,1,2026-07-08,841.7,13.84,53311.76,completed
3088,6,2,1,4,2026-07-02,150.2,3.68,23371.63,completed
3089,6,14,2,1,2026-06-21,817.1,15.02,54310.42,completed
3090,6,4,2,2,2026-06-18,797.3,14.94,44100.32,completed
3091,6,2,2,2,2026-07-12,861.6,16.08,46942.19,completed
3092,6,3,2,7,2026-07-02,854.2,15.78,46050.07,completed
3093,6,2,2,3,2026-07-01,793.4,12.63,53026.54,completed
3094,6,4,2,5,2026-06-25,850.7,14.13,39796.68,completed
3095,6,5,1,2,2026-06-18,149.8,3.65,19008.56,completed
3096,6,3,1,7,2026-06-18,149.1,3.79,16577.84,completed
3097,6,5,1,7,2026-07-10,152.9,3.84,18672.59,completed
3098,6,5,1,5,2026-06-25,144.6,3.98,17629.7,completed
3099,6,1,1,3,2026-06-24,148.4,3.43,22057.04,completed
3100,6,2,2,3,2026-07-09,802.5,16.09,58202.88,completed
3101,6,14,1,8,2026-07-10,140.8,3.94,20783.86,completed
3102,6,2,1,4,2026-06-17,140.9,3.6,21714.73,completed
3103,6,14,1,5,2026-07-09,147.3,3.67,19333.61,completed
3104,6,5,1,1,2026-07-03,152.1,4.02,23096.69,completed
3105,6,1,1,5,2026-06-29,140.9,3.99,18644.79,completed
3106,6,5,1,7,2026-07-11,142.9,3.36,19095.4,completed
3107,6,4,2,4,2026-07-10,844.4,15.91,63460.19,completed
3108,6,4,2,1,2026-06-17,849.3,13.65,57400.63,completed
3109,6,4,1,7,2026-07-25,141.2,3.17,17809.81,completed
3110,6,2,2,4,2026-07-30,796.5,15.52,54974.56,completed
3111,6,1,2,2,2026-08-02,814.9,14.92,51251.03,completed
3112,6,3,2,5,2026-08-02,836.1,15.42,40833.79,completed
3113,6,2,1,1,2026-08-06,153.1,3.16,21676.01,completed
3114,6,3,2,4,2026-08-10,822.8,12.7,56408.01,completed
3115,6,5,2,7,2026-08-05,812.0,15.72,46425.57,completed
3116,6,4,2,7,2026-07-31,793.0,12.8,42336.44,completed
3117,6,14,1,5,2026-08-09,142.7,3.82,15891.92,completed
3118,6,2,1,3,2026-08-06,147.2,3.96,20528.67,completed
3119,6,2,2,1,2026-08-14,791.3,13.81,55684.97,completed
3120,6,3,1,8,2026-08-08,142.6,3.35,21572.47,completed
3121,6,4,2,4,2026-07-26,865.7,13.81,55462.91,completed
3122,6,1,2,1,2026-07-26,839.9,16.07,52225.16,completed
3123,6,1,1,6,2026-08-03,146.8,3.21,19111.05,completed
3124,6,3,1,6,2026-08-04,150.5,3.93,18704.1,completed
3125,6,1,1,1,2026-07-31,143.8,3.38,23232.75,completed
3126,6,1,2,1,2026-07-19,808.6,13.1,52687.35,completed
3127,6,1,1,1,2026-08-09,154.0,3.33,24495.87,completed
3128,6,1,1,7,2026-07-28,141.0,3.94,16720.73,completed
3129,6,4,2,1,2026-08-09,850.9,13.39,56121.03,completed
3130,6,4,2,5,2026-08-09,861.2,14.89,39993.47,completed
3131,6,4,1,8,2026-07-24,145.0,3.87,23930.44,completed
3132,6,5,1,2,2026-07-19,140.7,3.59,18407.54,completed
3133,6,4,1,5,2026-08-13,144.1,3.64,16359.48,completed
3134,6,4,2,2,2026-07-30,802.0,13.71,47940.97,completed
3135,6,4,1,3,2026-08-07,146.4,4.01,23702.95,completed
3136,6,14,2,7,2026-08-11,817.6,15.05,44514.68,completed
3137,6,2,2,3,2026-07-25,867.9,14.77,59592.64,completed
3138,6,5,2,7,2026-07-31,858.6,15.37,45636.88,completed
3139,6,4,2,8,2026-08-12,801.8,12.81,51201.05,completed
3140,6,1,1,6,2026-07-18,154.4,3.86,20338.91,completed
3141,6,3,2,8,2026-07-21,814.5,13.55,51704.44,completed
3142,6,1,1,5,2026-07-26,153.6,3.81,18390.5,completed
3143,6,2,1,2,2026-07-19,150.0,3.89,18420.42,completed
3144,6,3,2,3,2026-07-25,802.8,15.99,55150.74,completed
3145,7,14,2,5,2025-09-16,798.8,14.95,35097.75,completed
3146,7,5,2,4,2025-09-07,800.7,13.47,47406.19,completed
3147,7,3,2,4,2025-08-28,837.2,13.61,50066.71,completed
3148,7,5,1,2,2025-09-06,152.5,3.62,15822.18,completed
3149,7,3,2,7,2025-09-17,817.3,12.94,41771.12,completed
3150,7,2,1,1,2025-08-23,153.6,3.42,18457.55,completed
3151,7,14,2,2,2025-08-26,790.9,15.08,39306.27,completed
3152,7,5,1,5,2025-09-13,146.9,3.87,16680.25,completed
3153,7,2,1,8,2025-08-24,150.1,3.59,20270.2,completed
3154,7,2,1,1,2025-08-26,150.9,3.24,18067.43,completed
3155,7,1,2,1,2025-08-23,791.2,12.65,52545.12,completed
3156,7,1,2,8,2025-08-28,845.8,15.22,44779.44,completed
3157,7,1,2,7,2025-09-14,861.9,15.25,41573.78,completed
3158,7,14,1,6,2025-09-12,151.7,3.19,18420.62,completed
3159,7,5,2,2,2025-09-10,869.7,14.23,39618.93,completed
3160,7,1,2,6,2025-09-10,805.6,14.13,41584.32,completed
3161,7,5,1,6,2025-08-26,140.9,3.96,18742.21,completed
3162,7,4,2,1,2025-08-25,838.2,12.8,52265.96,completed
3163,7,1,1,8,2025-09-03,141.0,3.75,17907.29,completed
3164,7,2,1,8,2025-08-25,150.6,3.92,20970.93,completed
3165,7,4,2,5,2025-09-05,832.9,14.3,40352.94,completed
3166,7,4,1,1,2025-09-18,153.4,3.94,19480.13,completed
3167,7,3,1,3,2025-09-07,151.3,3.63,17066.41,completed
3168,7,5,2,8,2025-08-22,842.6,14.94,43883.18,completed
3169,7,2,2,4,2025-08-27,868.5,13.17,55645.11,completed
3170,7,5,1,7,2025-08-22,146.3,3.74,16756.64,completed
3171,7,4,2,6,2025-08-29,827.7,13.96,44085.7,completed
3172,7,1,2,6,2025-09-03,798.3,14.62,46077.69,completed
3173,7,1,2,3,2025-08-31,798.1,14.02,43043.98,completed
3174,7,4,2,3,2025-08-23,865.5,13.36,42566.69,completed
3175,7,14,2,1,2025-10-06,862.6,13.15,52141.75,completed
3176,7,5,1,2,2025-10-07,149.2,3.4,17771.21,completed
3177,7,2,2,2,2025-09-20,864.3,15.19,37344.61,completed
3178,7,3,1,1,2025-10-17,142.8,3.47,18725.39,completed
3179,7,4,1,7,2025-10-13,152.6,3.63,15411.46,completed
3180,7,4,2,5,2025-10-12,807.7,15.64,40500.54,completed
3181,7,3,2,4,2025-10-07,788.8,12.66,47513.9,completed
3182,7,4,1,5,2025-10-03,155.3,3.58,14564.3,completed
3183,7,3,2,2,2025-10-05,816.5,15.21,39303.35,completed
3184,7,5,1,3,2025-10-14,147.2,3.58,17298.64,completed
3185,7,2,1,3,2025-10-08,148.9,3.59,18416.6,completed
3186,7,3,2,6,2025-09-24,866.4,12.76,43887.42,completed
3187,7,2,2,3,2025-10-13,801.2,15.35,46147.68,completed
3188,7,3,2,6,2025-10-03,827.4,12.73,47458.48,completed
3189,7,1,1,8,2025-09-20,141.5,3.59,19287.17,completed
3190,7,4,1,6,2025-10-15,150.3,3.62,17148.87,completed
3191,7,14,1,8,2025-10-13,142.0,3.43,17733.95,completed
3192,7,2,1,1,2025-10-18,152.8,3.89,19571.51,completed
3193,7,14,2,8,2025-09-25,801.9,13.2,47465.9,completed
3194,7,14,2,7,2025-10-06,800.7,14.18,38830.39,completed
3195,7,4,2,1,2025-10-03,799.8,14.16,48793.25,completed
3196,7,2,2,4,2025-10-05,859.9,15.07,56361.91,completed
3197,7,14,2,4,2025-10-07,821.8,14.06,56582.36,completed
3198,7,5,1,6,2025-09-24,148.4,3.78,16984.4,completed
3199,7,4,2,1,2025-10-18,791.0,13.52,51201.04,completed
3200,7,2,2,4,2025-09-21,853.3,15.32,53757.09,completed
3201,7,3,2,1,2025-10-15,832.1,15.52,44801.45,completed
3202,7,2,1,8,2025-10-08,141.8,3.94,19121.65,completed
3203,7,3,2,7,2025-10-14,804.4,14.9,35709.97,completed
3204,7,4,2,7,2025-09-21,830.0,15.69,41475.02,completed
3205,7,3,2,6,2025-10-28,859.1,14.65,41929.07,completed
3206,7,5,1,4,2025-10-28,143.3,3.33,19239.25,completed
3207,7,4,2,3,2025-11-12,793.4,13.22,44473.99,completed
3208,7,1,1,8,2025-10-23,153.0,3.88,20457.01,completed
3209,7,5,2,7,2025-10-23,797.3,13.18,43312.2,completed
3210,7,5,2,3,2025-11-17,798.0,13.54,47658.2,completed
3211,7,1,2,4,2025-10-31,797.1,14.09,48393.72,completed
3212,7,5,1,4,2025-11-16,143.4,3.94,21968.79,completed
3213,7,1,2,1,2025-11-17,844.8,13.54,47184.8,completed
3214,7,4,1,1,2025-11-06,141.7,3.56,17920.08,completed
3215,7,1,1,4,2025-11-01,147.2,3.83,22454.74,completed
3216,7,1,2,1,2025-10-29,805.8,14.05,50324.69,completed
3217,7,3,2,3,2025-11-18,836.4,15.58,45167.82,completed
3218,7,5,2,3,2025-10-28,824.5,13.45,49919.81,completed
3219,7,5,1,4,2025-10-21,151.8,3.43,21699.53,completed
3220,7,3,1,3,2025-11-08,152.7,3.63,19763.83,completed
3221,7,14,1,4,2025-11-08,147.4,3.29,19560.95,completed
3222,7,5,2,3,2025-11-16,862.8,13.01,43347.21,completed
3223,7,3,2,4,2025-11-09,869.4,14.57,47069.3,completed
3224,7,2,2,1,2025-11-15,823.3,13.98,48811.43,completed
3225,7,4,2,3,2025-11-16,842.0,13.85,44095.63,completed
3226,7,3,1,8,2025-11-08,149.3,3.17,20407.8,completed
3227,7,3,1,7,2025-11-15,151.7,4.02,14264.84,completed
3228,7,2,2,1,2025-10-21,843.7,15.83,49951.84,completed
3229,7,2,1,1,2025-10-25,154.0,3.83,20875.72,completed
3230,7,5,2,4,2025-10-21,833.5,15.8,49467.75,completed
3231,7,2,1,3,2025-10-31,144.3,3.3,20627.91,completed
3232,7,3,1,4,2025-10-22,152.6,3.94,18798.65,completed
3233,7,1,2,6,2025-10-23,849.0,16.06,46063.73,completed
3234,7,14,2,6,2025-11-10,807.3,14.02,48577.16,completed
3235,7,5,2,4,2025-11-25,808.9,15.66,54389.8,completed
3236,7,4,2,4,2025-12-18,823.9,12.63,48264.24,completed
3237,7,5,1,6,2025-12-12,155.4,3.35,18865.51,completed
3238,7,3,1,5,2025-11-21,149.2,3.54,14264.78,completed
3239,7,3,2,7,2025-12-18,838.4,13.07,42566.56,completed
3240,7,2,1,2,2025-11-26,146.5,3.22,18106.64,completed
3241,7,5,2,5,2025-11-30,793.9,12.65,36550.59,completed
3242,7,14,1,5,2025-11-21,153.9,3.45,15503.05,completed
3243,7,2,1,3,2025-12-01,151.0,3.24,18697.16,completed
3244,7,14,2,4,2025-12-01,823.7,15.93,47900.93,completed
3245,7,2,2,6,2025-12-10,840.8,14.0,48177.42,completed
3246,7,2,2,2,2025-12-11,840.0,13.02,37470.35,completed
3247,7,1,1,1,2025-12-07,150.4,3.92,20168.64,completed
3248,7,2,2,6,2025-11-27,802.3,12.97,41049.76,completed
3249,7,3,2,4,2025-11-30,796.3,13.33,46677.81,completed
3250,7,5,1,2,2025-12-09,144.1,3.89,15251.98,completed
3251,7,5,2,8,2025-12-03,810.2,14.72,49938.55,completed
3252,7,14,1,6,2025-12-12,142.5,4.0,17104.77,completed
3253,7,14,1,5,2025-12-14,151.0,3.62,15836.74,completed
3254,7,14,1,3,2025-12-18,145.1,3.62,20673.3,completed
3255,7,4,2,1,2025-12-04,857.3,13.29,50827.07,completed
3256,7,2,1,4,2025-12-07,148.9,3.46,21070.81,completed
3257,7,2,2,1,2025-11-29,833.6,13.61,49175.97,completed
3258,7,1,2,5,2025-12-17,841.3,15.35,38401.2,completed
3259,7,14,2,4,2025-12-06,852.8,15.05,48353.09,completed
3260,7,4,2,3,2025-12-14,849.9,13.53,44149.47,completed
3261,7,14,2,3,2025-12-07,818.6,15.83,49885.78,completed
3262,7,1,2,6,2025-12-14,802.5,13.16,45770.42,completed
3263,7,1,1,6,2025-12-13,143.3,3.79,16582.64,completed
3264,7,3,2,3,2025-12-03,822.6,14.66,44151.38,completed
3265,7,14,2,3,2025-12-19,867.0,15.38,43381.54,completed
3266,7,1,1,5,2025-12-28,143.2,3.16,15513.38,completed
3267,7,4,1,7,2025-12-24,147.2,3.27,16890.11,completed
3268,7,3,2,1,2026-01-17,816.9,15.54,52777.34,completed
3269,7,2,2,7,2025-12-24,857.9,14.86,36168.69,completed
3270,7,5,1,4,2025-12-21,151.9,3.65,18836.6,completed
3271,7,2,1,6,2026-01-05,142.6,3.41,18429.07,completed
3272,7,1,2,2,2026-01-06,859.2,15.03,39099.76,completed
3273,7,5,2,1,2025-12-23,843.2,13.72,49117.9,completed
3274,7,1,2,7,2026-01-17,823.2,15.54,41065.89,completed
3275,7,2,2,7,2025-12-31,847.3,15.1,37868.53,completed
3276,7,1,2,1,2026-01-06,826.9,13.3,47773.09,completed
3277,7,4,2,2,2026-01-14,800.7,13.38,40784.06,completed
3278,7,2,1,4,2026-01-13,140.8,3.97,20328.92,completed
3279,7,14,2,5,2025-12-21,813.4,15.89,41807.23,completed
3280,7,3,1,7,2025-12-27,144.9,3.95,17106.97,completed
3281,7,2,1,8,2026-01-02,153.8,3.61,19322.85,completed
3282,7,1,2,7,2026-01-01,805.8,13.48,42440.53,completed
3283,7,5,2,3,2025-12-20,861.5,15.43,50262.56,completed
3284,7,3,2,6,2025-12-22,825.1,16.09,45104.37,completed
3285,7,2,2,4,2025-12-28,791.9,13.19,53792.4,completed
3286,7,3,1,8,2025-12-27,141.8,3.58,20495.57,completed
3287,7,3,1,5,2026-01-01,152.4,3.59,16159.57,completed
3288,7,4,2,5,2026-01-06,789.4,13.86,40245.54,completed
3289,7,14,2,6,2025-12-26,851.7,14.06,43906.5,completed
3290,7,14,1,5,2026-01-02,148.2,3.79,14299.25,completed
3291,7,14,2,2,2025-12-19,788.8,13.79,45368.21,completed
3292,7,4,2,6,2026-01-11,803.0,13.97,48992.46,completed
3293,7,3,2,4,2026-01-12,789.8,15.39,52681.15,completed
3294,7,5,1,8,2025-12-21,146.9,3.42,18514.07,completed
3295,7,3,2,2,2026-01-25,867.9,14.43,41032.46,completed
3296,7,4,2,4,2026-01-19,819.6,14.5,50675.46,completed
3297,7,4,2,6,2026-01-26,859.0,13.06,48564.88,completed
3298,7,4,2,4,2026-02-04,863.3,15.34,56144.78,completed
3299,7,14,2,5,2026-01-20,856.3,15.21,38398.92,completed
3300,7,2,1,1,2026-02-01,150.9,3.65,19702.5,completed
3301,7,5,1,1,2026-01-27,150.9,3.72,19144.71,completed
3302,7,3,2,1,2026-01-25,851.0,14.1,48147.08,completed
3303,7,2,2,1,2026-02-09,810.7,14.09,47004.99,completed
3304,7,1,1,4,2026-01-30,147.1,3.33,20629.81,completed
3305,7,14,2,8,2026-02-12,798.5,15.87,52368.09,completed
3306,7,4,1,3,2026-01-31,147.6,3.65,20366.08,completed
3307,7,5,2,2,2026-01-18,826.0,14.86,43644.69,completed
3308,7,2,2,6,2026-02-03,844.6,15.43,47339.35,completed
3309,7,4,1,7,2026-02-11,146.7,3.42,14906.22,completed
3310,7,4,1,8,2026-01-18,145.3,4.02,20380.47,completed
3311,7,14,2,1,2026-02-07,800.0,15.5,47546.56,completed
3312,7,3,2,1,2026-02-07,823.6,15.05,53028.83,completed
3313,7,14,1,7,2026-02-10,146.6,3.33,15658.73,completed
3314,7,4,1,2,2026-02-11,154.4,3.74,15443.39,completed
3315,7,2,1,8,2026-02-12,143.2,3.88,19751.88,completed
3316,7,4,1,3,2026-01-21,146.8,3.43,19133.8,completed
3317,7,4,1,4,2026-01-20,154.1,3.16,20524.22,completed
3318,7,5,2,5,2026-01-26,837.2,13.15,35737.86,completed
3319,7,1,1,4,2026-02-08,154.8,3.41,21822.28,completed
3320,7,3,1,2,2026-01-29,149.6,3.52,17471.09,completed
3321,7,5,1,7,2026-01-23,145.6,3.62,14457.2,completed
3322,7,3,1,1,2026-01-26,148.5,3.99,21765.09,completed
3323,7,5,2,4,2026-02-16,852.9,14.91,51880.72,completed
3324,7,14,1,1,2026-01-22,150.9,3.87,20919.93,completed
3325,7,14,1,8,2026-03-06,147.6,3.9,17930.08,completed
3326,7,14,1,7,2026-03-01,144.6,3.34,17277.79,completed
3327,7,14,1,6,2026-03-05,151.8,3.94,18287.63,completed
3328,7,4,1,2,2026-03-09,153.7,3.66,17722.23,completed
3329,7,3,1,2,2026-02-17,147.2,3.19,15565.45,completed
3330,7,5,2,1,2026-02-21,813.3,14.16,48631.44,completed
3331,7,1,1,4,2026-03-05,141.1,3.71,21234.49,completed
3332,7,2,1,8,2026-03-01,143.1,3.98,18080.07,completed
3333,7,3,1,5,2026-03-15,151.7,3.18,15381.33,completed
3334,7,2,1,8,2026-03-05,149.2,3.45,19469.71,completed
3335,7,14,1,8,2026-02-25,146.8,3.15,17841.32,completed
3336,7,1,1,7,2026-02-22,146.6,3.27,16789.8,completed
3337,7,1,1,3,2026-02-24,147.4,3.71,19372.12,completed
3338,7,2,1,7,2026-03-10,144.5,3.39,17111.49,completed
3339,7,14,2,7,2026-03-09,809.5,16.09,37096.33,completed
3340,7,1,2,1,2026-02-22,850.4,15.44,44658.43,completed
3341,7,2,1,5,2026-03-10,143.8,3.67,16453.33,completed
3342,7,2,1,3,2026-03-03,140.7,3.63,18386.8,completed
3343,7,4,2,8,2026-03-15,846.9,13.47,51675.04,completed
3344,7,1,2,8,2026-02-21,812.9,13.91,52665.79,completed
3345,7,1,1,5,2026-02-28,150.9,3.52,14855.87,completed
3346,7,3,1,8,2026-03-13,150.7,4.0,21157.06,completed
3347,7,5,2,5,2026-03-06,817.7,15.11,35548.56,completed
3348,7,2,2,8,2026-03-05,866.4,14.0,47330.94,completed
3349,7,2,1,4,2026-02-24,146.2,3.86,20401.45,completed
3350,7,5,2,5,2026-02-19,836.8,14.58,35414.51,completed
3351,7,2,2,3,2026-03-12,809.8,14.72,43002.2,completed
3352,7,2,2,3,2026-03-02,799.2,13.94,47851.73,completed
3353,7,4,2,2,2026-03-18,822.4,13.26,41972.94,completed
3354,7,5,2,7,2026-03-07,867.2,14.9,42836.75,completed
3355,7,2,1,4,2026-03-29,151.5,3.91,21741.19,completed
3356,7,14,2,8,2026-04-03,804.0,15.81,48123.13,completed
3357,7,3,2,1,2026-03-22,832.1,12.77,46995.88,completed
3358,7,1,2,4,2026-03-29,832.3,13.26,48646.47,completed
3359,7,2,1,3,2026-03-31,140.7,3.21,17047.21,completed
3360,7,14,2,1,2026-04-09,865.7,13.11,51464.11,completed
3361,7,14,1,5,2026-04-08,153.2,3.91,15793.69,completed
3362,7,3,1,4,2026-03-22,148.2,3.65,18699.07,completed
3363,7,14,2,3,2026-04-14,799.5,14.67,47661.68,completed
3364,7,14,2,6,2026-03-31,850.1,14.93,43174.1,completed
3365,7,1,1,5,2026-03-29,151.1,3.28,15670.52,completed
3366,7,3,1,4,2026-04-14,149.0,3.57,19591.01,completed
3367,7,5,2,7,2026-04-13,866.8,14.56,36450.25,completed
3368,7,5,2,3,2026-04-14,865.0,16.03,49865.65,completed
3369,7,4,1,6,2026-04-05,140.7,3.56,16674.15,completed
3370,7,14,2,4,2026-04-17,839.6,14.03,46603.75,completed
3371,7,4,2,6,2026-03-23,842.6,15.16,47319.26,completed
3372,7,3,2,1,2026-03-26,814.0,13.5,52424.49,completed
3373,7,2,1,6,2026-03-21,147.7,3.69,18563.93,completed
3374,7,1,2,2,2026-03-20,829.7,14.85,41368.54,completed
3375,7,3,1,8,2026-03-20,141.9,3.65,18373.74,completed
3376,7,2,1,1,2026-04-10,149.8,3.88,19140.76,completed
3377,7,5,1,4,2026-04-03,147.4,3.32,19430.58,completed
3378,7,3,1,5,2026-03-27,144.8,3.68,16360.68,completed
3379,7,4,2,8,2026-03-19,868.1,14.06,48055.01,completed
3380,7,3,1,4,2026-03-21,153.7,3.76,22451.24,completed
3381,7,3,2,7,2026-03-21,839.0,15.35,41796.95,completed
3382,7,1,1,6,2026-04-03,154.8,3.3,18702.28,completed
3383,7,3,2,2,2026-03-30,869.1,12.73,40435.6,completed
3384,7,5,1,6,2026-03-19,148.7,3.22,17439.53,completed
3385,7,4,1,6,2026-04-26,152.5,3.49,17176.49,completed
3386,7,5,2,4,2026-05-09,821.6,14.86,47785.67,completed
3387,7,1,2,1,2026-04-27,808.9,15.5,44661.95,completed
3388,7,3,1,5,2026-05-16,148.6,4.01,14723.98,completed
3389,7,2,1,3,2026-04-20,141.0,3.33,20050.15,completed
3390,7,2,2,7,2026-05-12,849.2,13.43,43082.99,completed
3391,7,14,2,7,2026-04-26,846.0,12.67,40616.47,completed
3392,7,2,2,1,2026-04-30,839.0,13.78,47734.79,completed
3393,7,14,2,5,2026-05-01,805.7,13.31,39851.1,completed
3394,7,14,1,6,2026-05-01,141.4,3.32,16675.74,completed
3395,7,3,2,5,2026-05-15,863.9,15.75,34583.09,completed
3396,7,1,2,8,2026-05-04,838.7,14.29,50736.79,completed
3397,7,1,1,3,2026-05-09,149.5,3.69,19715.11,completed
3398,7,1,2,4,2026-04-20,859.6,13.11,48641.81,completed
3399,7,1,2,7,2026-04-21,811.4,13.78,38295.46,completed
3400,7,2,1,6,2026-05-13,143.4,3.25,17637.63,completed
3401,7,3,2,1,2026-05-02,844.3,13.16,52457.33,completed
3402,7,2,1,6,2026-05-07,150.6,3.57,19457.94,completed
3403,7,14,2,6,2026-04-26,848.8,15.96,43166.39,completed
3404,7,14,1,3,2026-05-16,147.2,3.21,17753.47,completed
3405,7,5,2,2,2026-05-06,808.7,13.55,40066.58,completed
3406,7,4,2,7,2026-04-22,803.4,13.74,42552.41,completed
3407,7,3,2,1,2026-04-25,799.9,13.95,54214.61,completed
3408,7,2,2,1,2026-04-29,834.6,14.17,49363.0,completed
3409,7,5,1,7,2026-04-30,154.3,3.2,14409.39,completed
3410,7,4,1,1,2026-04-30,152.9,3.47,18765.28,completed
3411,7,14,1,2,2026-05-08,153.0,3.7,16324.63,completed
3412,7,2,1,1,2026-05-06,142.4,3.29,17993.45,completed
3413,7,2,1,1,2026-04-29,149.6,3.45,18355.61,completed
3414,7,3,1,8,2026-05-06,149.4,3.35,19313.6,completed
3415,7,4,1,3,2026-05-19,151.2,3.53,17197.26,completed
3416,7,3,1,8,2026-06-16,147.9,3.41,20663.66,completed
3417,7,3,2,5,2026-06-07,799.9,13.72,38942.6,completed
3418,7,3,2,5,2026-05-25,798.8,12.66,38355.53,completed
3419,7,3,1,7,2026-06-07,143.7,3.93,15366.04,completed
3420,7,4,2,6,2026-05-30,802.4,15.38,41912.1,completed
3421,7,1,2,3,2026-06-02,792.8,15.05,48351.22,completed
3422,7,2,2,1,2026-06-12,855.8,15.54,48593.05,completed
3423,7,1,2,7,2026-06-01,825.8,14.84,35723.04,completed
3424,7,1,2,7,2026-05-22,854.9,12.82,37198.18,completed
3425,7,1,2,1,2026-05-29,845.0,12.84,54003.44,completed
3426,7,4,1,2,2026-06-02,145.3,3.2,17583.29,completed
3427,7,3,2,1,2026-05-22,813.6,13.33,46324.5,completed
3428,7,4,2,5,2026-06-05,847.4,15.99,36454.91,completed
3429,7,1,2,4,2026-06-08,846.1,16.06,54975.58,completed
3430,7,3,2,1,2026-06-10,836.0,15.17,49106.33,completed
3431,7,14,2,7,2026-06-16,848.1,14.63,38018.73,completed
3432,7,4,2,6,2026-06-15,808.0,15.68,41607.5,completed
3433,7,14,2,5,2026-06-08,821.4,15.94,38705.68,completed
3434,7,1,2,8,2026-06-11,808.7,15.21,45545.35,completed
3435,7,14,2,8,2026-05-20,808.8,12.62,49008.83,completed
3436,7,2,1,3,2026-05-18,147.0,3.36,19291.12,completed
3437,7,14,1,3,2026-06-09,147.7,3.84,19292.0,completed
3438,7,5,1,4,2026-06-14,144.4,3.31,20306.17,completed
3439,7,2,1,6,2026-06-11,146.4,3.85,16789.92,completed
3440,7,5,2,7,2026-06-14,804.0,13.18,40342.42,completed
3441,7,5,2,4,2026-06-16,807.1,14.47,53914.27,completed
3442,7,1,2,3,2026-05-22,803.6,14.61,44776.92,completed
3443,7,1,2,1,2026-05-31,807.4,15.39,50656.79,completed
3444,7,2,2,5,2026-05-24,829.6,12.85,41780.68,completed
3445,7,14,1,1,2026-07-02,145.4,3.22,19132.34,completed
3446,7,2,2,6,2026-07-15,864.4,14.15,44001.04,completed
3447,7,2,2,2,2026-07-04,798.8,12.61,45203.82,completed
3448,7,2,2,5,2026-06-23,803.8,15.25,39576.77,completed
3449,7,4,1,3,2026-07-01,143.8,3.97,18776.92,completed
3450,7,4,2,1,2026-06-29,849.1,12.7,53742.94,completed
3451,7,2,2,1,2026-07-04,808.3,15.39,48128.91,completed
3452,7,2,2,6,2026-07-06,813.8,14.81,45030.81,completed
3453,7,14,1,1,2026-07-02,145.0,3.2,20952.7,completed
3454,7,1,2,5,2026-07-08,824.5,15.34,39382.23,completed
3455,7,4,2,3,2026-07-01,819.3,15.84,46496.34,completed
3456,7,1,2,3,2026-07-13,847.1,13.27,42903.09,completed
3457,7,3,2,7,2026-06-30,812.0,14.17,41413.11,completed
3458,7,14,2,8,2026-07-05,831.9,13.36,45770.18,completed
3459,7,5,2,5,2026-07-12,838.2,15.07,35017.01,completed
3460,7,5,2,1,2026-07-10,814.6,13.7,50690.19,completed
3461,7,2,2,4,2026-07-13,860.9,13.64,50890.39,completed
3462,7,14,1,3,2026-06-24,144.4,3.48,20696.86,completed
3463,7,2,1,2,2026-07-09,151.0,3.92,16719.15,completed
3464,7,3,1,2,2026-07-06,154.4,3.35,15858.9,completed
3465,7,14,1,1,2026-06-19,147.3,3.8,18542.51,completed
3466,7,2,1,3,2026-07-13,148.5,3.95,19246.17,completed
3467,7,2,2,5,2026-07-13,841.4,13.79,41229.7,completed
3468,7,1,2,8,2026-07-14,830.1,13.09,48730.17,completed
3469,7,4,1,4,2026-07-03,150.2,3.2,21291.85,completed
3470,7,4,2,2,2026-07-03,846.4,16.06,37669.66,completed
3471,7,5,1,5,2026-07-07,145.1,3.8,14902.44,completed
3472,7,1,2,7,2026-07-11,831.3,15.0,41021.23,completed
3473,7,2,2,7,2026-07-15,808.5,12.61,41011.9,completed
3474,7,2,2,3,2026-06-29,792.7,14.5,50122.66,completed
3475,7,1,1,7,2026-07-29,140.7,3.52,15525.66,completed
3476,7,14,2,6,2026-07-31,822.2,13.57,46659.45,completed
3477,7,3,2,7,2026-07-27,818.3,14.33,41592.73,completed
3478,7,3,1,3,2026-08-01,140.7,3.2,18639.0,completed
3479,7,5,2,6,2026-08-11,855.6,15.6,47783.65,completed
3480,7,3,2,1,2026-07-19,817.8,13.74,48655.76,completed
3481,7,3,1,3,2026-08-13,141.6,3.6,18153.59,completed
3482,7,1,2,5,2026-07-21,857.7,13.31,40557.82,completed
3483,7,1,2,7,2026-08-02,857.9,15.47,41782.21,completed
3484,7,4,1,2,2026-07-17,146.6,3.19,18077.99,completed
3485,7,2,2,5,2026-08-15,841.9,12.81,36048.03,completed
3486,7,14,1,6,2026-07-18,151.5,3.35,18146.01,completed
3487,7,2,2,2,2026-07-25,789.5,15.3,42790.82,completed
3488,7,5,1,8,2026-08-01,154.2,3.93,20870.81,completed
3489,7,3,2,3,2026-07-27,834.6,12.98,51880.81,completed
3490,7,5,2,7,2026-07-25,813.3,15.8,39810.88,completed
3491,7,3,2,4,2026-08-10,850.9,14.32,54545.27,completed
3492,7,4,1,6,2026-08-06,143.9,3.37,18500.97,completed
3493,7,5,1,6,2026-08-12,148.7,3.27,18460.57,completed
3494,7,2,2,1,2026-08-08,810.9,14.88,50658.21,completed
3495,7,1,1,4,2026-07-28,149.5,3.82,22402.98,completed
3496,7,5,2,5,2026-08-12,827.4,15.56,41088.18,completed
3497,7,2,1,1,2026-07-20,147.1,3.55,20051.54,completed
3498,7,4,2,7,2026-07-28,867.8,13.0,40468.53,completed
3499,7,5,2,2,2026-08-14,810.7,15.78,40781.99,completed
3500,7,1,1,4,2026-08-02,151.3,3.88,20791.01,completed
3501,7,14,2,7,2026-08-02,811.4,14.6,42023.37,completed
3502,7,14,1,4,2026-08-10,155.0,3.53,19539.9,completed
3503,7,14,2,7,2026-08-05,802.3,14.07,41633.41,completed
3504,7,5,2,5,2026-07-23,870.0,13.27,35179.73,completed
3505,8,13,5,7,2025-08-26,336.1,6.85,27084.75,completed
3506,8,10,5,6,2025-09-15,359.6,6.55,28970.67,completed
3507,8,12,8,3,2025-09-14,494.1,8.91,24590.24,completed
3508,8,13,7,5,2025-09-09,221.2,4.53,10814.44,completed
3509,8,11,6,4,2025-09-04,554.0,9.68,41099.32,completed
3510,8,11,8,1,2025-09-18,498.6,9.96,25897.48,completed
3511,8,13,5,1,2025-08-31,358.9,6.47,33732.37,completed
3512,8,12,8,1,2025-09-15,497.3,8.83,27531.59,completed
3513,8,13,7,2,2025-09-03,210.0,4.19,11583.65,completed
3514,8,13,5,1,2025-09-13,346.5,5.93,29843.39,completed
3515,8,13,5,6,2025-09-09,348.8,5.95,26254.53,completed
3516,8,13,8,3,2025-09-16,500.3,9.34,26724.22,completed
3517,8,11,8,7,2025-09-06,482.8,8.14,20059.76,completed
3518,8,10,8,7,2025-08-25,495.0,8.34,21013.07,completed
3519,8,12,5,1,2025-09-13,359.1,6.22,29070.94,completed
3520,8,10,6,7,2025-09-06,588.0,8.61,31703.22,completed
3521,8,13,8,1,2025-09-02,517.5,9.44,28913.45,completed
3522,8,13,5,1,2025-09-08,345.3,5.62,29348.07,completed
3523,8,11,6,7,2025-08-28,581.8,10.12,28741.08,completed
3524,8,13,8,5,2025-09-19,510.7,8.2,19476.01,completed
3525,8,13,8,6,2025-09-06,518.1,9.86,25775.48,completed
3526,8,12,6,4,2025-09-01,542.3,9.71,40828.61,completed
3527,8,11,6,2,2025-09-16,592.7,9.07,33385.77,completed
3528,8,12,7,6,2025-09-10,221.4,3.92,11447.62,completed
3529,8,11,5,6,2025-09-10,345.3,6.31,26459.22,completed
3530,8,12,6,5,2025-08-29,562.5,9.76,26422.96,completed
3531,8,10,6,2,2025-08-30,592.1,10.81,28719.66,completed
3532,8,11,5,3,2025-09-10,358.1,5.7,32013.75,completed
3533,8,12,8,2,2025-10-10,516.0,9.85,24343.44,completed
3534,8,13,5,1,2025-10-18,350.1,6.21,34041.5,completed
3535,8,12,6,4,2025-10-15,556.7,9.56,41516.57,completed
3536,8,13,7,5,2025-10-05,209.6,4.51,10869.59,completed
3537,8,13,6,7,2025-09-29,545.3,9.07,31988.46,completed
3538,8,13,6,6,2025-09-26,570.3,9.04,35967.34,completed
3539,8,13,5,6,2025-10-01,360.4,6.3,28529.31,completed
3540,8,11,6,8,2025-09-23,596.3,10.39,37002.81,completed
3541,8,11,6,1,2025-10-08,560.4,9.42,40101.91,completed
3542,8,11,7,3,2025-09-27,205.2,4.45,12370.18,completed
3543,8,12,7,2,2025-10-10,214.8,4.18,12145.79,completed
3544,8,13,8,1,2025-10-19,489.6,8.96,26097.29,completed
3545,8,13,8,5,2025-09-25,492.3,9.52,22393.13,completed
3546,8,10,7,5,2025-10-19,209.0,4.53,10982.27,completed
3547,8,10,5,7,2025-10-04,329.2,5.64,22824.49,completed
3548,8,10,6,2,2025-10-02,545.6,10.53,31870.16,completed
3549,8,11,7,2,2025-10-15,221.2,4.27,12202.22,completed
3550,8,12,8,1,2025-10-16,509.7,9.92,28066.24,completed
3551,8,11,7,1,2025-10-08,221.7,4.14,14720.33,completed
3552,8,11,7,4,2025-10-14,220.7,4.02,15748.42,completed
3553,8,13,7,1,2025-10-12,205.8,4.49,14744.74,completed
3554,8,13,8,7,2025-10-04,512.3,10.33,20504.44,completed
3555,8,10,8,7,2025-09-20,490.7,8.99,20577.33,completed
3556,8,11,6,5,2025-10-15,543.3,10.43,31687.06,completed
3557,8,11,6,3,2025-09-28,572.5,8.72,36726.73,completed
3558,8,13,6,8,2025-10-07,565.5,9.4,34872.81,completed
3559,8,13,5,2,2025-10-17,331.2,5.62,26243.44,completed
3560,8,13,7,5,2025-09-23,203.9,3.76,10226.65,completed
3561,8,10,6,6,2025-11-03,564.0,9.41,32859.67,completed
3562,8,13,7,3,2025-11-15,215.1,3.85,12046.04,completed
3563,8,11,6,7,2025-10-22,586.1,9.4,30502.97,completed
3564,8,12,8,6,2025-11-07,507.0,9.19,26499.99,completed
3565,8,12,8,7,2025-11-14,505.4,8.16,20369.46,completed
3566,8,11,7,1,2025-11-12,210.6,4.33,14695.98,completed
3567,8,12,6,5,2025-11-18,591.4,9.5,30135.97,completed
3568,8,11,6,3,2025-11-07,568.2,9.12,32324.7,completed
3569,8,12,6,2,2025-11-18,563.0,10.3,30590.54,completed
3570,8,13,5,6,2025-10-29,335.5,5.94,29262.3,completed
3571,8,13,5,5,2025-11-05,349.1,5.88,24563.52,completed
3572,8,10,5,3,2025-10-29,339.8,5.77,27300.45,completed
3573,8,13,8,7,2025-10-23,477.6,9.29,22237.35,completed
3574,8,10,7,1,2025-10-23,214.8,4.57,14478.4,completed
3575,8,11,5,5,2025-11-07,331.9,5.5,22444.77,completed
3576,8,13,6,7,2025-11-06,577.5,10.8,29569.64,completed
3577,8,10,5,8,2025-11-06,330.3,6.41,30830.95,completed
3578,8,12,7,7,2025-10-24,213.0,3.65,10712.49,completed
3579,8,13,5,3,2025-11-15,335.5,6.79,30712.87,completed
3580,8,12,5,6,2025-10-25,335.5,6.01,29990.76,completed
3581,8,11,5,3,2025-10-21,346.1,6.71,28335.0,completed
3582,8,12,7,1,2025-11-18,206.9,4.34,14777.37,completed
3583,8,11,5,5,2025-10-20,345.3,5.55,24008.59,completed
3584,8,12,5,5,2025-11-12,333.6,5.54,24914.88,completed
3585,8,11,8,7,2025-10-26,501.0,8.39,23723.02,completed
3586,8,10,6,5,2025-10-21,554.7,10.87,31925.92,completed
3587,8,11,6,3,2025-10-21,549.5,8.62,34993.85,completed
3588,8,10,5,2,2025-11-13,347.2,5.71,24947.23,completed
3589,8,11,5,4,2025-12-09,335.0,5.97,30962.62,completed
3590,8,11,5,4,2025-11-26,337.5,6.65,34662.98,completed
3591,8,12,8,5,2025-11-23,484.3,9.0,20205.82,completed
3592,8,13,7,8,2025-12-14,208.9,4.11,12260.74,completed
3593,8,12,8,4,2025-11-24,511.5,9.41,30402.47,completed
3594,8,13,7,4,2025-12-13,217.6,4.23,14356.16,completed
3595,8,12,6,5,2025-11-24,588.8,9.4,29778.32,completed
3596,8,11,5,6,2025-12-01,342.7,6.62,31575.38,completed
3597,8,13,5,5,2025-12-13,361.9,5.95,26424.82,completed
3598,8,13,6,1,2025-12-02,556.7,10.41,36116.3,completed
3599,8,11,7,4,2025-12-01,218.2,3.76,15501.39,completed
3600,8,13,8,5,2025-12-02,508.3,8.86,22361.11,completed
3601,8,12,8,3,2025-12-12,489.5,10.07,25136.16,completed
3602,8,11,8,8,2025-11-28,498.7,8.45,25056.45,completed
3603,8,11,8,7,2025-12-12,521.6,8.83,22731.71,completed
3604,8,13,6,5,2025-12-06,584.2,9.14,28073.04,completed
3605,8,10,5,7,2025-12-01,333.8,6.25,26513.52,completed
3606,8,13,6,2,2025-11-22,554.3,10.8,30548.3,completed
3607,8,13,5,2,2025-12-17,351.4,6.44,27988.32,completed
3608,8,11,5,1,2025-11-19,335.9,5.6,31661.64,completed
3609,8,11,5,8,2025-12-13,328.8,5.54,33157.47,completed
3610,8,10,8,8,2025-12-06,494.3,8.72,29372.8,completed
3611,8,11,6,2,2025-11-22,564.2,9.02,34478.54,completed
3612,8,13,7,8,2025-11-24,209.2,3.74,13127.13,completed
3613,8,12,6,7,2025-11-30,553.2,10.49,31604.73,completed
3614,8,11,5,8,2025-12-12,358.5,6.28,33783.6,completed
3615,8,11,7,1,2025-12-01,208.9,4.45,14748.87,completed
3616,8,11,5,2,2025-12-09,360.2,6.48,26038.21,completed
3617,8,13,8,2,2026-01-02,476.3,9.63,25454.06,completed
3618,8,12,6,4,2025-12-26,543.4,10.82,40117.25,completed
3619,8,12,5,3,2026-01-13,329.7,6.0,31893.27,completed
3620,8,10,6,5,2026-01-12,552.6,9.1,30548.79,completed
3621,8,13,7,4,2026-01-17,221.1,4.26,14970.73,completed
3622,8,10,6,5,2025-12-28,573.6,10.44,26428.06,completed
3623,8,10,7,2,2025-12-21,213.9,3.82,12438.16,completed
3624,8,10,5,5,2025-12-22,362.4,6.27,23992.64,completed
3625,8,10,5,1,2026-01-15,359.8,5.64,30485.98,completed
3626,8,13,5,3,2026-01-15,332.8,6.77,29737.98,completed
3627,8,10,5,2,2025-12-26,332.9,6.67,25393.65,completed
3628,8,12,6,5,2025-12-28,592.1,10.92,29381.15,completed
3629,8,11,6,6,2025-12-21,581.1,9.89,33690.19,completed
3630,8,10,5,8,2025-12-25,341.9,5.52,33721.59,completed
3631,8,10,8,2,2026-01-13,485.2,8.4,23163.19,completed
3632,8,10,5,5,2025-12-23,344.8,6.7,23517.72,completed
3633,8,12,6,2,2025-12-21,589.4,9.64,29067.9,completed
3634,8,11,7,6,2026-01-17,218.2,4.37,12561.14,completed
3635,8,13,6,7,2026-01-15,569.5,9.25,30156.65,completed
3636,8,10,8,4,2025-12-26,523.2,8.18,29293.61,completed
3637,8,10,8,5,2026-01-09,481.1,9.4,23501.48,completed
3638,8,11,7,3,2026-01-08,210.8,4.48,12308.54,completed
3639,8,10,5,4,2026-01-17,340.2,6.02,32030.45,completed
3640,8,13,8,3,2025-12-21,487.7,8.87,25965.3,completed
3641,8,11,6,6,2026-01-12,583.7,10.67,35266.96,completed
3642,8,12,5,3,2025-12-28,356.7,6.8,30158.71,completed
3643,8,12,8,5,2026-01-01,489.1,9.38,20950.59,completed
3644,8,10,6,1,2025-12-30,598.0,10.21,34655.29,completed
3645,8,13,7,7,2026-01-29,222.9,3.81,12061.7,completed
3646,8,11,7,5,2026-02-14,212.9,4.32,11760.7,completed
3647,8,13,8,3,2026-01-30,507.7,9.01,24519.26,completed
3648,8,13,5,5,2026-02-14,329.5,5.46,22071.14,completed
3649,8,10,7,5,2026-02-13,224.4,3.98,10115.56,completed
3650,8,12,8,3,2026-01-19,500.6,9.85,27981.2,completed
3651,8,10,5,1,2026-02-07,343.0,6.21,34724.23,completed
3652,8,10,5,5,2026-02-02,333.6,6.11,22695.78,completed
3653,8,10,6,4,2026-01-21,586.7,8.93,38159.34,completed
3654,8,11,6,3,2026-01-23,550.3,8.58,33575.77,completed
3655,8,12,7,8,2026-02-14,207.4,4.6,12670.53,completed
3656,8,10,7,1,2026-01-26,218.8,4.15,12729.77,completed
3657,8,11,8,2,2026-01-29,480.1,8.36,24991.92,completed
3658,8,10,6,6,2026-02-13,585.6,9.01,36614.48,completed
3659,8,11,8,3,2026-02-11,504.6,10.18,27217.44,completed
3660,8,12,5,7,2026-01-21,361.1,5.94,26051.38,completed
3661,8,13,8,1,2026-02-03,481.4,9.32,26280.02,completed
3662,8,12,5,1,2026-01-21,360.2,6.47,32453.37,completed
3663,8,12,7,4,2026-01-20,222.0,3.73,14818.24,completed
3664,8,12,5,5,2026-02-02,356.4,5.83,24752.56,completed
3665,8,11,6,1,2026-01-20,579.9,10.75,38685.09,completed
3666,8,13,6,1,2026-01-25,569.9,10.72,39546.21,completed
3667,8,13,5,4,2026-02-04,332.7,5.62,33684.25,completed
3668,8,12,6,8,2026-02-16,555.2,10.26,40021.72,completed
3669,8,12,5,6,2026-02-04,340.6,6.14,27781.42,completed
3670,8,10,7,5,2026-02-04,207.3,4.49,11265.98,completed
3671,8,13,5,7,2026-02-05,352.6,5.94,26041.63,completed
3672,8,10,6,7,2026-01-30,544.3,9.34,27487.75,completed
3673,8,11,8,4,2026-03-03,493.6,10.11,30464.62,completed
3674,8,12,5,7,2026-02-21,331.9,5.73,25060.95,completed
3675,8,10,5,5,2026-02-21,350.7,6.17,23783.37,completed
3676,8,13,6,8,2026-03-08,578.0,10.57,37776.52,completed
3677,8,12,7,5,2026-03-03,214.0,4.51,11296.63,completed
3678,8,12,7,1,2026-03-10,219.2,4.5,12984.56,completed
3679,8,12,6,4,2026-03-05,543.3,8.74,35434.5,completed
3680,8,10,6,5,2026-03-12,555.6,10.62,28087.4,completed
3681,8,12,5,6,2026-02-27,358.0,6.28,28561.17,completed
3682,8,11,5,7,2026-03-15,356.7,5.42,25338.87,completed
3683,8,12,7,3,2026-03-03,224.6,3.81,12069.55,completed
3684,8,12,6,6,2026-02-28,554.2,8.75,32019.98,completed
3685,8,11,6,7,2026-02-18,593.5,8.88,28768.97,completed
3686,8,11,8,7,2026-03-17,505.9,8.3,23869.12,completed
3687,8,13,6,2,2026-02-26,575.7,10.52,34303.81,completed
3688,8,10,5,5,2026-03-02,360.8,5.67,24303.8,completed
3689,8,11,5,6,2026-03-07,342.8,6.31,26934.3,completed
3690,8,13,8,1,2026-02-24,516.0,9.79,30415.51,completed
3691,8,11,6,2,2026-03-07,544.1,9.81,29304.89,completed
3692,8,11,7,1,2026-02-21,205.3,4.19,12598.97,completed
3693,8,11,5,4,2026-02-23,336.5,6.31,32283.2,completed
3694,8,10,5,1,2026-02-18,335.1,6.27,32605.86,completed
3695,8,10,7,7,2026-03-01,221.3,3.98,10303.47,completed
3696,8,10,7,8,2026-03-05,210.9,4.2,14261.08,completed
3697,8,11,5,8,2026-02-24,356.2,5.92,27996.53,completed
3698,8,11,6,3,2026-02-19,578.6,9.66,39230.76,completed
3699,8,12,5,5,2026-03-01,354.1,6.66,23450.01,completed
3700,8,10,8,1,2026-03-08,512.8,8.54,26587.41,completed
3701,8,13,5,2,2026-04-03,343.3,6.04,26113.97,completed
3702,8,11,5,6,2026-04-09,359.7,6.03,28632.56,completed
3703,8,11,6,1,2026-04-05,581.4,9.31,34509.13,completed
3704,8,10,5,7,2026-04-13,330.8,5.6,26466.04,completed
3705,8,13,5,2,2026-04-03,352.2,6.06,27164.04,completed
3706,8,13,8,8,2026-03-25,481.8,8.55,26319.5,completed
3707,8,12,8,2,2026-04-06,518.5,8.95,21585.75,completed
3708,8,13,7,6,2026-03-26,205.1,3.89,13637.27,completed
3709,8,11,6,5,2026-03-19,595.0,9.13,26395.81,completed
3710,8,11,7,4,2026-04-15,218.2,3.81,13746.05,completed
3711,8,12,7,7,2026-04-07,214.0,3.98,11439.95,completed
3712,8,13,6,3,2026-04-12,582.2,8.8,39245.62,completed
3713,8,13,6,8,2026-03-29,591.8,9.36,37454.03,completed
3714,8,10,6,3,2026-03-22,557.2,10.62,33025.43,completed
3715,8,11,8,6,2026-04-10,489.6,9.07,24836.97,completed
3716,8,10,6,6,2026-04-13,551.9,9.21,31768.38,completed
3717,8,11,7,4,2026-04-03,211.1,3.99,15794.63,completed
3718,8,13,8,8,2026-03-27,500.6,9.42,27373.5,completed
3719,8,12,6,3,2026-04-14,557.9,9.42,38080.18,completed
3720,8,12,5,1,2026-04-01,339.6,6.84,32475.01,completed
3721,8,12,6,7,2026-03-31,560.5,8.81,30299.64,completed
3722,8,11,5,7,2026-04-12,343.2,6.14,25076.93,completed
3723,8,10,6,6,2026-04-07,585.8,9.16,33795.41,completed
3724,8,10,7,3,2026-03-23,209.7,4.47,13429.85,completed
3725,8,11,7,1,2026-03-23,209.6,4.09,14656.73,completed
3726,8,12,5,5,2026-04-03,344.7,6.72,25572.0,completed
3727,8,12,7,2,2026-04-10,213.1,3.8,11952.37,completed
3728,8,12,6,2,2026-04-02,589.4,10.79,31813.25,completed
3729,8,11,6,4,2026-05-02,591.7,10.2,40471.42,completed
3730,8,10,7,6,2026-05-10,213.7,4.37,13664.77,completed
3731,8,13,8,1,2026-04-24,486.0,8.42,27204.39,completed
3732,8,10,8,4,2026-04-21,481.9,9.89,26472.44,completed
3733,8,10,6,1,2026-05-16,580.0,9.24,40540.18,completed
3734,8,13,7,3,2026-05-14,223.9,4.14,12576.77,completed
3735,8,13,6,4,2026-05-15,574.3,8.6,38947.39,completed
3736,8,13,6,7,2026-05-11,546.4,9.04,31541.01,completed
3737,8,12,5,6,2026-05-07,359.5,6.72,31203.96,completed
3738,8,12,6,1,2026-05-17,573.9,10.53,37012.86,completed
3739,8,11,5,4,2026-04-26,355.1,5.54,33925.69,completed
3740,8,10,6,6,2026-05-14,592.2,8.55,35247.09,completed
3741,8,12,5,6,2026-04-30,340.6,6.75,26552.01,completed
3742,8,11,5,1,2026-05-04,348.7,6.54,33161.03,completed
3743,8,12,5,5,2026-05-08,338.5,5.81,22365.6,completed
3744,8,13,5,6,2026-04-30,340.5,6.43,31067.28,completed
3745,8,10,7,4,2026-04-26,207.9,3.91,14533.62,completed
3746,8,10,7,6,2026-04-24,217.0,3.7,11446.0,completed
3747,8,13,8,6,2026-04-27,499.4,9.94,24934.79,completed
3748,8,10,7,1,2026-05-17,206.6,4.06,14159.93,completed
3749,8,11,5,7,2026-05-03,343.8,5.56,26366.51,completed
3750,8,13,8,7,2026-04-21,503.6,9.96,20336.22,completed
3751,8,12,8,8,2026-05-06,501.1,9.59,28499.74,completed
3752,8,10,6,7,2026-05-03,582.5,10.6,32321.81,completed
3753,8,12,7,4,2026-04-24,217.1,3.67,13781.68,completed
3754,8,12,7,7,2026-05-02,215.0,3.85,11543.91,completed
3755,8,11,6,4,2026-04-27,564.3,8.89,36649.44,completed
3756,8,12,8,8,2026-05-05,509.1,9.31,24730.17,completed
3757,8,13,7,7,2026-06-04,221.9,3.6,11054.46,completed
3758,8,11,6,1,2026-06-12,553.2,10.69,37736.16,completed
3759,8,13,8,3,2026-06-11,504.6,9.93,25847.44,completed
3760,8,12,6,5,2026-05-20,587.7,10.24,29872.17,completed
3761,8,11,6,6,2026-06-14,595.3,9.56,34322.16,completed
3762,8,13,6,1,2026-06-13,593.7,9.82,35290.9,completed
3763,8,10,8,3,2026-06-07,516.4,9.35,26230.75,completed
3764,8,13,6,8,2026-06-02,584.1,10.34,36610.08,completed
3765,8,11,5,5,2026-05-28,354.0,6.38,22660.02,completed
3766,8,10,8,4,2026-06-11,475.4,10.14,29574.32,completed
3767,8,10,6,2,2026-06-13,590.4,8.88,29208.38,completed
3768,8,13,7,5,2026-05-24,223.9,3.95,11542.06,completed
3769,8,13,8,8,2026-05-21,516.7,9.86,28617.03,completed
3770,8,13,8,2,2026-05-21,510.5,9.08,22609.96,completed
3771,8,13,8,7,2026-05-31,505.4,9.73,21271.2,completed
3772,8,11,8,4,2026-05-27,475.8,9.48,30596.96,completed
3773,8,11,7,3,2026-06-16,209.3,3.74,14087.62,completed
3774,8,11,8,6,2026-06-11,485.0,9.66,24992.82,completed
3775,8,10,6,2,2026-06-11,597.6,10.22,29943.49,completed
3776,8,12,8,1,2026-06-09,508.6,9.05,26525.35,completed
3777,8,13,5,6,2026-06-12,332.7,6.76,29609.51,completed
3778,8,10,7,1,2026-05-19,218.5,4.51,12665.94,completed
3779,8,10,8,1,2026-06-03,495.1,9.36,25129.27,completed
3780,8,13,6,5,2026-06-16,567.5,9.87,28118.04,completed
3781,8,12,6,4,2026-05-27,582.2,9.4,39389.78,completed
3782,8,10,5,3,2026-05-27,345.0,5.54,30666.11,completed
3783,8,11,7,7,2026-06-15,223.1,4.58,11555.65,completed
3784,8,11,8,5,2026-06-12,518.8,8.31,19945.3,completed
3785,8,13,8,3,2026-06-30,513.9,8.42,25744.88,completed
3786,8,12,8,6,2026-07-14,520.1,10.32,27160.42,completed
3787,8,12,8,3,2026-06-17,476.7,10.08,24022.49,completed
3788,8,13,6,1,2026-07-08,558.8,10.32,34231.41,completed
3789,8,10,5,6,2026-07-05,355.2,5.82,26058.75,completed
3790,8,10,6,8,2026-06-29,553.1,8.69,40292.44,completed
3791,8,12,6,4,2026-07-15,578.9,9.07,38707.08,completed
3792,8,10,6,1,2026-07-16,582.7,9.95,34295.99,completed
3793,8,13,6,2,2026-07-03,541.7,10.78,29034.72,completed
3794,8,11,5,3,2026-06-27,338.3,5.9,31443.67,completed
3795,8,11,6,1,2026-06-18,581.8,10.05,40806.13,completed
3796,8,10,8,7,2026-06-24,494.7,9.3,23374.9,completed
3797,8,11,5,2,2026-06-21,343.5,5.5,27420.07,completed
3798,8,12,7,8,2026-07-11,203.4,3.95,13493.69,completed
3799,8,10,6,2,2026-06-18,580.3,10.8,34481.26,completed
3800,8,13,6,1,2026-07-02,576.0,10.02,40854.33,completed
3801,8,10,7,3,2026-07-04,206.0,3.91,13453.67,completed
3802,8,13,8,4,2026-06-30,492.8,8.16,30333.06,completed
3803,8,13,5,7,2026-06-30,358.7,6.16,25237.23,completed
3804,8,11,8,7,2026-07-08,515.5,8.59,22312.47,completed
3805,8,12,6,7,2026-06-17,578.8,10.64,27614.77,completed
3806,8,13,6,8,2026-06-22,552.0,9.58,37616.54,completed
3807,8,11,8,1,2026-07-01,479.3,8.99,28516.02,completed
3808,8,11,7,3,2026-07-04,216.2,4.49,14332.79,completed
3809,8,12,5,8,2026-07-05,356.7,6.25,31624.88,completed
3810,8,12,5,3,2026-06-27,345.3,5.63,30980.8,completed
3811,8,13,7,8,2026-06-26,221.2,4.51,12315.07,completed
3812,8,12,7,1,2026-06-17,223.0,4.54,15036.1,completed
3813,8,13,7,2,2026-07-20,220.0,3.93,12500.68,completed
3814,8,11,6,2,2026-08-04,590.7,10.61,34341.48,completed
3815,8,13,7,2,2026-07-19,221.3,3.91,11935.79,completed
3816,8,10,8,1,2026-08-13,513.7,8.11,28559.85,completed
3817,8,12,6,5,2026-08-05,551.8,10.8,30256.09,completed
3818,8,13,8,6,2026-07-18,507.1,9.84,25837.36,completed
3819,8,10,6,1,2026-07-20,550.0,10.05,39358.69,completed
3820,8,10,5,7,2026-08-01,348.5,6.85,24204.72,completed
3821,8,11,8,6,2026-07-22,517.5,9.02,23496.74,completed
3822,8,10,6,2,2026-07-29,543.9,10.41,29375.72,completed
3823,8,10,8,4,2026-07-21,514.3,10.14,30790.59,completed
3824,8,12,8,3,2026-08-08,497.6,8.64,28073.69,completed
3825,8,12,7,1,2026-08-01,218.1,4.41,14924.81,completed
3826,8,13,7,5,2026-08-07,211.2,4.01,11697.53,completed
3827,8,10,8,5,2026-08-09,520.2,9.88,20907.76,completed
3828,8,12,7,5,2026-07-28,210.4,3.67,10107.82,completed
3829,8,13,8,7,2026-07-28,500.7,9.6,24071.95,completed
3830,8,12,7,4,2026-08-03,208.2,4.54,15189.6,completed
3831,8,11,7,7,2026-08-13,213.9,4.03,10902.81,completed
3832,8,12,8,5,2026-07-24,518.0,9.93,19938.84,completed
3833,8,13,8,6,2026-07-17,520.1,8.75,27338.53,completed
3834,8,11,6,7,2026-08-07,555.9,9.13,32077.04,completed
3835,8,10,8,6,2026-07-28,511.2,8.79,22799.85,completed
3836,8,10,5,6,2026-08-05,338.0,6.1,26927.24,completed
3837,8,13,5,1,2026-07-23,360.5,6.54,30288.39,completed
3838,8,13,6,1,2026-07-31,583.6,10.7,35568.03,completed
3839,8,12,7,5,2026-08-07,218.0,3.84,10986.07,completed
3840,8,13,5,2,2026-07-21,363.1,5.56,25622.07,completed
3841,9,14,1,3,2025-09-12,145.0,3.45,20384.89,completed
3842,9,3,1,2,2025-08-27,153.7,3.27,16843.47,completed
3843,9,14,2,5,2025-09-11,807.8,13.38,41546.79,completed
3844,9,2,2,6,2025-08-23,848.7,12.95,50061.25,completed
3845,9,14,1,4,2025-09-01,144.7,3.91,22065.83,completed
3846,9,2,2,6,2025-09-18,810.4,14.53,46878.8,completed
3847,9,14,2,3,2025-09-01,792.7,13.87,45752.74,completed
3848,9,5,1,4,2025-09-12,145.8,3.45,22503.97,completed
3849,9,14,1,5,2025-09-14,141.2,3.68,15844.55,completed
3850,9,3,1,4,2025-08-24,150.5,3.96,19902.27,completed
3851,9,3,2,6,2025-09-14,845.7,15.04,48991.29,completed
3852,9,4,2,3,2025-08-26,797.4,14.19,50047.27,completed
3853,9,3,1,8,2025-09-02,153.1,3.89,18760.54,completed
3854,9,3,2,8,2025-09-03,851.8,15.22,53266.56,completed
3855,9,1,2,5,2025-08-26,790.9,13.5,42196.79,completed
3856,9,4,1,8,2025-08-26,149.8,3.2,18428.43,completed
3857,9,5,1,2,2025-09-16,140.9,3.89,17149.74,completed
3858,9,4,2,2,2025-09-13,793.4,13.77,43418.46,completed
3859,9,2,2,3,2025-09-19,848.6,14.14,51370.56,completed
3860,9,2,1,3,2025-08-29,152.9,3.61,20962.85,completed
3861,9,5,1,5,2025-09-01,141.9,3.41,17190.22,completed
3862,9,2,1,1,2025-09-01,144.2,3.41,21238.26,completed
3863,9,5,1,3,2025-08-26,144.1,3.37,20977.88,completed
3864,9,3,1,8,2025-09-14,146.2,3.31,19885.72,completed
3865,9,14,1,2,2025-08-31,141.0,3.4,16667.46,completed
3866,9,1,2,4,2025-09-06,805.4,13.65,58150.25,completed
3867,9,2,2,6,2025-09-19,862.1,15.0,50042.9,completed
3868,9,4,1,8,2025-08-24,142.2,3.16,21139.5,completed
3869,9,14,1,2,2025-09-19,142.5,3.94,17275.67,completed
3870,9,4,2,2,2025-08-27,830.8,15.55,46575.78,completed
3871,9,14,1,2,2025-08-22,147.8,3.87,18191.86,completed
3872,9,1,1,3,2025-09-08,146.5,3.94,20043.23,completed
3873,9,2,2,8,2025-09-11,853.1,13.0,50626.96,completed
3874,9,2,1,6,2025-09-08,147.3,3.15,18952.33,completed
3875,9,5,2,6,2025-09-13,849.0,13.91,48372.19,completed
3876,9,3,1,1,2025-08-29,140.8,4.01,20032.4,completed
3877,9,14,1,3,2025-09-02,148.3,3.64,20807.09,completed
3878,9,14,1,4,2025-08-30,153.6,3.3,22334.67,completed
3879,9,4,2,7,2025-09-14,808.2,15.33,40720.13,completed
3880,9,5,2,1,2025-09-14,805.6,14.03,54249.7,completed
3881,9,3,2,6,2025-10-10,847.5,13.11,43175.23,completed
3882,9,1,2,2,2025-09-22,857.4,14.93,46849.06,completed
3883,9,1,2,3,2025-09-21,814.5,13.45,53297.2,completed
3884,9,1,2,7,2025-09-23,801.8,12.61,41958.31,completed
3885,9,3,1,3,2025-10-15,141.1,3.63,18797.37,completed
3886,9,14,1,2,2025-10-02,151.3,3.71,17467.89,completed
3887,9,1,1,7,2025-09-27,150.6,3.75,16756.64,completed
3888,9,14,2,4,2025-10-02,827.2,14.39,55426.78,completed
3889,9,4,2,8,2025-10-05,792.0,13.84,47806.82,completed
3890,9,14,1,5,2025-10-12,141.3,3.56,14778.91,completed
3891,9,1,1,8,2025-10-03,148.9,3.91,19356.47,completed
3892,9,1,1,6,2025-09-25,140.7,3.47,17829.09,completed
3893,9,5,1,2,2025-09-28,145.1,3.38,18426.23,completed
3894,9,5,2,7,2025-10-05,821.3,13.78,38600.94,completed
3895,9,4,1,3,2025-10-03,144.1,3.54,19839.11,completed
3896,9,2,1,7,2025-10-17,149.3,3.5,16384.71,completed
3897,9,4,1,7,2025-10-19,148.6,3.97,17551.29,completed
3898,9,4,2,6,2025-09-26,804.7,15.56,46860.34,completed
3899,9,1,2,5,2025-09-25,806.5,14.89,42005.47,completed
3900,9,1,2,7,2025-09-29,821.0,13.93,39892.84,completed
3901,9,2,2,7,2025-10-13,813.1,14.98,39238.32,completed
3902,9,4,1,8,2025-10-14,145.0,3.7,18765.82,completed
3903,9,2,1,6,2025-09-29,142.3,3.5,18942.94,completed
3904,9,4,2,4,2025-09-28,858.4,13.96,54111.43,completed
3905,9,5,2,7,2025-10-06,865.4,13.36,44926.31,completed
3906,9,1,1,1,2025-09-28,147.8,3.68,20961.66,completed
3907,9,14,1,7,2025-09-27,141.8,3.45,17264.33,completed
3908,9,14,1,3,2025-10-09,150.1,3.57,18311.44,completed
3909,9,3,1,7,2025-10-09,141.6,3.94,15710.77,completed
3910,9,14,1,7,2025-10-19,149.2,3.22,17249.35,completed
3911,9,2,2,3,2025-10-06,828.3,14.42,46207.87,completed
3912,9,5,1,2,2025-09-23,149.2,4.02,17201.43,completed
3913,9,4,2,1,2025-09-30,832.1,15.15,53816.42,completed
3914,9,3,2,8,2025-10-08,840.3,12.8,52196.55,completed
3915,9,1,1,3,2025-10-05,144.7,3.9,18353.6,completed
3916,9,3,2,7,2025-10-06,834.4,14.47,43557.29,completed
3917,9,4,1,1,2025-09-22,150.0,3.75,20758.88,completed
3918,9,2,2,7,2025-09-23,805.1,12.93,45681.06,completed
3919,9,3,2,6,2025-10-04,850.3,15.24,50254.87,completed
3920,9,5,1,7,2025-09-29,143.8,3.95,16993.92,completed
3921,9,5,1,2,2025-11-15,148.4,3.75,18749.96,completed
3922,9,5,1,7,2025-10-25,142.3,3.33,17289.63,completed
3923,9,1,1,8,2025-11-02,145.8,3.85,22416.9,completed
3924,9,4,1,2,2025-10-27,150.8,3.52,18439.89,completed
3925,9,1,1,4,2025-11-04,148.4,3.38,22230.21,completed
3926,9,3,1,1,2025-11-11,141.4,3.57,21214.33,completed
3927,9,14,1,6,2025-10-29,152.1,3.59,18414.54,completed
3928,9,2,2,7,2025-11-10,837.1,15.25,42392.49,completed
3929,9,4,1,3,2025-11-16,151.4,3.68,18965.67,completed
3930,9,3,1,3,2025-11-13,145.7,3.53,21675.0,completed
3931,9,5,2,2,2025-11-11,815.3,15.68,45554.53,completed
3932,9,4,1,5,2025-11-16,143.3,3.97,15811.08,completed
3933,9,4,1,4,2025-11-14,150.9,3.5,19723.74,completed
3934,9,3,2,6,2025-10-23,848.5,14.54,50319.5,completed
3935,9,1,2,4,2025-10-30,852.9,14.71,53137.86,completed
3936,9,5,1,8,2025-11-01,151.5,3.83,20499.02,completed
3937,9,14,1,7,2025-11-10,153.7,3.66,15986.19,completed
3938,9,14,2,3,2025-10-28,791.2,16.05,53727.03,completed
3939,9,4,1,2,2025-11-04,153.8,3.44,17861.13,completed
3940,9,4,1,7,2025-11-05,153.6,3.34,15182.93,completed
3941,9,4,2,4,2025-11-03,846.0,13.02,49216.55,completed
3942,9,1,1,5,2025-11-11,145.1,3.72,17414.08,completed
3943,9,1,1,5,2025-11-11,153.6,3.88,16440.05,completed
3944,9,4,1,1,2025-11-10,143.3,3.36,22504.6,completed
3945,9,1,2,5,2025-10-23,796.8,15.37,43307.71,completed
3946,9,2,2,5,2025-10-29,834.4,15.59,42257.21,completed
3947,9,2,1,1,2025-11-11,152.6,3.81,19873.21,completed
3948,9,4,1,5,2025-11-02,153.8,3.23,15586.38,completed
3949,9,3,2,2,2025-11-02,789.2,15.41,47727.39,completed
3950,9,3,2,2,2025-11-04,840.0,14.77,42179.4,completed
3951,9,4,1,4,2025-10-21,152.9,3.27,20952.19,completed
3952,9,14,2,2,2025-11-09,830.7,15.49,44544.48,completed
3953,9,14,2,2,2025-11-17,794.4,14.85,46267.81,completed
3954,9,3,2,7,2025-11-08,850.7,14.68,39643.77,completed
3955,9,14,1,1,2025-10-25,146.3,3.48,19716.66,completed
3956,9,2,2,3,2025-11-07,807.7,13.94,48094.1,completed
3957,9,1,2,2,2025-11-09,853.4,13.27,46275.73,completed
3958,9,3,1,4,2025-10-24,149.9,3.28,20780.58,completed
3959,9,4,1,7,2025-11-10,151.6,3.39,15559.82,completed
3960,9,3,1,4,2025-11-10,149.5,3.98,21810.6,completed
3961,9,4,2,4,2025-11-30,867.9,14.44,50017.97,completed
3962,9,14,2,5,2025-11-20,852.9,13.87,40224.59,completed
3963,9,3,2,3,2025-11-26,803.2,15.9,51869.46,completed
3964,9,3,1,6,2025-11-19,143.6,3.87,18710.12,completed
3965,9,2,1,6,2025-12-13,150.0,3.97,20232.69,completed
3966,9,4,2,5,2025-12-15,789.2,14.59,41219.22,completed
3967,9,3,2,5,2025-11-25,796.5,15.62,38738.47,completed
3968,9,1,2,6,2025-11-27,855.1,14.43,46852.22,completed
3969,9,5,1,1,2025-12-14,144.7,3.63,21158.83,completed
3970,9,3,2,4,2025-11-28,839.2,14.01,56941.05,completed
3971,9,4,2,7,2025-12-03,839.2,13.5,42320.48,completed
3972,9,14,1,7,2025-11-22,153.2,3.71,16490.88,completed
3973,9,1,2,1,2025-12-16,825.0,12.89,49489.16,completed
3974,9,5,1,4,2025-11-27,154.7,3.97,23022.22,completed
3975,9,3,2,2,2025-12-01,818.3,14.11,43299.9,completed
3976,9,14,2,1,2025-11-29,848.9,14.08,47573.48,completed
3977,9,4,1,2,2025-12-04,144.5,3.93,17952.02,completed
3978,9,3,1,4,2025-12-11,154.9,3.68,20463.45,completed
3979,9,1,2,6,2025-12-17,865.4,13.73,51752.03,completed
3980,9,4,1,6,2025-12-02,149.1,3.98,20248.98,completed
3981,9,3,2,6,2025-11-20,847.6,15.75,43807.5,completed
3982,9,1,1,7,2025-12-04,148.5,3.3,17734.5,completed
3983,9,1,2,8,2025-11-28,858.6,13.76,55714.21,completed
3984,9,14,1,6,2025-12-04,143.2,3.48,18627.21,completed
3985,9,14,2,2,2025-12-02,809.2,14.86,45735.58,completed
3986,9,5,1,7,2025-12-16,146.3,3.43,15141.01,completed
3987,9,1,2,4,2025-12-12,790.3,12.88,58031.35,completed
3988,9,5,1,8,2025-12-07,145.5,4.0,19911.39,completed
3989,9,3,1,1,2025-12-09,153.3,3.28,22539.11,completed
3990,9,3,2,8,2025-12-05,827.9,15.72,49764.94,completed
3991,9,4,2,6,2025-11-23,804.6,14.08,43012.67,completed
3992,9,14,2,5,2025-11-28,837.9,14.01,37843.4,completed
3993,9,2,2,4,2025-11-22,844.5,13.13,54741.96,completed
3994,9,4,1,6,2025-12-10,147.7,3.89,18603.95,completed
3995,9,2,1,8,2025-12-15,147.2,3.39,18877.15,completed
3996,9,4,2,8,2025-12-17,844.5,15.72,50295.25,completed
3997,9,4,2,4,2025-12-03,846.3,14.38,54752.45,completed
3998,9,3,2,8,2025-12-14,852.7,13.91,50987.09,completed
3999,9,14,2,5,2025-11-26,858.2,15.1,43704.42,completed
4000,9,2,1,6,2025-12-03,152.3,3.92,19844.64,completed
4001,9,4,1,4,2025-12-31,148.9,3.4,21586.03,completed
4002,9,1,2,3,2026-01-15,827.3,12.88,49414.23,completed
4003,9,2,2,6,2025-12-28,814.8,14.25,43359.12,completed
4004,9,1,1,4,2026-01-07,152.3,3.71,22119.1,completed
4005,9,14,1,5,2025-12-20,146.1,3.46,17017.04,completed
4006,9,14,1,4,2025-12-28,145.7,3.61,22701.56,completed
4007,9,3,2,7,2025-12-26,803.5,13.3,40265.71,completed
4008,9,4,1,7,2025-12-20,154.1,3.74,17068.75,completed
4009,9,3,1,1,2026-01-02,155.4,3.79,18831.18,completed
4010,9,14,1,1,2025-12-26,149.3,3.81,22099.49,completed
4011,9,1,2,7,2025-12-21,852.0,14.36,42411.66,completed
4012,9,1,2,6,2025-12-21,845.2,13.71,47700.0,completed
4013,9,3,1,8,2025-12-31,145.2,3.42,20111.48,completed
4014,9,1,2,7,2026-01-04,842.3,14.39,42767.83,completed
4015,9,14,1,5,2026-01-02,146.7,3.74,16813.88,completed
4016,9,14,2,3,2026-01-07,819.4,13.07,44808.25,completed
4017,9,5,2,6,2026-01-06,832.2,14.77,46068.06,completed
4018,9,14,2,3,2025-12-26,788.8,13.23,51514.2,completed
4019,9,4,1,8,2026-01-17,140.9,3.39,19537.44,completed
4020,9,5,2,4,2026-01-05,864.4,12.83,53493.43,completed
4021,9,1,1,6,2025-12-25,148.5,3.48,20320.03,completed
4022,9,3,2,8,2026-01-02,806.2,14.67,54781.88,completed
4023,9,4,1,5,2026-01-11,145.6,3.38,16838.21,completed
4024,9,2,2,5,2025-12-19,838.8,13.59,37656.18,completed
4025,9,14,1,3,2025-12-26,147.7,3.35,20968.59,completed
4026,9,5,2,2,2026-01-17,846.6,15.61,45623.67,completed
4027,9,4,2,5,2026-01-03,805.4,15.99,38575.65,completed
4028,9,5,2,2,2026-01-09,800.2,14.4,40756.59,completed
4029,9,4,1,5,2026-01-12,152.7,3.46,15481.13,completed
4030,9,14,2,3,2025-12-22,838.5,13.8,49502.95,completed
4031,9,14,1,5,2026-01-16,155.0,3.95,16635.04,completed
4032,9,3,2,6,2026-01-13,862.1,15.63,47427.94,completed
4033,9,3,2,8,2026-01-12,806.4,13.32,52263.23,completed
4034,9,3,1,4,2026-01-05,149.1,3.63,22874.8,completed
4035,9,2,1,1,2026-01-05,144.4,3.49,18981.4,completed
4036,9,14,2,3,2026-01-07,802.9,15.8,54395.44,completed
4037,9,5,1,6,2026-01-02,144.2,3.82,19824.45,completed
4038,9,2,1,2,2025-12-21,142.9,3.94,17440.2,completed
4039,9,1,2,2,2025-12-28,795.8,13.47,45415.1,completed
4040,9,3,2,6,2025-12-25,867.5,13.72,50547.81,completed
4041,9,1,1,4,2026-02-12,140.8,3.54,20897.38,completed
4042,9,1,1,2,2026-02-06,151.6,3.47,19126.16,completed
4043,9,3,2,6,2026-02-01,858.2,14.11,46369.04,completed
4044,9,3,2,6,2026-01-21,850.1,13.24,49925.16,completed
4045,9,4,1,3,2026-02-06,149.4,3.45,21264.66,completed
4046,9,3,1,7,2026-02-08,149.7,3.79,15241.68,completed
4047,9,4,1,1,2026-01-21,151.7,4.01,22526.87,completed
4048,9,1,2,2,2026-01-19,862.2,15.57,46905.62,completed
4049,9,14,1,3,2026-01-26,151.6,3.5,18392.34,completed
4050,9,5,1,7,2026-02-16,150.8,3.7,15387.75,completed
4051,9,14,2,6,2026-01-30,853.4,15.52,44136.22,completed
4052,9,1,2,3,2026-02-03,811.0,14.61,46571.78,completed
4053,9,1,1,1,2026-01-29,142.7,3.85,21075.67,completed
4054,9,2,2,8,2026-02-11,840.6,12.77,47281.02,completed
4055,9,2,1,3,2026-01-18,150.2,3.56,18045.56,completed
4056,9,5,2,6,2026-02-02,809.6,13.27,49470.9,completed
4057,9,2,2,2,2026-02-06,813.0,13.25,42162.84,completed
4058,9,14,1,6,2026-02-03,152.5,3.17,20353.73,completed
4059,9,1,1,7,2026-02-12,144.9,3.18,16233.18,completed
4060,9,1,1,5,2026-01-31,153.1,3.93,16974.84,completed
4061,9,4,2,8,2026-02-09,868.7,12.75,55926.13,completed
4062,9,1,1,5,2026-02-07,151.4,3.59,16073.6,completed
4063,9,14,2,7,2026-01-26,796.3,13.96,39120.44,completed
4064,9,2,2,7,2026-01-25,829.3,14.38,41703.27,completed
4065,9,3,2,7,2026-01-31,864.1,14.75,43220.39,completed
4066,9,2,1,2,2026-01-30,141.4,3.72,17940.95,completed
4067,9,1,1,1,2026-01-21,153.4,3.64,22034.76,completed
4068,9,4,1,5,2026-02-13,150.4,3.54,16351.35,completed
4069,9,2,1,1,2026-02-03,145.5,3.81,18780.34,completed
4070,9,14,2,6,2026-01-25,867.4,14.59,47818.13,completed
4071,9,5,2,2,2026-02-09,810.0,15.43,45673.8,completed
4072,9,2,1,6,2026-01-27,148.9,3.66,18675.09,completed
4073,9,4,1,7,2026-01-24,152.7,3.44,17096.38,completed
4074,9,14,1,3,2026-02-10,140.7,3.64,19423.66,completed
4075,9,3,2,7,2026-01-30,800.9,15.72,43149.78,completed
4076,9,2,2,3,2026-02-03,848.0,15.75,53643.35,completed
4077,9,2,1,4,2026-01-25,141.2,3.94,21185.18,completed
4078,9,5,2,7,2026-02-10,866.7,14.08,39900.38,completed
4079,9,5,2,8,2026-01-18,821.6,13.73,52160.95,completed
4080,9,3,1,8,2026-02-10,145.4,3.65,19516.84,completed
4081,9,1,2,3,2026-02-24,805.2,15.88,48197.69,completed
4082,9,14,2,6,2026-03-14,838.3,13.16,49226.18,completed
4083,9,5,2,5,2026-03-11,811.4,15.98,39819.95,completed
4084,9,5,1,5,2026-03-01,155.1,3.29,16655.88,completed
4085,9,1,2,6,2026-03-15,798.3,14.76,49595.41,completed
4086,9,3,2,7,2026-02-27,839.4,13.84,39284.95,completed
4087,9,3,2,2,2026-03-13,814.3,12.99,44698.69,completed
4088,9,5,2,8,2026-03-08,866.1,12.63,50282.59,completed
4089,9,3,1,4,2026-03-12,143.3,3.88,21753.77,completed
4090,9,1,2,4,2026-02-19,815.7,14.26,57147.85,completed
4091,9,3,1,3,2026-02-21,144.8,3.62,18361.6,completed
4092,9,14,1,5,2026-03-08,146.2,3.63,14996.33,completed
4093,9,14,2,7,2026-03-11,795.4,14.82,37832.1,completed
4094,9,1,1,5,2026-03-14,154.1,3.63,15113.89,completed
4095,9,2,1,6,2026-03-03,146.1,3.92,19836.5,completed
4096,9,14,2,7,2026-03-04,817.2,13.51,38289.58,completed
4097,9,3,2,1,2026-02-24,862.6,12.74,52866.58,completed
4098,9,3,2,8,2026-03-18,870.7,14.82,53558.42,completed
4099,9,2,1,8,2026-02-18,151.7,3.5,20939.15,completed
4100,9,1,2,2,2026-03-08,847.5,15.47,45129.46,completed
4101,9,4,2,7,2026-03-12,845.2,15.41,42632.28,completed
4102,9,2,2,1,2026-02-19,867.3,15.99,55919.68,completed
4103,9,1,1,4,2026-03-10,145.6,3.43,21722.51,completed
4104,9,2,1,2,2026-03-01,144.4,3.97,16283.49,completed
4105,9,4,2,7,2026-03-09,812.5,13.98,41679.78,completed
4106,9,4,2,1,2026-03-15,843.8,15.73,50347.08,completed
4107,9,4,1,2,2026-03-04,141.6,3.65,16952.06,completed
4108,9,1,2,5,2026-03-14,853.3,13.79,38610.77,completed
4109,9,3,1,7,2026-03-08,148.3,3.74,16770.04,completed
4110,9,14,1,6,2026-03-07,147.1,3.53,18808.78,completed
4111,9,5,2,6,2026-03-17,790.1,13.74,42871.82,completed
4112,9,14,2,4,2026-03-15,870.2,14.11,52228.31,completed
4113,9,1,2,8,2026-02-27,855.0,13.21,54702.36,completed
4114,9,5,1,1,2026-02-25,153.3,3.2,21903.02,completed
4115,9,3,2,4,2026-03-16,806.0,14.68,50126.92,completed
4116,9,1,2,2,2026-03-10,798.7,13.77,39538.04,completed
4117,9,4,2,8,2026-03-16,812.4,15.96,48261.28,completed
4118,9,14,1,2,2026-02-25,147.8,3.3,18063.47,completed
4119,9,5,2,8,2026-02-27,797.1,13.8,50022.57,completed
4120,9,1,2,5,2026-03-01,861.2,13.91,40435.34,completed
4121,9,2,1,6,2026-03-26,148.5,4.0,20263.46,completed
4122,9,14,2,1,2026-04-11,868.8,13.8,52828.15,completed
4123,9,3,2,8,2026-04-17,842.8,14.01,51046.18,completed
4124,9,14,1,5,2026-04-08,143.5,3.3,14836.21,completed
4125,9,4,1,5,2026-03-19,147.5,3.37,15424.27,completed
4126,9,3,2,2,2026-04-11,844.1,14.31,47635.06,completed
4127,9,1,1,5,2026-04-05,145.3,3.45,15580.8,completed
4128,9,4,1,4,2026-03-28,151.9,3.18,21182.34,completed
4129,9,2,2,1,2026-04-07,796.9,12.87,55349.69,completed
4130,9,14,2,1,2026-04-15,797.2,15.22,47186.17,completed
4131,9,5,2,8,2026-04-13,836.2,14.31,52522.18,completed
4132,9,5,2,3,2026-03-29,796.6,15.76,47765.09,completed
4133,9,14,1,2,2026-04-13,152.6,3.36,16919.1,completed
4134,9,4,2,8,2026-04-09,871.4,15.37,48478.36,completed
4135,9,3,2,4,2026-04-16,818.1,14.45,56226.34,completed
4136,9,4,2,1,2026-03-20,799.5,14.48,51501.56,completed
4137,9,2,2,2,2026-03-26,856.6,15.24,46085.55,completed
4138,9,3,1,2,2026-03-25,147.5,3.9,15813.09,completed
4139,9,14,1,8,2026-03-28,144.0,3.5,22353.51,completed
4140,9,4,1,6,2026-04-10,149.0,3.54,19927.75,completed
4141,9,5,1,5,2026-03-19,152.0,4.0,15088.3,completed
4142,9,4,1,1,2026-04-09,152.5,3.83,21708.57,completed
4143,9,5,2,6,2026-04-14,856.9,14.4,43974.32,completed
4144,9,14,2,3,2026-04-01,849.0,15.43,47005.71,completed
4145,9,2,2,2,2026-04-16,851.9,13.97,43527.21,completed
4146,9,2,1,2,2026-04-09,143.5,3.85,16095.8,completed
4147,9,14,1,5,2026-04-09,153.4,3.85,14993.12,completed
4148,9,5,1,2,2026-04-03,148.7,3.86,18395.52,completed
4149,9,5,1,6,2026-04-15,155.1,3.81,18167.19,completed
4150,9,14,2,5,2026-04-08,864.4,15.05,38337.9,completed
4151,9,14,1,6,2026-04-14,144.8,3.22,18208.36,completed
4152,9,1,1,6,2026-03-25,147.3,3.6,18454.14,completed
4153,9,2,1,6,2026-03-20,152.8,3.71,17788.97,completed
4154,9,4,1,4,2026-04-14,146.9,3.41,23696.45,completed
4155,9,4,1,5,2026-03-21,150.5,3.3,15294.43,completed
4156,9,14,1,5,2026-04-04,144.2,3.38,15241.93,completed
4157,9,1,1,2,2026-03-24,148.6,3.95,17189.48,completed
4158,9,1,1,4,2026-04-04,152.1,3.96,21655.38,completed
4159,9,1,2,8,2026-04-11,870.8,14.91,51775.14,completed
4160,9,1,2,7,2026-04-05,827.1,13.11,39394.87,completed
4161,9,4,2,1,2026-05-01,845.7,12.83,53577.97,completed
4162,9,1,2,3,2026-05-03,811.9,14.43,46112.65,completed
4163,9,14,2,1,2026-04-27,820.9,14.61,47847.96,completed
4164,9,14,1,4,2026-04-23,145.0,3.44,21244.32,completed
4165,9,5,2,5,2026-05-01,797.6,14.75,39899.58,completed
4166,9,3,2,1,2026-05-10,851.0,14.73,56197.53,completed
4167,9,3,1,7,2026-05-13,141.1,3.64,17621.95,completed
4168,9,2,2,1,2026-04-27,856.1,16.09,48136.01,completed
4169,9,1,2,1,2026-05-05,860.2,14.56,47496.33,completed
4170,9,4,1,4,2026-05-05,146.4,3.99,20179.65,completed
4171,9,2,2,5,2026-04-21,865.0,12.83,43863.28,completed
4172,9,14,1,7,2026-04-22,145.6,3.3,17566.58,completed
4173,9,2,1,3,2026-04-21,151.5,3.81,19541.15,completed
4174,9,3,2,6,2026-05-04,860.3,15.85,42623.89,completed
4175,9,3,1,4,2026-05-05,148.1,3.41,20564.75,completed
4176,9,4,1,1,2026-04-29,153.7,3.44,20576.42,completed
4177,9,3,1,8,2026-04-28,146.2,3.34,22119.57,completed
4178,9,1,2,2,2026-05-16,795.3,12.76,40539.46,completed
4179,9,5,1,3,2026-04-25,149.1,3.47,18612.22,completed
4180,9,2,2,1,2026-04-28,860.1,14.19,55176.93,completed
4181,9,1,2,8,2026-05-15,790.7,12.71,50886.43,completed
4182,9,1,2,8,2026-05-16,794.6,13.49,51776.36,completed
4183,9,3,2,1,2026-04-20,809.5,15.43,56789.72,completed
4184,9,2,2,4,2026-05-02,810.0,15.25,53089.75,completed
4185,9,4,2,7,2026-05-02,824.7,12.81,44620.91,completed
4186,9,2,2,5,2026-04-27,867.7,15.55,38753.58,completed
4187,9,1,2,4,2026-05-08,851.6,12.76,57190.85,completed
4188,9,3,1,3,2026-05-06,151.7,3.78,21000.95,completed
4189,9,4,2,6,2026-05-16,871.0,13.79,51786.23,completed
4190,9,5,1,5,2026-04-26,153.3,3.66,17340.26,completed
4191,9,1,2,4,2026-05-05,817.1,12.67,49911.49,completed
4192,9,2,2,5,2026-05-03,837.8,15.57,36559.64,completed
4193,9,4,2,5,2026-05-01,797.2,12.78,42828.93,completed
4194,9,3,2,7,2026-05-16,812.6,15.2,41160.67,completed
4195,9,4,2,6,2026-04-22,854.1,13.13,47360.91,completed
4196,9,3,2,4,2026-05-04,866.8,14.98,52575.37,completed
4197,9,5,1,1,2026-05-04,150.7,3.61,19783.02,completed
4198,9,1,2,7,2026-05-14,848.6,15.15,41030.09,completed
4199,9,1,1,7,2026-04-24,154.4,3.83,16696.54,completed
4200,9,5,2,1,2026-05-12,861.8,15.72,55741.13,completed
4201,9,4,2,6,2026-05-19,805.5,14.58,49677.41,completed
4202,9,4,2,3,2026-05-25,837.4,15.68,49582.76,completed
4203,9,14,2,2,2026-06-12,867.0,15.26,39865.46,completed
4204,9,2,2,2,2026-06-04,802.8,14.91,44313.96,completed
4205,9,5,1,7,2026-06-15,143.1,3.33,17141.46,completed
4206,9,14,1,4,2026-06-11,152.3,3.34,20612.85,completed
4207,9,3,1,5,2026-05-30,146.5,3.77,14530.98,completed
4208,9,5,1,7,2026-05-26,150.7,3.15,17322.95,completed
4209,9,2,2,3,2026-05-28,861.5,13.73,48993.79,completed
4210,9,1,1,5,2026-05-22,144.2,3.78,16083.79,completed
4211,9,4,1,1,2026-06-14,144.4,3.93,22620.38,completed
4212,9,5,2,5,2026-06-02,816.8,12.97,42410.57,completed
4213,9,2,1,5,2026-05-29,145.2,3.28,15583.25,completed
4214,9,2,1,6,2026-06-01,155.3,4.0,18560.54,completed
4215,9,1,2,6,2026-06-02,869.1,14.08,47789.89,completed
4216,9,1,2,7,2026-06-08,807.5,14.67,38922.42,completed
4217,9,1,1,3,2026-05-25,154.2,3.18,21383.84,completed
4218,9,5,1,6,2026-05-30,154.3,3.98,20655.65,completed
4219,9,5,1,8,2026-06-03,143.0,3.92,21541.75,completed
4220,9,14,2,4,2026-05-20,801.6,13.68,51637.99,completed
4221,9,2,2,7,2026-06-05,827.8,14.93,44219.78,completed
4222,9,3,2,5,2026-05-21,808.0,15.26,39577.01,completed
4223,9,1,1,8,2026-05-18,151.0,3.31,19694.24,completed
4224,9,3,2,5,2026-06-08,866.4,13.11,36783.13,completed
4225,9,1,1,1,2026-06-10,145.9,3.47,22401.0,completed
4226,9,4,2,2,2026-05-26,839.9,14.9,43729.32,completed
4227,9,3,1,1,2026-05-30,153.5,3.43,20436.79,completed
4228,9,3,1,2,2026-05-23,150.7,3.54,17060.25,completed
4229,9,1,2,3,2026-05-25,821.6,14.28,53261.21,completed
4230,9,14,2,5,2026-06-04,855.3,13.31,43632.58,completed
4231,9,2,2,8,2026-06-15,834.6,13.99,48355.09,completed
4232,9,1,1,7,2026-06-12,144.4,3.54,15261.27,completed
4233,9,2,1,4,2026-05-30,144.6,3.73,21671.65,completed
4234,9,5,2,2,2026-06-07,796.4,12.75,43124.88,completed
4235,9,4,1,7,2026-06-06,155.0,3.74,18232.72,completed
4236,9,3,1,3,2026-05-20,141.3,3.89,20128.61,completed
4237,9,2,1,6,2026-05-25,142.8,3.64,17867.47,completed
4238,9,5,1,5,2026-06-07,151.8,3.66,17192.75,completed
4239,9,3,1,2,2026-06-04,149.9,3.48,19003.92,completed
4240,9,1,2,2,2026-05-31,855.1,14.86,46446.11,completed
4241,9,5,1,5,2026-06-22,154.0,3.56,17586.66,completed
4242,9,14,2,5,2026-07-14,854.2,13.68,37035.44,completed
4243,9,5,1,5,2026-07-12,144.1,3.51,15961.36,completed
4244,9,3,2,3,2026-07-06,865.3,13.43,45442.36,completed
4245,9,3,1,3,2026-07-07,155.1,3.84,20143.09,completed
4246,9,2,2,8,2026-07-11,824.5,15.36,55357.39,completed
4247,9,3,2,3,2026-06-26,813.9,14.8,46549.12,completed
4248,9,5,2,5,2026-07-15,829.6,14.71,39860.8,completed
4249,9,4,2,6,2026-06-20,822.2,15.09,45714.93,completed
4250,9,5,2,4,2026-07-14,792.1,13.15,56253.97,completed
4251,9,3,1,4,2026-07-16,140.9,3.41,21882.54,completed
4252,9,5,2,8,2026-07-14,792.7,12.71,50200.88,completed
4253,9,1,1,5,2026-07-06,150.9,3.57,14669.97,completed
4254,9,2,2,7,2026-06-26,822.2,15.03,44731.61,completed
4255,9,3,1,3,2026-06-25,154.3,3.34,20217.69,completed
4256,9,5,1,1,2026-07-11,154.8,3.96,19062.47,completed
4257,9,14,1,2,2026-06-27,144.2,3.98,16164.96,completed
4258,9,2,1,8,2026-07-13,145.2,3.21,19114.94,completed
4259,9,4,2,6,2026-07-05,789.6,12.64,51688.27,completed
4260,9,2,1,5,2026-07-16,143.9,4.01,16419.64,completed
4261,9,3,2,8,2026-06-22,833.2,13.45,47538.68,completed
4262,9,14,2,7,2026-06-30,828.4,14.27,45002.81,completed
4263,9,2,1,6,2026-07-14,152.3,3.3,19259.59,completed
4264,9,4,1,5,2026-07-10,146.6,3.16,16962.62,completed
4265,9,5,1,3,2026-07-05,141.2,4.0,17923.6,completed
4266,9,3,1,7,2026-07-13,141.6,3.89,16476.6,completed
4267,9,2,2,5,2026-07-01,809.2,15.18,40188.51,completed
4268,9,3,2,6,2026-07-08,847.8,13.59,51392.32,completed
4269,9,4,1,2,2026-07-06,142.7,3.77,17362.65,completed
4270,9,4,1,7,2026-06-28,144.6,3.65,17667.92,completed
4271,9,2,1,5,2026-07-08,149.3,3.39,16304.59,completed
4272,9,14,1,3,2026-06-28,147.5,3.76,18553.16,completed
4273,9,2,2,8,2026-06-24,857.1,12.95,54369.77,completed
4274,9,1,1,4,2026-07-16,144.7,3.37,21654.15,completed
4275,9,2,1,1,2026-06-24,142.1,3.31,20470.25,completed
4276,9,3,2,8,2026-06-17,833.2,13.27,52392.92,completed
4277,9,1,2,3,2026-06-24,792.2,15.81,46934.93,completed
4278,9,2,2,1,2026-06-24,815.6,15.47,55316.99,completed
4279,9,3,2,2,2026-06-28,859.8,12.79,41942.17,completed
4280,9,3,2,1,2026-06-21,842.3,15.0,48360.79,completed
4281,9,4,2,6,2026-07-26,837.8,13.15,43197.9,completed
4282,9,2,2,2,2026-07-27,855.0,12.72,41144.97,completed
4283,9,5,2,2,2026-07-19,856.8,15.16,46464.91,completed
4284,9,3,2,1,2026-08-08,849.0,13.69,54500.18,completed
4285,9,5,2,2,2026-08-08,797.6,15.02,46725.78,completed
4286,9,4,2,6,2026-07-20,821.1,15.39,50974.59,completed
4287,9,3,1,3,2026-07-30,153.0,3.53,18837.0,completed
4288,9,1,2,3,2026-08-07,833.0,13.88,51295.5,completed
4289,9,3,2,4,2026-07-21,853.2,14.2,49004.36,completed
4290,9,1,1,6,2026-07-26,145.3,3.64,17591.53,completed
4291,9,14,2,6,2026-08-06,825.5,15.67,46494.25,completed
4292,9,14,2,4,2026-07-23,823.6,15.8,56432.0,completed
4293,9,1,1,1,2026-07-18,144.8,3.81,19038.02,completed
4294,9,14,1,1,2026-07-23,147.8,3.6,21205.37,completed
4295,9,1,1,4,2026-07-25,153.9,3.72,23035.83,completed
4296,9,5,2,4,2026-08-02,868.8,14.26,50141.36,completed
4297,9,5,2,2,2026-08-12,865.9,15.86,45078.84,completed
4298,9,14,1,6,2026-07-18,146.3,4.02,19507.97,completed
4299,9,4,1,7,2026-07-22,140.8,3.98,16711.85,completed
4300,9,1,2,3,2026-08-09,834.5,14.96,50984.97,completed
4301,9,2,2,8,2026-08-06,806.0,14.07,47898.34,completed
4302,9,5,1,8,2026-07-24,151.1,3.18,21339.32,completed
4303,9,4,1,1,2026-08-05,153.7,3.82,20554.84,completed
4304,9,14,2,2,2026-07-25,812.1,14.52,42137.03,completed
4305,9,1,2,8,2026-07-25,810.4,12.72,49882.11,completed
4306,9,5,2,7,2026-08-02,825.8,12.84,43436.28,completed
4307,9,1,2,8,2026-07-19,817.9,12.76,50264.41,completed
4308,9,2,2,7,2026-07-26,850.8,14.36,39492.22,completed
4309,9,5,2,4,2026-08-15,848.2,13.07,50496.38,completed
4310,9,3,2,7,2026-08-10,808.4,14.24,44000.02,completed
4311,9,2,2,8,2026-07-17,796.8,14.33,52836.53,completed
4312,9,5,2,2,2026-08-11,823.0,13.9,40521.76,completed
4313,9,1,2,3,2026-08-13,810.3,12.8,45678.19,completed
4314,9,3,2,5,2026-07-27,793.3,13.8,36337.22,completed
4315,9,14,1,1,2026-08-04,148.7,3.33,21148.21,completed
4316,9,14,2,7,2026-07-31,830.8,13.07,39392.07,completed
4317,9,4,2,2,2026-07-23,854.8,15.3,39237.67,completed
4318,9,14,1,4,2026-07-18,149.2,3.4,19681.03,completed
4319,9,5,2,3,2026-07-26,807.3,12.66,50787.93,completed
4320,9,4,2,2,2026-08-04,841.9,13.7,44047.23,completed
4321,10,9,4,7,2025-08-25,280.9,5.22,16513.09,completed
4322,10,7,3,7,2025-08-25,231.9,4.42,13484.29,completed
4323,10,6,4,1,2025-08-26,268.0,5.26,19057.46,completed
4324,10,8,4,1,2025-09-02,279.6,6.12,21595.07,completed
4325,10,8,3,3,2025-08-23,233.4,4.88,17161.88,completed
4326,10,15,4,2,2025-09-17,288.6,5.65,17666.85,completed
4327,10,6,3,6,2025-09-03,222.4,4.66,15531.27,completed
4328,10,7,3,3,2025-09-08,233.6,4.38,15391.55,completed
4329,10,15,4,8,2025-08-22,277.7,5.22,20556.06,completed
4330,10,7,3,6,2025-09-05,228.9,4.67,15494.4,completed
4331,10,8,4,5,2025-08-25,271.4,6.29,14367.94,completed
4332,10,15,3,5,2025-09-07,225.8,4.13,14369.84,completed
4333,10,9,4,4,2025-08-23,268.1,6.25,20667.76,completed
4334,10,7,3,1,2025-09-02,236.1,4.96,18047.92,completed
4335,10,15,4,2,2025-09-14,283.1,4.96,16356.24,completed
4336,10,8,3,1,2025-09-04,239.7,5.03,18924.83,completed
4337,10,15,3,2,2025-09-15,224.3,4.4,15445.99,completed
4338,10,8,4,3,2025-09-13,282.7,5.87,19601.76,completed
4339,10,6,3,5,2025-08-22,223.2,4.15,12711.21,completed
4340,10,6,3,2,2025-09-17,234.5,4.17,16028.39,completed
4341,10,6,3,6,2025-09-12,225.0,4.77,16485.86,completed
4342,10,8,4,1,2025-08-30,281.1,5.52,20387.88,completed
4343,10,9,4,1,2025-09-04,285.5,5.64,18945.0,completed
4344,10,6,3,2,2025-08-27,240.2,4.45,13420.29,completed
4345,10,8,4,5,2025-09-05,288.4,5.58,14719.06,completed
4346,10,6,4,5,2025-10-04,267.7,5.25,16630.09,completed
4347,10,8,4,5,2025-10-09,284.2,6.28,16317.4,completed
4348,10,15,4,1,2025-09-27,269.9,5.26,19549.77,completed
4349,10,7,4,2,2025-10-16,294.0,5.05,17670.44,completed
4350,10,7,4,1,2025-09-25,289.7,5.43,20289.82,completed
4351,10,8,3,1,2025-10-05,230.6,4.15,18906.64,completed
4352,10,6,3,2,2025-10-07,236.4,4.38,14871.72,completed
4353,10,8,3,3,2025-09-27,230.4,4.37,16286.6,completed
4354,10,9,3,5,2025-09-29,230.7,4.72,14677.33,completed
4355,10,15,4,5,2025-09-28,280.1,6.19,15965.35,completed
4356,10,6,3,7,2025-09-20,242.8,4.56,15300.3,completed
4357,10,6,4,1,2025-10-04,293.8,6.13,20535.52,completed
4358,10,15,4,6,2025-10-19,272.5,5.23,18008.42,completed
4359,10,15,3,8,2025-09-23,242.0,4.55,15775.06,completed
4360,10,6,4,1,2025-09-28,271.7,5.08,21070.09,completed
4361,10,6,4,5,2025-10-15,290.8,5.53,15455.87,completed
4362,10,7,4,4,2025-09-27,281.5,5.86,22240.94,completed
4363,10,8,4,6,2025-09-25,294.6,5.61,17704.67,completed
4364,10,7,3,4,2025-10-01,221.4,5.1,17282.62,completed
4365,10,15,3,5,2025-10-12,234.9,4.48,14263.67,completed
4366,10,7,4,6,2025-10-13,270.1,5.97,18292.87,completed
4367,10,7,4,8,2025-09-23,273.0,5.73,22216.92,completed
4368,10,7,4,7,2025-09-28,287.1,5.16,16495.24,completed
4369,10,15,3,6,2025-10-02,243.9,4.32,16973.58,completed
4370,10,9,3,8,2025-10-07,223.5,4.84,16947.2,completed
4371,10,15,3,5,2025-10-26,242.2,4.59,14247.69,completed
4372,10,6,4,8,2025-11-02,277.2,5.83,18219.55,completed
4373,10,8,4,4,2025-11-03,270.3,5.94,21990.96,completed
4374,10,8,4,3,2025-10-20,289.8,5.72,19236.15,completed
4375,10,8,3,6,2025-11-01,226.2,4.72,15213.56,completed
4376,10,6,4,1,2025-10-29,284.6,5.4,21261.74,completed
4377,10,7,4,1,2025-11-08,274.0,5.13,21487.12,completed
4378,10,9,3,7,2025-11-12,224.9,4.41,14171.12,completed
4379,10,6,3,6,2025-11-08,230.4,4.11,17182.97,completed
4380,10,6,3,2,2025-11-10,222.6,4.97,15361.82,completed
4381,10,9,4,2,2025-10-22,279.9,5.72,18414.49,completed
4382,10,7,4,2,2025-10-22,267.0,5.87,18446.62,completed
4383,10,15,3,4,2025-11-16,244.0,4.99,17498.13,completed
4384,10,9,3,7,2025-10-24,243.1,4.13,13093.49,completed
4385,10,15,4,5,2025-10-23,291.9,6.3,15892.24,completed
4386,10,8,3,7,2025-10-30,223.0,4.21,14565.46,completed
4387,10,7,3,3,2025-10-20,238.8,4.64,16334.82,completed
4388,10,6,4,5,2025-11-04,284.9,5.81,15544.14,completed
4389,10,7,3,1,2025-10-26,239.2,4.83,17122.43,completed
4390,10,9,4,4,2025-11-05,292.6,5.79,20190.14,completed
4391,10,9,3,7,2025-11-02,240.8,4.22,13308.91,completed
4392,10,7,3,4,2025-10-30,242.3,4.22,16904.13,completed
4393,10,6,4,8,2025-10-25,283.9,5.58,19734.54,completed
4394,10,7,4,6,2025-11-18,272.1,5.8,17546.26,completed
4395,10,8,4,5,2025-11-10,288.3,5.29,15976.4,completed
4396,10,15,4,7,2025-11-22,291.8,5.05,17699.59,completed
4397,10,6,3,4,2025-12-02,235.4,4.63,17332.54,completed
4398,10,9,4,8,2025-11-21,275.9,5.43,21596.08,completed
4399,10,7,3,7,2025-12-13,232.5,4.74,13887.57,completed
4400,10,15,3,6,2025-11-22,221.7,4.87,16435.89,completed
4401,10,9,4,4,2025-11-24,272.0,5.95,19875.64,completed
4402,10,6,4,7,2025-11-25,276.1,5.36,15306.46,completed
4403,10,15,3,3,2025-11-29,235.8,4.69,16115.41,completed
4404,10,7,4,8,2025-12-12,292.7,5.74,20037.15,completed
4405,10,15,4,8,2025-11-29,268.8,6.27,21283.64,completed
4406,10,9,3,5,2025-11-27,223.1,4.59,13954.6,completed
4407,10,9,3,7,2025-11-19,233.6,4.22,13154.19,completed
4408,10,9,4,7,2025-12-16,269.9,5.45,16246.56,completed
4409,10,7,4,3,2025-11-25,267.4,5.01,17810.81,completed
4410,10,6,4,4,2025-12-12,286.6,5.74,23455.76,completed
4411,10,15,3,5,2025-11-23,226.5,5.07,13494.36,completed
4412,10,6,3,2,2025-12-17,238.0,4.64,14490.33,completed
4413,10,9,3,3,2025-11-26,244.2,4.91,17351.4,completed
4414,10,7,4,6,2025-11-24,270.7,5.04,16857.99,completed
4415,10,15,4,1,2025-11-28,280.2,6.09,19100.01,completed
4416,10,7,3,7,2025-12-04,231.4,5.05,14254.43,completed
4417,10,6,4,6,2025-11-24,287.5,5.44,19186.9,completed
4418,10,6,3,1,2025-11-30,222.1,4.18,18765.65,completed
4419,10,7,4,5,2025-11-23,271.8,5.9,15686.92,completed
4420,10,9,3,4,2025-11-19,224.5,4.32,20023.15,completed
4421,10,15,3,3,2025-12-26,242.4,4.8,14978.18,completed
4422,10,7,3,5,2026-01-02,226.1,4.18,13008.63,completed
4423,10,15,4,3,2025-12-19,270.1,5.52,21088.8,completed
4424,10,6,4,4,2026-01-01,289.0,5.79,22992.91,completed
4425,10,6,4,5,2025-12-26,267.0,5.46,14977.46,completed
4426,10,6,4,2,2025-12-31,277.9,5.75,15843.2,completed
4427,10,15,3,1,2025-12-28,238.5,4.67,16692.71,completed
4428,10,6,3,6,2026-01-03,224.7,5.11,15546.06,completed
4429,10,15,3,1,2025-12-23,224.1,4.06,16712.12,completed
4430,10,15,3,7,2026-01-06,231.0,4.87,15272.41,completed
4431,10,8,3,2,2026-01-14,229.1,4.23,13588.93,completed
4432,10,7,3,3,2026-01-09,234.2,4.1,17607.25,completed
4433,10,9,3,8,2026-01-08,229.5,4.35,16437.15,completed
4434,10,9,3,5,2025-12-31,229.3,5.03,12587.11,completed
4435,10,6,3,6,2026-01-12,224.0,4.42,14593.41,completed
4436,10,8,3,6,2026-01-04,240.8,4.57,16428.69,completed
4437,10,6,3,7,2025-12-26,231.7,4.65,12775.15,completed
4438,10,6,3,4,2025-12-27,229.7,5.07,19704.16,completed
4439,10,6,3,8,2026-01-14,222.9,5.05,17256.27,completed
4440,10,7,4,3,2026-01-07,273.1,6.27,21588.79,completed
4441,10,8,4,5,2026-01-07,268.2,5.96,17119.03,completed
4442,10,9,4,7,2025-12-29,283.8,6.3,16292.12,completed
4443,10,7,3,2,2026-01-13,235.2,4.67,14424.78,completed
4444,10,8,3,5,2026-01-02,224.7,5.03,13226.16,completed
4445,10,6,4,2,2025-12-31,283.0,6.18,15502.1,completed
4446,10,6,4,8,2026-02-12,291.6,5.86,21254.81,completed
4447,10,6,3,3,2026-02-11,230.2,4.64,15651.06,completed
4448,10,6,4,1,2026-02-16,274.6,5.54,20649.73,completed
4449,10,15,3,3,2026-02-07,233.4,4.74,16890.68,completed
4450,10,9,3,1,2026-01-26,223.8,4.18,17042.12,completed
4451,10,15,3,8,2026-02-15,235.2,4.57,18339.94,completed
4452,10,6,4,7,2026-02-16,290.8,5.24,17406.49,completed
4453,10,7,4,6,2026-02-03,285.0,6.25,18216.41,completed
4454,10,15,4,2,2026-02-11,288.8,6.28,18142.04,completed
4455,10,7,4,7,2026-01-19,292.1,4.96,17171.3,completed
4456,10,7,3,8,2026-02-02,235.7,5.15,17406.18,completed
4457,10,8,4,5,2026-02-01,285.0,5.3,16497.53,completed
4458,10,6,4,5,2026-02-14,279.6,5.75,17385.49,completed
4459,10,7,3,7,2026-01-30,242.9,4.37,14330.19,completed
4460,10,9,3,5,2026-02-13,234.6,4.83,13072.62,completed
4461,10,7,3,5,2026-01-28,242.8,4.29,13678.72,completed
4462,10,9,4,1,2026-02-12,288.9,6.28,21028.43,completed
4463,10,9,4,6,2026-02-03,292.9,5.63,19679.69,completed
4464,10,9,4,2,2026-02-02,294.9,5.25,17312.81,completed
4465,10,9,4,1,2026-02-13,272.9,6.32,22466.88,completed
4466,10,9,3,8,2026-01-30,242.8,4.77,15717.82,completed
4467,10,6,3,6,2026-02-07,232.8,4.65,16240.49,completed
4468,10,7,4,3,2026-01-24,286.9,5.39,18466.31,completed
4469,10,7,3,4,2026-01-31,235.4,4.2,18513.44,completed
4470,10,7,4,1,2026-01-25,295.0,5.14,18891.09,completed
4471,10,7,4,6,2026-02-22,275.8,5.87,18565.0,completed
4472,10,8,4,2,2026-03-08,274.3,5.9,17051.86,completed
4473,10,7,3,3,2026-02-24,232.7,4.38,15859.74,completed
4474,10,15,4,1,2026-02-24,275.8,5.42,21458.35,completed
4475,10,7,4,1,2026-02-18,270.1,5.3,18701.47,completed
4476,10,8,3,7,2026-02-25,239.8,4.68,15157.54,completed
4477,10,6,4,7,2026-03-13,282.4,5.29,15353.78,completed
4478,10,9,3,3,2026-03-10,239.7,5.0,17405.12,completed
4479,10,9,4,1,2026-03-12,292.4,5.18,20201.66,completed
4480,10,6,3,4,2026-02-28,228.0,4.68,17801.42,completed
4481,10,6,4,4,2026-03-18,277.3,6.07,20480.32,completed
4482,10,6,4,6,2026-02-21,272.9,5.41,20477.9,completed
4483,10,9,3,8,2026-03-04,235.5,4.81,18024.69,completed
4484,10,7,3,4,2026-03-04,244.3,4.7,17887.9,completed
4485,10,9,3,5,2026-02-18,225.5,4.88,12196.32,completed
4486,10,15,3,7,2026-03-01,244.3,4.99,14554.96,completed
4487,10,7,4,1,2026-03-10,268.7,5.56,19289.6,completed
4488,10,9,4,1,2026-02-20,284.0,5.54,20418.66,completed
4489,10,6,4,1,2026-02-27,271.8,5.03,21325.96,completed
4490,10,8,3,5,2026-03-08,231.5,4.59,12206.91,completed
4491,10,9,3,2,2026-02-22,234.2,4.27,15237.66,completed
4492,10,15,3,4,2026-03-12,240.9,4.88,18708.54,completed
4493,10,15,3,7,2026-02-21,241.2,4.3,12858.84,completed
4494,10,7,4,2,2026-02-22,268.1,5.03,18667.86,completed
4495,10,15,3,3,2026-02-24,231.7,4.36,17138.84,completed
4496,10,8,4,1,2026-03-28,276.1,5.96,21088.03,completed
4497,10,15,4,3,2026-04-17,278.2,5.16,18261.58,completed
4498,10,7,3,2,2026-04-01,234.2,5.06,15960.25,completed
4499,10,9,4,7,2026-03-30,276.1,5.97,16484.37,completed
4500,10,9,4,8,2026-03-19,278.7,5.9,21611.17,completed
4501,10,8,3,7,2026-04-02,236.0,5.08,12979.16,completed
4502,10,8,4,3,2026-04-02,282.4,5.91,18545.51,completed
4503,10,15,4,8,2026-04-16,267.3,4.95,20364.55,completed
4504,10,8,4,7,2026-04-03,288.7,5.02,16368.51,completed
4505,10,7,4,2,2026-04-16,281.0,5.57,17617.9,completed
4506,10,7,3,5,2026-03-31,239.9,4.2,13524.46,completed
4507,10,6,3,7,2026-04-10,230.1,4.18,14340.37,completed
4508,10,8,3,1,2026-03-25,223.1,4.63,18698.35,completed
4509,10,8,4,1,2026-03-31,278.1,5.66,21533.61,completed
4510,10,9,3,2,2026-03-31,232.3,5.03,14006.25,completed
4511,10,7,4,2,2026-04-02,272.3,5.12,17507.03,completed
4512,10,7,3,5,2026-04-05,226.9,4.47,13961.39,completed
4513,10,9,4,2,2026-04-13,283.2,5.07,15562.18,completed
4514,10,15,4,1,2026-04-02,286.7,5.6,18544.18,completed
4515,10,6,4,8,2026-03-30,280.4,5.84,18885.46,completed
4516,10,8,3,8,2026-03-20,226.6,5.15,16371.53,completed
4517,10,15,4,8,2026-03-31,271.2,6.2,20027.6,completed
4518,10,6,4,2,2026-03-29,269.5,6.22,18856.62,completed
4519,10,9,3,1,2026-03-20,232.9,4.88,18522.56,completed
4520,10,6,3,3,2026-03-30,229.5,4.38,15128.68,completed
4521,10,7,4,3,2026-05-10,271.9,5.06,20374.14,completed
4522,10,8,3,8,2026-05-16,235.4,4.35,17532.73,completed
4523,10,7,4,6,2026-05-15,276.0,6.14,19091.2,completed
4524,10,8,4,5,2026-05-14,276.7,5.48,16739.69,completed
4525,10,6,4,3,2026-04-27,274.9,5.43,18018.19,completed
4526,10,8,3,8,2026-04-19,239.7,5.01,18616.59,completed
4527,10,7,3,4,2026-05-02,244.3,4.91,19809.65,completed
4528,10,9,4,7,2026-05-11,289.0,5.79,16715.53,completed
4529,10,9,4,2,2026-05-12,290.5,5.39,18659.55,completed
4530,10,9,4,2,2026-04-27,268.3,5.45,17562.41,completed
4531,10,15,4,7,2026-05-04,274.6,5.79,15086.0,completed
4532,10,8,3,4,2026-05-04,227.9,4.1,17854.48,completed
4533,10,8,4,8,2026-04-26,282.8,5.74,19533.04,completed
4534,10,7,4,4,2026-04-26,273.8,5.15,20985.0,completed
4535,10,6,4,2,2026-05-16,286.4,5.03,15901.65,completed
4536,10,15,4,2,2026-04-26,278.9,5.65,16913.63,completed
4537,10,7,4,4,2026-04-20,290.2,5.52,20420.44,completed
4538,10,9,3,1,2026-05-11,236.5,4.83,18101.61,completed
4539,10,7,3,1,2026-04-22,231.1,4.22,17969.86,completed
4540,10,6,4,3,2026-04-28,275.3,6.09,21038.06,completed
4541,10,15,4,2,2026-04-22,290.9,6.06,18835.74,completed
4542,10,15,4,5,2026-05-11,279.5,5.48,16038.76,completed
4543,10,15,4,3,2026-04-25,293.9,5.61,21367.94,completed
4544,10,7,4,8,2026-04-20,269.2,5.2,19256.26,completed
4545,10,8,4,1,2026-04-29,284.4,6.18,21830.03,completed
4546,10,9,4,8,2026-06-06,281.5,5.8,21913.79,completed
4547,10,8,4,8,2026-05-27,281.4,6.16,19323.1,completed
4548,10,7,4,2,2026-05-26,292.7,6.22,15514.87,completed
4549,10,9,3,4,2026-06-15,237.5,5.13,19734.99,completed
4550,10,9,4,3,2026-05-28,268.7,5.91,20298.71,completed
4551,10,9,3,5,2026-06-15,235.4,4.17,12788.63,completed
4552,10,8,4,5,2026-06-02,278.8,6.03,16243.11,completed
4553,10,6,4,7,2026-06-16,294.5,5.51,17748.94,completed
4554,10,7,4,3,2026-06-09,291.3,5.04,21313.38,completed
4555,10,9,4,1,2026-05-28,281.5,6.14,21058.57,completed
4556,10,9,3,2,2026-05-19,224.4,4.77,13498.26,completed
4557,10,7,4,4,2026-05-19,279.3,5.88,20293.07,completed
4558,10,15,4,2,2026-05-31,271.5,5.36,17689.95,completed
4559,10,7,4,7,2026-06-14,289.6,5.13,15032.58,completed
4560,10,15,3,4,2026-06-09,234.0,4.26,16446.63,completed
4561,10,9,4,1,2026-05-31,286.5,5.36,18852.28,completed
4562,10,9,4,7,2026-05-25,276.1,6.1,15991.38,completed
4563,10,7,3,1,2026-06-07,237.2,4.25,18659.41,completed
4564,10,7,3,2,2026-06-16,237.8,4.48,15047.21,completed
4565,10,15,3,6,2026-05-26,242.8,4.73,15491.88,completed
4566,10,15,4,3,2026-06-03,294.9,6.11,21191.37,completed
4567,10,6,4,8,2026-05-28,273.8,5.87,18819.01,completed
4568,10,6,3,8,2026-06-12,241.5,4.29,17906.4,completed
4569,10,7,3,1,2026-06-14,230.2,4.54,17189.09,completed
4570,10,9,4,3,2026-06-16,280.5,5.49,21121.15,completed
4571,10,7,4,6,2026-07-02,280.0,5.47,17387.23,completed
4572,10,7,3,4,2026-06-17,242.6,4.55,18237.2,completed
4573,10,9,3,5,2026-06-19,221.5,4.25,14693.5,completed
4574,10,8,3,4,2026-07-07,240.3,4.9,18701.62,completed
4575,10,7,4,8,2026-06-27,271.8,6.26,21797.43,completed
4576,10,9,3,8,2026-07-07,222.2,4.34,17838.83,completed
4577,10,15,3,6,2026-06-28,232.3,4.12,16491.72,completed
4578,10,7,3,8,2026-07-10,240.6,4.24,17572.61,completed
4579,10,6,4,8,2026-06-26,289.1,5.01,21063.45,completed
4580,10,8,3,6,2026-06-27,230.9,4.73,15175.84,completed
4581,10,9,3,8,2026-07-07,223.8,4.52,15528.81,completed
4582,10,15,3,6,2026-06-30,241.5,4.5,16276.02,completed
4583,10,15,4,4,2026-06-29,294.7,5.42,22997.97,completed
4584,10,8,3,5,2026-07-03,242.3,4.89,13925.02,completed
4585,10,7,4,8,2026-06-23,272.0,6.12,18953.65,completed
4586,10,15,3,5,2026-07-06,233.8,5.08,13007.02,completed
4587,10,6,4,1,2026-07-08,292.0,5.28,22029.38,completed
4588,10,15,4,6,2026-07-13,290.6,6.27,19067.54,completed
4589,10,6,4,5,2026-07-02,284.8,5.77,15633.8,completed
4590,10,6,3,1,2026-06-21,222.4,5.02,18971.44,completed
4591,10,6,3,1,2026-06-24,233.1,4.15,18195.33,completed
4592,10,15,4,3,2026-06-24,278.9,5.81,18664.36,completed
4593,10,6,4,2,2026-07-04,293.6,5.45,17820.56,completed
4594,10,9,3,4,2026-06-25,226.0,4.5,19446.33,completed
4595,10,9,3,3,2026-07-02,239.2,4.13,15519.99,completed
4596,10,8,4,7,2026-08-05,284.4,5.59,16247.89,completed
4597,10,9,4,6,2026-07-27,284.1,5.46,18975.89,completed
4598,10,8,4,1,2026-07-27,273.7,5.82,22225.16,completed
4599,10,9,3,2,2026-07-20,229.8,5.05,13990.94,completed
4600,10,15,4,2,2026-07-24,293.4,5.9,17650.43,completed
4601,10,7,3,6,2026-08-11,243.3,5.06,17211.83,completed
4602,10,9,3,2,2026-08-06,241.7,4.74,14028.75,completed
4603,10,8,3,2,2026-08-12,232.8,4.85,15761.0,completed
4604,10,6,4,3,2026-08-11,289.1,5.86,18494.37,completed
4605,10,15,4,7,2026-08-14,272.6,5.66,15689.71,completed
4606,10,6,3,5,2026-07-23,229.8,5.02,14332.52,completed
4607,10,7,3,2,2026-08-09,241.8,4.37,16006.81,completed
4608,10,9,3,4,2026-07-24,240.8,4.93,17449.33,completed
4609,10,7,4,2,2026-08-11,290.1,6.19,17968.3,completed
4610,10,8,4,3,2026-08-01,283.3,5.03,19937.77,completed
4611,10,9,3,5,2026-08-05,223.4,4.95,14576.39,completed
4612,10,8,3,3,2026-07-26,223.4,5.06,16321.43,completed
4613,10,7,3,2,2026-08-11,243.8,5.15,13997.48,completed
4614,10,9,4,6,2026-07-19,283.8,5.89,17604.77,completed
4615,10,9,4,3,2026-07-30,269.4,5.63,19840.23,completed
4616,10,6,4,3,2026-08-10,267.7,5.18,18148.37,completed
4617,10,15,3,4,2026-07-19,222.3,4.38,20015.49,completed
4618,10,7,4,1,2026-08-05,283.9,5.71,20697.61,completed
4619,10,9,3,7,2026-07-26,225.0,4.18,14802.23,completed
4620,10,15,3,1,2026-07-21,226.4,4.41,15925.9,completed
